candidate_id	candidate	references	source_file_count	likely_structural	sample_locations
multipass	Multipass	179	166	no	pages/Chromakey (Chroma Key).md:6; pages/Clean Plate.md:5; pages/Clean Plate.md:6; pages/Cloud Rendering.md:6; pages/Color Grading.md:5
motion-control	Motion control	149	138	no	pages/Analog.md:6; pages/Automation.md:10; pages/Camera Move.md:6; pages/Camera Shake.md:6; pages/Damping (Motion Control).md:6
lighting	Lighting	108	107	no	pages/Additive Color.md:7; pages/Aerial Perspective.md:6; pages/Atmosphere.md:10; pages/Backscatter (Lighting Effect).md:6; pages/Balance (White Balance).md:6
stop-motion	Stop-motion	108	108	no	pages/Animator.md:6; pages/Brick Film (Lego Animation).md:6; pages/Cel Animation.md:6; pages/Go Motion.md:9; pages/Hand Crank Camera.md:7
stop-motion-workflow	Stop-motion workflow	87	87	no	pages/Playback monitor.md:13; pages/Pop (exposure or audio spike).md:13; pages/Pre-production.md:13; pages/Quad rig (multi-cam mount).md:7; pages/Quad split (monitoring).md:13
miniature-photography	Miniature photography	76	76	no	logseq/.recycle/pages_Rackover (lens alignment).md:7; pages/Quirky lens (toy lens aesthetic).md:7; pages/Quotidian imagery (everyday objects in animation).md:7; pages/rackover.md:7; pages/Rag (lighting diffusion).md:7
rigging	Rigging	53	52	no	pages/Apple Box.md:6; pages/Armature.md:6; pages/Arrangement Drawing.md:6; pages/Articulation.md:6; pages/Boom Arm.md:9
hybrid-workflow	Hybrid Workflow	29	22	no	pages/CGI (Computer-Generated Imagery).md:6; pages/Chromakey (Chroma Key).md:6; pages/Cloth Simulation.md:6; pages/Cloud Rendering.md:5; pages/Cloud Rendering.md:6
vfx	VFX	29	29	no	pages/Background Plate.md:6; pages/Open matte.md:13; pages/Optical illusion (animation___VFX).md:7; pages/Optical printer.md:5; pages/Orthographic view (animation___3D).md:5
storyboards	Storyboards	27	22	no	pages/Color Script.md:6; pages/Color Script.md:11; pages/Coverage (Film Coverage).md:5; pages/Coverage (Film Coverage).md:6; pages/Design Bible.md:6
lens-calibration	Lens Calibration	26	19	no	pages/Conversion Lens.md:12; pages/Distortion (Lens).md:6; pages/Effective Focal Length (EFL).md:5; pages/Effective Focal Length (EFL).md:6; pages/Embedded Metadata (EXIF, IPTC).md:5
puppet-fabrication	Puppet Fabrication	26	26	no	pages/Epoxy Putty (Puppet Fabrication).md:5; pages/Full-Scale Puppet.md:7; pages/Glass Fiber Reinforced Puppet.md:7; pages/Gore-Tex Puppet Joint (Fabrication Trick).md:7; pages/Guide Puppet (Animation Planning).md:7
sound-design	Sound design	25	25	no	pages/Atmosphere.md:10; pages/Audiovisual.md:6; pages/Dialogue Editing.md:12; pages/Echo (Sound Effect).md:6; pages/Foley Sound.md:7
film-stock	Film stock	24	24	no	pages/ASA (Film Speed).md:6; pages/Emulsion (Film Stock).md:6; pages/Exposure Latitude.md:6; pages/Film Grain (Texture or Effect).md:7; pages/Film Speed (ISO___ASA).md:7
key-light	Key light	24	23	no	pages/Ambient Light.md:6; pages/Backlight.md:6; pages/Bounce Light.md:6; pages/Broad Light.md:6; pages/Butterfly Lighting.md:6
pipeline	Pipeline	24	23	no	pages/ACEScg.md:12; pages/Amortization.md:6; pages/Animatic.md:6; pages/Automation.md:10; pages/Availability.md:10
multipass-shooting	Multipass Shooting	22	22	no	pages/Keyer (chroma key tool).md:11; pages/Layer (compositing).md:11; pages/Layered set (stop-motion staging).md:12; pages/Lens breathing.md:11; pages/Level (tripod___rig tool).md:12
rig-removal	Rig removal	22	19	no	pages/Cast Shadow.md:6; pages/CGI (Computer-Generated Imagery).md:6; pages/Chromakey (Chroma Key).md:6; pages/Clean Plate.md:5; pages/Clean Plate.md:6
framing	Framing	21	20	no	pages/Aspect Ratio.md:6; pages/Bust Shot.md:6; pages/Center of Interest.md:6; pages/Close-Up.md:6; pages/Composition (Visual Framing).md:6
camera-alignment	Camera alignment	19	18	no	pages/Outtake.md:14; pages/Overhang (set building).md:5; pages/Perspective grid.md:13; pages/Quick frame (single test frame).md:7; pages/Rack focus.md:5
playback	Playback	19	19	no	pages/Clip (Film Clip).md:6; pages/Compression (Video Compression).md:6; pages/Dailies.md:6; pages/Dead Frame.md:6; pages/Double-Frame (On Twos).md:6
camera	Camera	18	18	no	pages/Animation Camera.md:6; pages/Conversion Lens.md:6; pages/Deep Focus.md:6; pages/Dictionary Term Template.md:9; pages/Lens cap.md:11
set-design	Set design	18	18	no	pages/Arrangement Drawing.md:6; pages/Assemblage.md:6; pages/Backlot Set.md:6; pages/Bigature.md:6; pages/Cyclorama (Cyc).md:6
stop-motion-cinematography	Stop-motion cinematography	18	18	no	pages/Piggyback rig (camera mounting).md:13; pages/Point of view shot (POV).md:13; pages/Q-beam (lighting term).md:13; pages/Quadcopter (drone cinematography).md:7; pages/Quadratic falloff (light physics).md:13
composition	Composition	17	17	no	pages/Action Line.md:6; pages/Aspect Ratio.md:6; pages/Bust Shot.md:6; pages/Center of Interest.md:6; pages/Chiaroscuro.md:6
performance	Performance	17	15	no	pages/Animism.md:6; pages/Business (Animation Action).md:6; pages/Character Animation.md:6; pages/Crowd Simulation.md:6; pages/Cycle (Animation Cycle).md:6
cg-integration	CG integration	16	15	no	pages/Rack focus.md:5; pages/Rack focus.md:19; pages/Render farm.md:7; pages/Render pass.md:7; pages/rendering.md:7
foley	Foley	16	16	no	pages/Buzz Track (Sound).md:6; pages/Dual-System Sound.md:6; pages/Echo (Sound Effect).md:6; pages/Event Cue (Sound ___ Music).md:6; pages/Post sync (ADR).md:13
timecode	Timecode	16	12	no	pages/Burn-In (Image Burn or Overlay).md:6; pages/Burnt-In Timecode.md:6; pages/Dual-System Sound.md:5; pages/Dual-System Sound.md:6; pages/Genlock (Synchronization).md:7
focal-length	Focal Length	15	14	no	pages/Conversion Lens.md:6; pages/Deep Focus.md:6; pages/Depth of Field.md:5; pages/Depth of Field.md:6; pages/Distortion (Lens).md:6
practical-effects	Practical effects	15	15	no	pages/Bigature.md:6; pages/Cloth Simulation.md:6; pages/Evaporation Effect (Practical FX).md:6; pages/Fire Effect (Practical or VFX).md:7; pages/Fog Machine.md:7
storyboarding	Storyboarding	15	15	no	pages/Hook (Narrative Device).md:10; pages/Iconography (Visual Symbolism).md:10; pages/Inciting Incident (Storytelling).md:10; pages/MacGuffin (storytelling term).md:11; pages/Narration.md:9
cgi	CGI	14	14	no	pages/Atlas (Texture Atlas).md:6; pages/Base Mesh (CG Model Base).md:6; pages/model sheet.md:7; pages/Neutral balance (white balance).md:7; pages/Neutral gray card (exposure).md:7
storyboard	Storyboard	14	14	no	pages/Animatic.md:6; pages/Dope Sheet (Exposure Sheet, X-Sheet).md:6; pages/Mock-up (previsualization).md:9; pages/Notation (storyboard___score).md:10; pages/Overhead shot.md:6
matchmoving	Matchmoving	13	12	no	pages/CGI (Computer-Generated Imagery).md:6; pages/Control Point (Tracking).md:6; pages/Conversion Lens.md:12; pages/Distortion (Lens).md:5; pages/Distortion (Lens).md:6
matte	Matte	13	12	no	pages/Acetate.md:6; pages/Automask.md:6; pages/Edge Blend.md:6; pages/Element (Compositing Element).md:6; pages/Garbage Matte.md:7
camera-rig	Camera Rig	12	12	no	pages/Downshooter (Animation Stand).md:6; pages/Gantry (Camera Support).md:7; pages/Grip (Crew).md:7; pages/Gyro Stabilizer.md:10; pages/K-rig (camera rig shorthand).md:11
puppet	Puppet	11	11	no	pages/Armature.md:6; pages/Articulation.md:6; pages/Assemblage.md:6; pages/Ball-and-Socket Armature.md:6; pages/Brick Film (Lego Animation).md:6
experimental-animation	Experimental animation	10	10	no	pages/Boil (Animation Boil).md:6; pages/Boiling Line (Hand-Drawn Animation Effect).md:8; pages/Elastic Stop-Motion (Experimental Style).md:6; pages/Kinetic art (animation influence).md:11; pages/Kinetic typography.md:11
optical-printing	Optical Printing	10	9	no	pages/Evaporation Effect (Practical FX).md:6; pages/Fade In ___ Fade Out.md:5; pages/Fade In ___ Fade Out.md:6; pages/Lap dissolve.md:11; pages/Main title (sequence).md:9
replacement-animation	Replacement Animation	10	9	no	pages/Elastic Stop-Motion (Experimental Style).md:6; pages/Expression Control (Rigging___CG).md:6; pages/Expression Control (Rigging___CG).md:11; pages/Hand Puppet.md:7; pages/Head Replacement (Animation Technique).md:10
resolution	Resolution	10	10	no	pages/Alias (Aliasing).md:6; pages/Anti-aliasing.md:6; pages/ATSC Standard.md:6; pages/DPI (Dots Per Inch).md:6; pages/Interference Pattern (Moire).md:11
animation-principles	Animation principles	9	9	no	pages/Arc.md:6; pages/Ease In ___ Ease Out (Animation Curves).md:6; pages/Haptic Feedback (Animation Controls).md:10; pages/Illusion of Life (Disney Principles).md:10; pages/In-Betweening (Tweening).md:10
lensmap	LENSMap	9	6	no	pages/Effective Focal Length (EFL).md:9; pages/Embedded Metadata (EXIF, IPTC).md:5; pages/Embedded Metadata (EXIF, IPTC).md:6; pages/Lens breathing.md:9; pages/Lens test chart.md:8
lip-sync	Lip sync	9	9	no	pages/ADR (Automated Dialogue Replacement).md:6; pages/Animator.md:6; pages/Audio Sync.md:6; pages/Bar Sheet (Exposure Sheet).md:6; pages/Click Track.md:6
white-balance	White balance	9	7	no	pages/Brightness.md:6; pages/Color Balance.md:6; pages/Color Balance.md:11; pages/Color Grading.md:6; pages/Color Model (RGB, CMYK, YUV).md:10
miniature	Miniature	8	8	no	pages/Backlot Set.md:6; pages/Bigature.md:6; pages/Hollywood Flat (Set Construction).md:7; pages/IV (Intravenous Fake Tube, FX).md:11; pages/Kitbash (model___prop building).md:12
persistence-of-vision	Persistence of vision	8	8	no	pages/Afterimage.md:6; pages/Eadweard Muybridge (Historical Reference).md:6; pages/Flip Book Animation.md:7; pages/Frame rate.md:7; pages/Frame.md:7
practical-fx	Practical FX	8	8	no	pages/Heliodon (Sunlight Simulator).md:7; pages/Helium Balloon Light.md:7; pages/High-Speed Photography.md:10; pages/Homemade Rig (DIY Support).md:9; pages/Hyperspace Wipe (Transition Effect).md:10
timeline-editing	Timeline (Editing)	8	8	no	pages/Insert Edit (Editing).md:11; pages/Key symbol (storyboards).md:11; pages/Keyframe (animation).md:11; pages/Keyframing (digital animation).md:11; pages/L-cut (audio trail).md:11
blender	Blender	7	7	no	pages/Java-based render manager.md:11; pages/Mock-up (previsualization).md:7; pages/Orientation (camera alignment).md:14; pages/Orthographic view (animation___3D).md:9; pages/Output gamma.md:9
camera-angle	Camera Angle	7	7	no	pages/Eyelevel Shot.md:7; pages/False Perspective (Forced Perspective).md:11; pages/Nylon wire (puppet rigging).md:7; pages/Oblique angle (camera).md:9; pages/Perspective (drawing___camera).md:13
dope-sheet	Dope Sheet	7	6	no	pages/Click Track.md:6; pages/Dope Sheet (Exposure Sheet, X-Sheet).md:1; pages/Dope Sheet (Exposure Sheet, X-Sheet).md:5; pages/Exposure Sheet (X-Sheet, Dope Sheet).md:6; pages/Hold Pose.md:16
follow-through	Follow through	7	6	no	pages/Anticipation.md:6; pages/Arc.md:6; pages/Character Animation.md:6; pages/Drag (Animation Principle).md:5; pages/Drag (Animation Principle).md:6
image-sequences	Image Sequences	7	7	no	pages/Editing Suite.md:5; pages/Editing.md:5; pages/Editor’s Cut.md:5; pages/Embedded Metadata (EXIF, IPTC).md:5; pages/Encod­ing (Video Encoding).md:5
noise-digital-sensor	Noise (Digital Sensor)	7	5	no	pages/Film Grain (Texture or Effect).md:7; pages/Film Speed (ISO___ASA).md:5; pages/Film Speed (ISO___ASA).md:7; pages/Frame Averaging.md:7; pages/Gain (Signal___Exposure).md:5
props	Props	7	7	no	pages/Design Bible.md:6; pages/Dresser (Set Dresser).md:6; pages/Dry Brush (Texture Effect).md:6; pages/Epoxy Putty (Puppet Fabrication).md:6; pages/Greensperson (Set Dressing Crew).md:7
video-assist	Video Assist	7	7	no	pages/Horizontal Hold (Video Sync).md:11; pages/JVC (brand).md:11; pages/JVC GY-HD100 (example camera).md:11; pages/JVS connector.md:11; pages/LCD monitor.md:11
workflow	Workflow	7	7	yes	pages/Availability.md:10; pages/Behind the Scenes.md:6; pages/Bin (Editing).md:6; pages/Import (Data___Asset).md:11; pages/Iteration (Creative Process).md:11
blocking	Blocking	6	6	no	pages/Previsualization (previs).md:13; pages/Quadrant (storyboard or screen division).md:13; pages/Screen direction.md:7; pages/Screen left ___ screen right.md:7; pages/Upstage (blocking term).md:18
camera-calibration	Camera Calibration	6	5	no	pages/Geometric Distortion (Lens).md:10; pages/Key stop (aperture marking).md:11; pages/L-mount (Leica___Panasonic lens mount).md:11; pages/Large format camera.md:11; pages/Large format camera.md:41
chroma-key	Chroma key	6	5	no	pages/Blue Screen.md:6; pages/Edge Blend.md:6; pages/Feathering (Mask or Light).md:7; pages/Feathering (Mask or Light).md:11; pages/Mask (compositing).md:9
exposure-sheet-x-sheet	Exposure Sheet (X-Sheet)	6	4	no	pages/Click Track.md:5; pages/Click Track.md:6; pages/Continuity.md:5; pages/Event Cue (Sound ___ Music).md:5; pages/Event Cue (Sound ___ Music).md:6
flag-lighting	Flag (Lighting)	6	6	no	pages/Gobo (Go-Between Object).md:9; pages/Grid (Lighting Accessory).md:7; pages/Light spill.md:11; pages/Lighting stand.md:11; pages/Negative fill (lighting control).md:9
key-pose	Key pose	6	5	no	pages/Blocking (Animation).md:10; pages/Blocking Pass (Rough Animation Pass).md:6; pages/Breakdown Drawing.md:6; pages/Flip Book Animation.md:5; pages/Flip Book Animation.md:7
lens-distortion	Lens Distortion	6	6	no	pages/Kit lens.md:11; pages/Lens adapter.md:11; pages/Lens test chart.md:12; pages/lens.md:12; pages/Quirky lens (toy lens aesthetic).md:7
mood	Mood	6	6	no	pages/Atmosphere.md:10; pages/Chiaroscuro.md:6; pages/Color Script.md:6; pages/Convention (Genre Convention).md:6; pages/Dapple Lighting.md:6
multi-pass-shooting	Multi-pass shooting	6	6	no	pages/Mixed media animation.md:9; pages/Motion control (MoCo).md:6; pages/Narrow angle lens.md:15; pages/Nodal point (lens).md:5; pages/Nodal slide (camera rig).md:6
on-twos	On Twos	6	5	no	pages/Frame Averaging.md:14; pages/Frame Blending.md:7; pages/Frame Blending.md:13; pages/Frame rate.md:7; pages/Frame.md:7
perspective-projection	Perspective Projection	6	5	no	pages/Isometric Projection.md:11; pages/Isometric Projection.md:18; pages/Keystone effect.md:11; pages/Keystoning correction.md:11; pages/Neutral plane (perspective drawing).md:9
previsualization	Previsualization	6	6	no	pages/Animatic.md:6; pages/Board (Storyboards).md:6; pages/Mock-up (previsualization).md:9; pages/Orthographic view (animation___3D).md:6; pages/Pilot (test episode___short).md:13
production-pipeline	Production Pipeline	6	5	no	pages/End Credits.md:6; pages/Episodic Production.md:5; pages/Episodic Production.md:6; pages/EULA (End User License Agreement).md:6; pages/Job sheet (production).md:11
stop-motion-production	Stop-motion production	6	6	no	pages/Pick-up shot.md:13; pages/Pilot (test episode___short).md:13; pages/Post-production.md:13; pages/Quartermaster (prop___wardrobe role, historical).md:13; pages/Quick change (costume___prop).md:13
texture-painting	Texture Painting	6	6	no	pages/Dry Brush (Texture Effect).md:6; pages/Kitbash (model___prop building).md:12; pages/Makeup effects (FX).md:9; pages/Mat (set building material).md:9; pages/Material library (3D ___ VFX).md:9
wire-armature	Wire armature	6	6	no	pages/Armature.md:6; pages/Ball-and-Socket Armature.md:6; pages/Hair Rig (Puppet Rigging).md:10; pages/Iron Armature.md:11; pages/IVC (In-Vitro Capture, Puppet Testing).md:11
zoom	Zoom	6	5	no	pages/Axial Cut.md:6; pages/Camera Move.md:6; pages/Dictionary — Z.md:26; pages/Dolly Zoom.md:5; pages/Dolly Zoom.md:6
2d-animation	2D Animation	5	5	no	pages/Cycle (Animation Cycle).md:5; pages/Dope Sheet (Exposure Sheet, X-Sheet).md:5; pages/model sheet.md:7; pages/Ones (animating on 1s).md:17; pages/Onion skinning.md:6
aliasing	Aliasing	5	4	no	pages/Artifact.md:6; pages/Artifact.md:9; pages/Jaggies (aliasing).md:11; pages/JPG compression artifact.md:11; pages/Nyquist frequency (sampling theory).md:9
animatics	Animatics	5	5	no	pages/Coverage (Film Coverage).md:5; pages/Opening shot.md:7; pages/Outline drawing (storyboard).md:5; pages/Pre-production.md:13; pages/Previsualization (previs).md:13
animation	Animation	5	5	no	pages/Animator.md:6; pages/Animism.md:6; pages/Optical illusion (animation___VFX).md:5; pages/Order of shots (storyboard).md:5; pages/Parallel action (editing).md:6
camera-framing	Camera Framing	5	5	no	pages/Dramatic Irony.md:12; pages/Graticule (Viewfinder Marking).md:7; pages/Guide Frame (Layout Reference).md:7; pages/Right of frame (composition).md:7; pages/Screen direction.md:7
character-design	Character Design	5	5	no	pages/Head Sculpt (Puppet Fabrication).md:10; pages/Model sheet (animation reference).md:7; pages/model sheet.md:9; pages/Quasi-realism (stylistic approach).md:7; pages/Uncanny valley (animation concept).md:18
contrast	Contrast	5	5	no	pages/Afterimage.md:6; pages/Brightness.md:6; pages/Bypass (Bleach Bypass Effect).md:6; pages/S-curve (tone___contrast).md:7; pages/Value (light___dark in composition).md:18
diegetic-sound	Diegetic Sound	5	4	no	pages/Foley Sound.md:7; pages/Non-diegetic sound.md:6; pages/Non-diegetic sound.md:9; pages/Non-synchronous sound.md:9; pages/Offscreen sound.md:9
exposure-sheet	Exposure sheet	5	4	no	pages/Cel Animation.md:6; pages/Numbering (frame count system).md:7; pages/Numbering (frame count system).md:19; pages/Oscilloscope (audio___video analysis).md:9; pages/Pencil test (2D animation).md:6
exr	EXR	5	5	no	pages/ACEScg.md:12; pages/Bit Depth.md:6; pages/Camera Raw.md:6; pages/Offline edit.md:5; pages/Output (render___export).md:5
grip	Grip	5	5	no	pages/Apple Box.md:6; pages/Boom Arm.md:9; pages/Boom Microphone.md:9; pages/Gaffer Tape.md:7; pages/Uprigger (grip role).md:18
interpolation	Interpolation	5	5	no	pages/Bezier Curve.md:6; pages/Clamp (Animation Curve).md:6; pages/Damping (Motion Control).md:6; pages/Ease Curve (Interpolation).md:6; pages/Graph Editor (Animation Curves).md:7
iso	ISO	5	5	no	pages/Aperture.md:6; pages/ASA (Film Speed).md:6; pages/Auto Exposure.md:6; pages/Exposure.md:7; pages/Readout noise (digital sensor).md:7
miniature-set	Miniature Set	5	5	no	pages/Four-Way Wedge (Set Building Tool).md:7; pages/Full-Scale Puppet.md:7; pages/Gauge (Film Gauge ___ Scale Reference).md:9; pages/Greensperson (Set Dressing Crew).md:7; pages/Quicksand effect (practical FX gag).md:7
miniatures	Miniatures	5	5	no	pages/False Perspective (Forced Perspective).md:6; pages/Industrial Light & Magic (ILM).md:10; pages/LIMNMEDIA Stop-Motion Wiki Overview.md:17; pages/Mat (set building material).md:9; pages/Material library (3D ___ VFX).md:9
mixing	Mixing	5	5	no	pages/Crossfade (Audio).md:6; pages/Dialogue Editing.md:12; pages/Jockey (sound mixer role).md:11; pages/Level (sound).md:11; pages/M&E track (music and effects).md:11
multi-pass	Multi-pass	5	5	no	pages/Background Plate.md:6; pages/Camouflage (Rig Paint-Out).md:6; pages/Parallax error (camera alignment).md:5; pages/Parallax.md:6; pages/Rashomon effect (narrative device).md:7
negative-cutting	Negative Cutting	5	5	no	pages/Key number (film edge code).md:11; pages/Lab roll (film processing).md:11; pages/Latent image (photography).md:11; pages/Leader (film strip head___tail).md:11; pages/Linear editing.md:11
nodal-point	Nodal Point	5	3	no	pages/Gimbal.md:17; pages/K-rig (camera rig shorthand).md:11; pages/Rack focus.md:5; pages/Rack focus.md:7; pages/Rack focus.md:18
optical-printing-historical	Optical Printing (Historical)	5	5	no	pages/Hyperspace Wipe (Transition Effect).md:10; pages/In-Camera Effect.md:10; pages/Ink & Paint.md:10; pages/Internegative (Film Term, Historical).md:10; pages/Interpositive (Film Term, Historical).md:10
set-construction	Set Construction	5	5	no	pages/Hollywood Flat (Set Construction).md:7; pages/IBC (Intermediate Bulk Container, Set Use).md:10; pages/Insulation Foam (Set___Puppet Material).md:12; pages/Isometric Projection.md:11; pages/Italian Matte (Painted Backdrop).md:11
smoke-effect	Smoke Effect	5	5	no	pages/Fire Effect (Practical or VFX).md:7; pages/Fog Machine.md:7; pages/FX (Special Effects).md:12; pages/FX Pass (Render Pass).md:7; pages/Gunshot Effect (Practical FX).md:7
sound-recording	sound recording	5	5	no	pages/Patch panel (studio wiring).md:5; pages/Phantom power (microphones).md:12; pages/Quiescent noise (low-level sound floor).md:7; pages/Quiet on set (call).md:7; pages/Radio mic.md:7
squash-and-stretch	Squash and stretch	5	5	no	pages/Anticipation.md:6; pages/Drag (Animation Principle).md:6; pages/Elastic Deformation (Rigging ___ CG).md:7; pages/Elastic Stop-Motion (Experimental Style).md:6; pages/Follow-Through (Animation Principle).md:7
stage	Stage	5	5	no	pages/Apple Box.md:6; pages/Backlot Set.md:6; pages/Closed Set.md:6; pages/Ground Plane (Reference in CG___Set).md:7; pages/Riser (set construction).md:7
synchronization	Synchronization	5	5	no	pages/Genlock (Synchronization).md:7; pages/Marker (slate ___ editing mark).md:9; pages/Score (music for film).md:7; pages/Scratch track (temp audio).md:7; pages/Unison (sound___music sync).md:18
telecine	Telecine	5	5	no	pages/Kinescope (TV recording).md:11; pages/Negative (film).md:9; pages/Newton rings (scanning artifact).md:9; pages/NTSC (video standard).md:10; pages/Numbering (frame count system).md:16
texture-mapping	Texture Mapping	5	5	no	pages/Gradient Map (Texture___Compositing).md:7; pages/Oblique lighting.md:6; pages/Photo-realism (CGI).md:13; pages/Photogrammetry.md:13; pages/Resolution (3D scan).md:7
visual-effects-vfx	Visual Effects (VFX)	5	5	no	pages/CGI (Computer-Generated Imagery).md:6; pages/Double Exposure.md:6; pages/Dynamic Simulation.md:6; pages/Library shot (stock footage).md:11; pages/Match move.md:9
after-effects	After Effects	4	4	no	pages/JavaScript (in VFX tools).md:11; pages/Overlay (graphics___compositing).md:9; pages/Overlay matte.md:10; pages/Plug-in (software add-on).md:13
atmospheric-perspective	Atmospheric Perspective	4	4	no	pages/Fog Machine.md:7; pages/Fog Pass (Depth___Atmosphere).md:7; pages/Gradient.md:7; pages/Landscape shot.md:11
c-stand	C-stand	4	4	no	pages/Boom Arm.md:9; pages/Boom Microphone.md:9; pages/Lighting stand.md:11; pages/Utility stand (lighting___grip).md:18
calibration	Calibration	4	4	no	pages/Back Focus.md:6; pages/Lens cap.md:11; pages/Lens test chart.md:12; pages/Metamerism (color science).md:9
camera-support	Camera Support	4	4	no	pages/Homemade Rig (DIY Support).md:9; pages/Manfrotto (tripod brand).md:9; pages/Pan bar (tripod control).md:3; pages/Rig (puppet___camera support).md:7
color-space	Color space	4	4	no	pages/ACEScg.md:12; pages/Gamut (Color Range).md:7; pages/Gamut Mapping.md:7; pages/Metadata (EXIF___IPTC).md:6
director	Director	4	3	no	pages/Auteur Theory.md:6; pages/Directing Animator.md:5; pages/Directing Animator.md:6; pages/Unit director.md:18
dope-sheet-x-sheet	Dope sheet (X-sheet)	4	3	no	pages/Non-synchronous sound.md:17; pages/Notation (storyboard___score).md:8; pages/Numbering (frame count system).md:6; pages/Numbering (frame count system).md:10
downshooter	Downshooter	4	3	no	pages/Animation Camera.md:6; pages/Animation Stand.md:6; pages/On-axis lighting.md:6; pages/On-axis lighting.md:12
fabrication	Fabrication	4	4	no	pages/Brush Pass (Texture Painting).md:6; pages/Epoxy Putty (Puppet Fabrication).md:6; pages/Interference Pattern (Moire).md:11; pages/Lightbox (animation).md:11
facial-animation	Facial Animation	4	4	no	pages/Expression Control (Rigging___CG).md:11; pages/Eye Blink (Animation Detail).md:6; pages/Lip sync (animation).md:11; pages/Uncanny valley (animation concept).md:18
film	Film	4	4	no	pages/Audiovisual.md:6; pages/Open matte.md:5; pages/Photographic emulsion.md:13; pages/Photographic grain.md:13
flicker	Flicker	4	4	no	pages/Boil (Animation Boil).md:6; pages/Dimmer Board.md:6; pages/Operator (camera role).md:14; pages/Overrun (production delay).md:10
frame-capture	Frame capture	4	4	no	pages/Animation Camera.md:6; pages/Animator.md:6; pages/Capture Card.md:6; pages/Raster (image grid).md:7
horizon-line	Horizon line	4	4	no	pages/Neutral plane (perspective drawing).md:9; pages/Perspective (drawing___camera).md:13; pages/Perspective grid.md:13; pages/Vanishing point (perspective).md:18
keyframe	Keyframe	4	4	no	pages/Clamp (Animation Curve).md:6; pages/Path animation (CGI).md:6; pages/Pencil test (2D animation).md:6; pages/Polish pass (animation refinement).md:13
layout	Layout	4	4	no	pages/Guide Frame (Layout Reference).md:7; pages/Hatch Marks (Shading ___ Layout).md:7; pages/Light table (cel animation).md:11; pages/Lightbox (animation).md:11
low-key-lighting	Low-key lighting	4	4	no	pages/Negative fill (lighting control).md:9; pages/Night-for-night (cinematography).md:9; pages/Noir lighting (chiaroscuro).md:7; pages/Oblique lighting.md:7
playback-animation-review	Playback (Animation Review)	4	4	no	pages/Frame Grabber (Capture Device).md:7; pages/Frame Store.md:7; pages/Freeze Frame.md:7; pages/Genlock (Synchronization).md:7
prop	Prop	4	4	no	pages/Urethane foam (set___prop material).md:18; pages/Utility knife (prop___set tool).md:18; pages/Utility room (studio facility).md:18; pages/Vacuum forming (prop___puppet fabrication).md:19
raw	RAW	4	4	no	pages/Bit Depth.md:6; pages/Bracketed Exposure.md:6; pages/Magic Lantern (Canon firmware add-on).md:10; pages/Negative (film).md:7
raw-format	RAW Format	4	4	no	pages/Dynamic Range.md:6; pages/Exposure Latitude.md:6; pages/Megapixel (digital camera resolution).md:9; pages/Memory card (media storage).md:9
registration	Registration	4	4	no	pages/Anchor Point.md:6; pages/Animation Stand.md:6; pages/Baseline.md:9; pages/Registration pegs (2D___puppet animation).md:7
scale	Scale	4	4	no	pages/Cast Shadow.md:6; pages/Noir lighting (chiaroscuro).md:16; pages/Perspective (drawing___camera).md:13; pages/Rack focus.md:5
scene	Scene	4	4	no	pages/Scene breakdown.md:7; pages/Screenplay.md:7; pages/Unit (production crew division).md:18; pages/Unit list (crew sheet).md:18
stop-motion-aesthetics	Stop-Motion Aesthetics	4	4	no	pages/LIMNMEDIA Stop-Motion Wiki Overview.md:27; pages/Quasi-realism (stylistic approach).md:7; pages/Radial symmetry (design).md:7; pages/Repetition (design principle).md:7
three-point-system	Three-point system	4	4	no	pages/Baseline.md:9; pages/Breathing (Lens Breathing).md:6; pages/Rack focus.md:5; pages/Rule of thirds.md:7
timing-animation	Timing (animation)	4	4	no	pages/Narrative beat (story timing).md:9; pages/Narrative rhythm (editing pace).md:9; pages/Ones (animating on 1s).md:9; pages/Onion skinning.md:7
virtual-production	Virtual production	4	3	no	pages/Dictionary — V.md:28; pages/Fisheye Lens.md:5; pages/Fisheye Lens.md:7; pages/Unity (game___animation engine).md:18
visual-storytelling	Visual storytelling	4	4	no	pages/Dictionary — V.md:35; pages/LIMNMEDIA Stop-Motion Wiki Overview.md:27; pages/Metaphor (film language).md:7; pages/Quotidian imagery (everyday objects in animation).md:7
walk-cycle	Walk Cycle	4	4	no	pages/Cycle (Animation Cycle).md:6; pages/Mexican loop (animation gag).md:7; pages/Panel (storyboard frame).md:10; pages/Quadruped animation (puppet walk cycles).md:7
waveform-monitor	Waveform monitor	4	3	no	pages/Dictionary — W.md:8; pages/Histogram.md:10; pages/Histogram.md:16; pages/Oscilloscope (audio___video analysis).md:15
wide-shot	Wide Shot	4	4	no	pages/Establishing Shot.md:6; pages/Extreme Long Shot (ELS).md:6; pages/Group Shot.md:7; pages/Observation shot.md:9
witness-camera	Witness camera	4	4	no	pages/Beam Splitter.md:6; pages/M-camera (multi-camera setup).md:11; pages/M___E bus (video switcher).md:10; pages/Machine vision (VFX ___ capture).md:12
180-degree-rule	180-degree rule	3	3	no	pages/Action Line.md:6; pages/Axis.md:10; pages/Camera Axis.md:6
alpha-channel	Alpha Channel	3	3	no	pages/Layer (compositing).md:11; pages/Layer mask.md:12; pages/Opacity (compositing).md:7
animation-workflow	Animation workflow	3	3	no	pages/Quill pen (animation inking).md:7; pages/Reboot (franchise___media).md:7; pages/Repetition (design principle).md:7
animators	Animators	3	3	no	pages/Dramatic Irony.md:5; pages/End Credits.md:5; pages/Overhang (set building).md:6
aperture-f-stop	Aperture (f-stop)	3	3	no	pages/Near focus limit (DOF).md:7; pages/Neutral density filter (ND).md:9; pages/Out of focus.md:7
archival-footage	Archival Footage	3	3	no	pages/Kinescope (TV recording).md:11; pages/Kodachrome.md:11; pages/Uncolorized (archival footage).md:18
asset-management	Asset Management	3	2	no	pages/Episodic Production.md:5; pages/Episodic Production.md:6; pages/Import (Data___Asset).md:11
back-light	Back Light	3	2	no	pages/Key (lighting).md:11; pages/Kick light.md:11; pages/Kick light.md:17
backdrop	Backdrop	3	3	no	pages/Cyclorama (Cyc).md:6; pages/Gradient.md:7; pages/Paramount lighting (butterfly lighting).md:13
bnc-connector	BNC Connector	3	2	no	pages/JVC (brand).md:11; pages/JVS connector.md:11; pages/JVS connector.md:17
camera-tracking	Camera Tracking	3	3	no	pages/Match move.md:9; pages/Overscan.md:6; pages/Parallax error (camera alignment).md:14
chroma-key-chroma-keying	Chroma Key (Chroma Keying)	3	2	no	pages/Garbage Matte.md:5; pages/Garbage Matte.md:7; pages/Green screen.md:7
cinematography	Cinematography	3	3	no	pages/Overtone montage.md:13; pages/Photographic grain.md:13; pages/Polarizer (lens filter).md:13
commercial-animation	Commercial Animation	3	3	no	pages/Ident (Broadcast ID Animation).md:10; pages/Key art (marketing imagery).md:12; pages/Kurtz & Friends (animation studio).md:11
concept-art	Concept Art	3	3	no	pages/Hatch Marks (Shading ___ Layout).md:7; pages/Key art (marketing imagery).md:17; pages/Quick sketch (concept art).md:7
copyright	Copyright	3	3	no	pages/Creative Commons.md:6; pages/EULA (End User License Agreement).md:6; pages/Usage rights (media law).md:18
crane-camera-support	Crane (Camera Support)	3	3	no	pages/Gantry (Camera Support).md:7; pages/Gimbal.md:11; pages/Grip (Crew).md:7
crew	Crew	3	3	no	pages/Below-the-Line.md:6; pages/Unit (production crew division).md:18; pages/Unit list (crew sheet).md:18
cucoloris-cookie	Cucoloris (Cookie)	3	1	no	pages/Gobo (Go-Between Object).md:5; pages/Gobo (Go-Between Object).md:9; pages/Gobo (Go-Between Object).md:16
depth-cues	Depth cues	3	3	no	pages/Aerial Perspective.md:6; pages/Linear perspective.md:11; pages/Negative space (composition).md:9
depth-of-field-dof	Depth of field (DOF)	3	2	no	pages/Near focus limit (DOF).md:3; pages/Near focus limit (DOF).md:9; pages/Objective lens (optics).md:7
diffusion	Diffusion	3	3	no	pages/Bounce Light.md:6; pages/Rag (lighting diffusion).md:7; pages/Reflector (lighting tool).md:7
dolly	Dolly	3	3	no	pages/Camera Move.md:6; pages/Pedestal (camera support move).md:6; pages/Piggyback rig (camera mounting).md:13
dope-sheets	Dope Sheets	3	3	no	pages/Directing Animator’s Notes.md:11; pages/In-Betweening (Tweening).md:7; pages/Jump frame.md:18
ease-in-ease-out	Ease In / Ease Out	3	3	no	pages/Clamp (Animation Curve).md:6; pages/Frame Blending.md:13; pages/Janky animation.md:8
edit	Edit	3	3	no	pages/Picture lock.md:13; pages/Uncut (editing term).md:18; pages/Uppercut (editing jump).md:18
expressionism	Expressionism	3	3	no	pages/Impressionism (Lighting___Design Influence).md:17; pages/Noir lighting (chiaroscuro).md:9; pages/Oblique angle (camera).md:9
exr-image-format	EXR (Image Format)	3	3	no	pages/JPEG (image format).md:11; pages/JPEG2000.md:11; pages/JPG compression artifact.md:9
fade	Fade	3	3	no	pages/Cross Dissolve.md:6; pages/Crossfade (Audio).md:6; pages/Dissolve.md:6
flange-focal-distance	Flange focal distance	3	3	no	pages/Back Focus.md:6; pages/Lens adapter.md:11; pages/Lens mount.md:12
focal-length-efl	Focal length (EFL)	3	3	no	pages/Narrow angle lens.md:9; pages/Nodal point (lens).md:9; pages/Normal lens (50mm equiv.).md:9
focus	Focus	3	3	no	pages/Back Focus.md:6; pages/Operator (camera role).md:6; pages/Rack focus.md:7
foreshortening	Foreshortening	3	3	no	pages/Neutral plane (perspective drawing).md:9; pages/Perspective (drawing___camera).md:13; pages/Perspective grid.md:13
gobo	Gobo	3	2	no	pages/Dapple Lighting.md:6; pages/Diffusion (Lighting).md:6; pages/Diffusion (Lighting).md:13
hdri	HDRI	3	3	no	pages/Dome Lighting.md:6; pages/Fisheye Lens.md:5; pages/Global Illumination (GI).md:7
hybrid-pipeline	Hybrid pipeline	3	3	no	pages/Atlas (Texture Atlas).md:6; pages/Bump Map.md:6; pages/Cel Animation.md:6
jpeg	JPEG	3	3	no	pages/JPEG2000.md:16; pages/Just noticeable difference (JND).md:9; pages/Output (render___export).md:6
look-up-table-lut	Look-Up Table (LUT)	3	3	no	pages/Color Grading.md:6; pages/Cross Processing (Effect).md:6; pages/Neutral look (color grade).md:9
masking	Masking	3	2	no	pages/Letterboxing.md:11; pages/Letterboxing.md:16; pages/Rotoscoping.md:7
medium-format-camera	Medium Format Camera	3	2	no	pages/Large format camera.md:11; pages/Large format camera.md:41; pages/Leaf shutter.md:11
medium-shot	Medium shot	3	3	no	pages/Bust Shot.md:6; pages/Head Room (Framing).md:7; pages/Partial model (miniature set).md:9
mood-lighting	Mood Lighting	3	3	no	pages/Impressionism (Lighting___Design Influence).md:11; pages/Noir lighting (chiaroscuro).md:9; pages/Oblique angle (camera).md:9
multiplane-camera	Multiplane camera	3	3	no	pages/Animation Stand.md:6; pages/Cel Animation.md:6; pages/Lightbox (animation).md:11
negative	Negative	3	3	no	pages/Internegative (Film Term, Historical).md:10; pages/Interpositive (Film Term, Historical).md:10; pages/Photographic emulsion.md:13
nodal-alignment	nodal alignment	3	3	no	pages/Operator (camera role).md:10; pages/Optical center (lens).md:5; pages/Orientation (camera alignment).md:5
on-ones	On Ones	3	3	no	pages/Frame Blending.md:7; pages/Frame rate.md:7; pages/Frame.md:7
optics	Optics	3	3	no	pages/Etalon (Optics).md:6; pages/Index of Refraction (IOR).md:10; pages/Refraction (lens effect).md:7
pan	Pan	3	3	no	pages/Camera Move.md:6; pages/Dolly Move.md:13; pages/Pedestal (camera support move).md:6
point-of-view-shot	Point-of-view shot	3	2	no	pages/Observation shot.md:7; pages/Observation shot.md:9; pages/Over-the-shoulder shot (OTS).md:14
practical-lighting	Practical lighting	3	3	no	pages/Neutral key (lighting setup).md:7; pages/Night-for-night (cinematography).md:9; pages/Quasar light (LED tube brand).md:7
production-planning	Production planning	3	3	no	pages/Pre-production.md:13; pages/Quarter-hour timing (production scheduling).md:13; pages/Scene breakdown.md:7
proxy	Proxy	3	2	no	pages/Editing Suite.md:5; pages/Editing Suite.md:6; pages/Encod­ing (Video Encoding).md:6
registration-marks	Registration Marks	3	2	no	pages/Jitter (camera___animation).md:11; pages/Jitter correction.md:7; pages/Jitter correction.md:11
safe-area	Safe Area	3	3	no	pages/Graticule (Viewfinder Marking).md:7; pages/Guide Frame (Layout Reference).md:7; pages/Underscan.md:18
saturation	Saturation	3	3	no	pages/Bypass (Bleach Bypass Effect).md:6; pages/Hue Shift (Color Manipulation).md:10; pages/Hue.md:10
scale-constraint	Scale (Constraint)	3	3	no	pages/Forced Perspective.md:7; pages/Full-Scale Puppet.md:7; pages/Gauge (Film Gauge ___ Scale Reference).md:9
scanning	Scanning	3	3	no	pages/Digitize.md:6; pages/DPI (Dots Per Inch).md:6; pages/Newton rings (scanning artifact).md:9
scheduling	Scheduling	3	3	no	pages/Availability.md:10; pages/Pre-production.md:13; pages/Quarter-hour timing (production scheduling).md:13
script	Script	3	3	no	pages/Narration.md:9; pages/Plug-in (software add-on).md:13; pages/Screenplay.md:7
set-dresser	Set Dresser	3	3	no	pages/House Puppet (Studio Asset).md:11; pages/Journeyman (union rank).md:11; pages/Jury rig (on-set fix).md:11
shading	Shading	3	3	no	pages/Hatch Marks (Shading ___ Layout).md:7; pages/Pong shading (Phong shading___typo%3F).md:14; pages/Screentone (graphic shading).md:7
shadow-pass	Shadow Pass	3	3	no	pages/Deep Shadow Map.md:6; pages/Drop Shadow.md:6; pages/Render pass.md:7
signal-to-noise-ratio	Signal-to-Noise Ratio	3	3	no	pages/Impedance (Audio ___ Electronics).md:10; pages/Noise floor (audio recording).md:9; pages/Nyquist frequency (sampling theory).md:9
special-effects	Special effects	3	3	no	pages/Practical effect.md:13; pages/Ultraviolet light (special effect).md:18; pages/Underwater filming.md:18
specular-reflection	Specular Reflection	3	2	no	pages/Diffuse Reflection.md:5; pages/Diffuse Reflection.md:6; pages/Highlight.md:10
stabilization	Stabilization	3	3	no	pages/Jitter (camera___animation).md:11; pages/Jitter correction.md:11; pages/Optical flow (post-production).md:6
stabilizer-camera	Stabilizer (Camera)	3	3	no	pages/Handheld Shot.md:12; pages/Hydraulic Rig (FX Support).md:11; pages/Hyperlapse.md:10
staging	Staging	3	3	no	pages/Blocking (Animation).md:10; pages/Board (Storyboards).md:6; pages/Business (Animation Action).md:6
stop-motion-camera-compendium	Stop-Motion Camera Compendium	3	3	no	pages/Eadweard Muybridge (Historical Reference).md:6; pages/Focus Distance.md:7; pages/Jargon (industry terms).md:11
stop-motion-photography	Stop-motion photography	3	3	no	pages/Photographic emulsion.md:13; pages/Polarizer (lens filter).md:13; pages/Quarter stop (exposure increment).md:13
stop-motion-puppet	Stop-Motion Puppet	3	3	no	pages/Marionette (puppet).md:9; pages/Quarter scale (miniature___maquette).md:13; pages/Quiver (character motion jitter).md:7
stop-motion-storytelling	Stop-motion storytelling	3	3	no	pages/Quotation (intertextual reference).md:7; pages/Rashomon effect (narrative device).md:7; pages/Reaction shot.md:7
studio-lighting	Studio lighting	3	3	no	pages/Q-beam (lighting term).md:13; pages/Quartz lamp (lighting).md:13; pages/Quasar light (LED tube brand).md:7
style	Style	3	3	no	pages/Aesthetic Distance.md:6; pages/Auteur Theory.md:6; pages/Convention (Genre Convention).md:6
surprise-gag	Surprise Gag	3	3	no	pages/Jack-in-the-box shot.md:11; pages/Jump scare.md:11; pages/Juxtapositional montage.md:11
test-shoot	Test Shoot	3	3	no	pages/Line test (animation).md:11; pages/Pilot (test episode___short).md:13; pages/Quick strike (short schedule project).md:7
tiff-image-format	TIFF (Image Format)	3	3	no	pages/JPEG (image format).md:11; pages/JPEG2000.md:11; pages/JPG compression artifact.md:9
vfx-integration	VFX Integration	3	3	no	pages/LIMNMEDIA Stop-Motion Wiki Overview.md:18; pages/Orientation (camera alignment).md:6; pages/Picture lock.md:13
voiceover	Voiceover	3	3	no	pages/ADR (Automated Dialogue Replacement).md:6; pages/Lavalier mic.md:11; pages/Narration.md:9
wide-angle-lens	Wide angle lens	3	3	no	pages/Dictionary — W.md:22; pages/Narrow angle lens.md:7; pages/Normal lens (50mm equiv.).md:9
workprint	Workprint	3	3	no	pages/Lab roll (film processing).md:11; pages/Leader (film strip head___tail).md:11; pages/Linear editing.md:11
35mm-camera	35mm Camera	2	1	no	pages/Large format camera.md:11; pages/Large format camera.md:41
3d-animation	3D animation	2	2	no	pages/Orthographic view (animation___3D).md:5; pages/Parallax mapping (VFX___3D).md:5
3d-scanning	3D scanning	2	2	no	pages/Photogrammetry.md:13; pages/Resolution (3D scan).md:7
abstract-animation	Abstract animation	2	2	no	pages/Narrative disjunction (experimental animation).md:9; pages/Non-objective animation.md:9
angle-of-view	Angle of View	2	2	no	pages/Field of View (FOV).md:6; pages/Fisheye Lens.md:7
animation-cues	Animation cues	2	2	no	pages/Score (music for film).md:7; pages/Scratch track (temp audio).md:7
animation-cycle	Animation Cycle	2	2	no	pages/IVC (In-Vitro Capture, Puppet Testing).md:11; pages/Janky animation.md:11
animation-planning	Animation Planning	2	2	no	pages/Gesture Drawing.md:7; pages/Guide Puppet (Animation Planning).md:7
animation-refinement	Animation refinement	2	2	no	pages/Questionnaire (audience test screening).md:7; pages/Update pass (animation refinement).md:18
anticipation-animation-principle	Anticipation (Animation Principle)	2	2	no	pages/Follow-Through (Animation Principle).md:7; pages/Hold Pose.md:10
audio	Audio	2	2	no	pages/Audiovisual.md:6; pages/Oscilloscope (audio___video analysis).md:5
background	Background	2	2	no	pages/Key subject (composition).md:11; pages/Pattern (composition).md:6
banding-color-gradient-banding	Banding (Color/Gradient Banding)	2	2	no	pages/Jailbar effect.md:16; pages/JPG compression artifact.md:11
bird-s-eye-view	Bird’s-Eye View	2	2	no	pages/High Angle Shot.md:12; pages/Overhead shot.md:14
black-and-white	Black-and-White	2	2	no	pages/Grayscale.md:10; pages/Uncolorized (archival footage).md:18
budgeting	Budgeting	2	2	no	pages/Amortization.md:6; pages/Below-the-Line.md:6
call-sheet	Call Sheet	2	2	no	pages/Job sheet (production).md:11; pages/Knock-on effect (production delays).md:12
camera-lens	Camera & Lens	2	2	no	pages/LIMNMEDIA Stop-Motion Wiki Overview.md:7; pages/Objective lens (optics).md:5
camera-movement	Camera movement	2	2	no	pages/Rack focus.md:7; pages/Rail dolly (camera move).md:7
camera-report	Camera Report	2	2	no	pages/Hook-Up Chart (Set Continuity).md:10; pages/Orientation (camera alignment).md:7
camera-settings	Camera settings	2	2	no	pages/Quarter stop (exposure increment).md:13; pages/Scene file (camera setting).md:7
cinemascope	Cinemascope	2	2	no	pages/Anamorphic Lens.md:6; pages/Aspect Ratio.md:6
clapboard	Clapboard	2	1	no	pages/Dual-System Sound.md:5; pages/Dual-System Sound.md:6
color-correction	Color Correction	2	2	no	pages/Kodak Wratten filters.md:11; pages/Saturation (color).md:7
color-science	Color science	2	2	no	pages/Metadata (EXIF___IPTC).md:9; pages/Metamerism (color science).md:7
color-theory	Color theory	2	2	no	pages/Additive Color.md:7; pages/Afterimage.md:6
composite-video	Composite Video	2	2	no	pages/JVC (brand).md:11; pages/JVS connector.md:11
compression	Compression	2	2	no	pages/Artifact.md:9; pages/Quicktime (media format).md:7
continuity-editing	Continuity Editing	2	2	no	pages/Knowledge cut (documentary editing).md:16; pages/Lap dissolve.md:11
crane	Crane	2	2	no	pages/Pedestal (camera support move).md:6; pages/Piggyback rig (camera mounting).md:13
crane-shot	Crane Shot	2	2	no	pages/Jib arm.md:11; pages/Jib shot.md:11
delivery-spec	Delivery spec	2	2	no	pages/Output (render___export).md:15; pages/Output gamma.md:13
demo-reel	Demo Reel	2	2	no	pages/House Puppet (Studio Asset).md:11; pages/Ident (Broadcast ID Animation).md:10
dialogue	Dialogue	2	2	no	pages/Exposure Sheet (X-Sheet, Dope Sheet).md:5; pages/Non-linear editing (NLE).md:11
digital-audio	Digital audio	2	2	no	pages/Quantization (digital audio).md:13; pages/Resolution (audio).md:7
digital-compositing	Digital Compositing	2	2	no	pages/Dictionary — D.md:18; pages/Overlay matte.md:6
digital-imaging	Digital imaging	2	2	no	pages/Nyquist frequency (sampling theory).md:6; pages/Pixel aspect ratio.md:13
director-s-cut	Director’s Cut	2	1	no	pages/Editor’s Cut.md:5; pages/Editor’s Cut.md:6
dropped-frames	Dropped Frames	2	1	no	pages/Lag (animation playback).md:11; pages/Lag (animation playback).md:17
experimental-film	Experimental film	2	2	no	pages/Narrative disjunction (experimental animation).md:9; pages/Non-objective animation.md:9
exr-openexr	EXR (OpenEXR)	2	2	no	pages/Format (Image Format).md:7; pages/Image Sequence.md:10
eye-line	Eye line	2	1	no	pages/Nose room (composition).md:6; pages/Nose room (composition).md:9
fabrication-tools	Fabrication Tools	2	2	no	pages/Heat Gun (Fabrication Tool).md:13; pages/Hollywood Flat (Set Construction).md:7
face-replacement	Face Replacement	2	2	no	pages/Head Replacement (Animation Technique).md:10; pages/Head Sculpt (Puppet Fabrication).md:8
file-format	File format	2	2	no	pages/Metadata (EXIF___IPTC).md:9; pages/Quantization error (image compression).md:13
file-management	File management	2	2	no	pages/Bin (Editing).md:6; pages/Upload (file transfer).md:18
film-camera	Film camera	2	2	no	pages/Animation Camera.md:6; pages/Hand Crank Camera.md:7
film-reel	Film reel	2	2	no	pages/Rewind (film or audio tape).md:7; pages/Upright (film editing bench).md:18
filters	Filters	2	1	no	pages/Etalon (Optics).md:5; pages/Etalon (Optics).md:6
flag	Flag	2	2	no	pages/Barn Doors.md:6; pages/Barndoors Spill Control.md:6
flicker-lighting	Flicker (Lighting)	2	2	no	pages/Hertz (Frequency).md:11; pages/HMI (Hydrargyrum Medium-Arc Iodide Light).md:10
foam-latex	Foam Latex	2	2	no	pages/Glass Fiber Reinforced Puppet.md:7; pages/Gore-Tex Puppet Joint (Fabrication Trick).md:7
focus-check	Focus Check	2	2	no	pages/Electronic Viewfinder (EVF).md:6; pages/Extreme Close-Up (ECU).md:6
focus-pulling	Focus pulling	2	2	no	pages/Autofocus.md:6; pages/Breathing (Lens Breathing).md:6
foreground	Foreground	2	2	no	pages/Key subject (composition).md:11; pages/Pattern (composition).md:6
frame-correction	Frame correction	2	2	no	pages/Pop (exposure or audio spike).md:13; pages/Quick take (fast pickup shot).md:7
frame-by-frame-consistency	Frame-by-frame consistency	2	2	no	pages/Registration (animation___film sprockets).md:7; pages/Registration pegs (2D___puppet animation).md:7
gate-check	Gate Check	2	2	no	pages/Film Gate (Camera Aperture).md:6; pages/J-gate (film camera).md:11
glass-shot	Glass Shot	2	2	no	pages/Matte painting.md:9; pages/Optical illusion (animation___VFX).md:11
grain	Grain	2	2	no	pages/Bypass (Bleach Bypass Effect).md:6; pages/Emulsion (Film Stock).md:6
graph-editor	Graph editor	2	2	no	pages/Bezier Curve.md:6; pages/Clamp (Animation Curve).md:6
hdr	HDR	2	2	no	pages/Bracketed Exposure.md:6; pages/Bulb Exposure.md:9
history-of-animation	History of Animation	2	2	no	pages/Eadweard Muybridge (Historical Reference).md:6; pages/Flip Book Animation.md:7
imax	IMAX	2	1	no	pages/Large format camera.md:11; pages/Large format camera.md:41
immersion	Immersion	2	2	no	pages/Aesthetic Distance.md:6; pages/Point of view shot (POV).md:13
iso-asa-film-speed	ISO/ASA (Film Speed)	2	2	no	pages/Gain (Signal___Exposure).md:7; pages/Grain (Film or Digital Noise).md:9
joint	Joint	2	2	no	pages/Articulation.md:6; pages/Ball-and-Socket Armature.md:6
lidar	LiDAR	2	2	no	pages/Laser scanning (VFX___photogrammetry).md:12; pages/Photogrammetry.md:13
light-flicker	Light Flicker	2	2	no	pages/Fluorescent Light.md:7; pages/Frame Averaging.md:7
lighting-control	Lighting control	2	2	no	pages/Barndoors Spill Control.md:6; pages/Matte box (lens accessory).md:9
lighting-diagrams	Lighting Diagrams	2	1	no	pages/LIMNMEDIA Stop-Motion Wiki Overview.md:12; pages/LIMNMEDIA Stop-Motion Wiki Overview.md:32
lighting-setup	Lighting Setup	2	2	no	pages/Lighting diagram.md:11; pages/Lighting stand.md:11
limn-pipeline	LIMN-PIPELINE	2	2	no	pages/Import (Data___Asset).md:7; pages/LIMNMEDIA Stop-Motion Wiki Overview.md:40
live-action	live-action	2	2	no	pages/Operator (camera role).md:5; pages/Overset (overbuilt miniature).md:15
log-profile	Log Profile	2	2	no	pages/Knee (video gamma control).md:11; pages/Knee point (exposure curve).md:11
long-exposure	Long exposure	2	2	no	pages/Bulb Exposure.md:9; pages/Light painting (photographic technique).md:11
looping	Looping	2	2	no	pages/GIF Animation.md:7; pages/Optical illusion (animation___VFX).md:14
low-angle-shot	Low Angle Shot	2	2	no	pages/High Angle Shot.md:12; pages/Upshot (camera angle).md:18
lut-look-up-table	LUT (Look-Up Table)	2	2	no	pages/Gamma Correction.md:7; pages/Gamut Mapping.md:7
mastering	Mastering	2	2	no	pages/Broadcast Safe.md:6; pages/Digital Intermediate (DI).md:6
metadata	Metadata	2	2	no	pages/Burn-In (Image Burn or Overlay).md:6; pages/Import (Data___Asset).md:11
miniature-effects	Miniature effects	2	2	no	pages/Practical effect.md:13; pages/Random motion (animation principle).md:7
miniature-integration	Miniature integration	2	2	no	pages/Rear projection.md:7; pages/Rear screen (VFX).md:7
miniature-scale	Miniature scale	2	1	no	pages/Rack focus.md:5; pages/Rack focus.md:7
mitchell-camera	Mitchell camera	2	2	no	logseq/.recycle/pages_Rackover (lens alignment).md:7; pages/rackover.md:7
mixing-audio	Mixing (audio)	2	2	no	pages/Orchestration (sound design).md:7; pages/Overdub (audio post).md:14
moiré	Moiré	2	2	no	pages/Alias (Aliasing).md:6; pages/Anti-aliasing.md:6
monitor-studio-display	Monitor (Studio Display)	2	2	no	pages/JVC (brand).md:11; pages/JVC GY-HD100 (example camera).md:11
motion-graphics	Motion Graphics	2	2	no	pages/Kinetic typography.md:11; pages/Main title (sequence).md:9
nle	NLE	2	2	no	pages/Needle tool (editing ___ audio sync).md:6; pages/Nesting (timeline editing).md:5
noise	Noise	2	2	no	pages/Artifact.md:9; pages/Photographic grain.md:13
noise-floor	Noise floor	2	2	no	pages/Quiescent noise (low-level sound floor).md:7; pages/Readout noise (digital sensor).md:7
ntsc	NTSC	2	2	no	pages/ATSC Standard.md:6; pages/Broadcast Safe.md:6
on-set-audio	On-set audio	2	2	no	pages/Phantom power (microphones).md:12; pages/Radio mic.md:7
on-set-review	On-set review	2	2	no	pages/Playback monitor.md:13; pages/Quad split (monitoring).md:13
online-edit	Online edit	2	1	no	pages/Offline edit.md:6; pages/Offline edit.md:9
opening-credits	Opening Credits	2	2	no	pages/End Credits.md:6; pages/Main title (sequence).md:9
optical-compositing	Optical compositing	2	2	no	logseq/.recycle/pages_Rackover (lens alignment).md:7; pages/rackover.md:7
overlap	Overlap	2	1	no	pages/Drag (Animation Principle).md:5; pages/Drag (Animation Principle).md:6
overlap-animation-principle	Overlap (Animation Principle)	2	1	no	pages/Follow-Through (Animation Principle).md:7; pages/Follow-Through (Animation Principle).md:14
pan-tilt-head	Pan-Tilt Head	2	2	no	pages/Gimbal.md:11; pages/Horizontal Stabilizer (Camera Rig).md:10
panorama	Panorama	2	2	no	pages/Equirectangular Projection (360° Images).md:6; pages/Nodal slide (camera rig).md:7
pattern	Pattern	2	2	no	pages/Radial symmetry (design).md:7; pages/Repetition (design principle).md:7
pillarboxing	Pillarboxing	2	1	no	pages/Letterboxing.md:11; pages/Letterboxing.md:18
pivot	Pivot	2	2	no	pages/Anchor Point.md:6; pages/Center of Rotation.md:8
pose-to-pose-animation	Pose-to-Pose Animation	2	1	no	pages/End Motion (Final Pose).md:5; pages/End Motion (Final Pose).md:6
practical-light	Practical Light	2	2	no	pages/Fluorescent Light.md:7; pages/Overhang (set building).md:13
production-design	Production design	2	2	no	pages/Backlot Set.md:6; pages/Metaphor (film language).md:7
production-management	Production management	2	2	no	pages/Availability.md:10; pages/Below-the-Line.md:6
production-notes	Production notes	2	2	no	pages/Quote board (production tracking).md:7; pages/Script supervisor.md:7
prototype-fabrication	Prototype (Fabrication)	2	2	no	pages/Iteration (Creative Process).md:11; pages/IVC (In-Vitro Capture, Puppet Testing).md:11
puppet-placement	Puppet Placement	2	2	no	pages/Hot Set.md:7; pages/Riser (set construction).md:7
puppet-scale	Puppet scale	2	2	no	pages/Scale model.md:7; pages/Scale ruler (set building).md:7
puppetry	Puppetry	2	2	no	pages/Animism.md:6; pages/Kuroko (black-clad stagehand technique).md:11
ray-tracing	Ray Tracing	2	2	no	pages/Global Illumination (GI).md:7; pages/Photo-realism (CGI).md:13
rec-709	Rec.709	2	1	no	pages/NTSC (video standard).md:7; pages/NTSC (video standard).md:10
reference-footage	Reference Footage	2	2	no	pages/High-Speed Photography.md:10; pages/MoCap (motion capture).md:9
reflection-control	Reflection control	2	2	no	pages/Polarizer (lens filter).md:13; pages/Quench light (suppress reflection).md:7
reuse	Reuse	2	2	no	pages/Archive Footage.md:6; pages/Cycle (Animation Cycle).md:6
rhythm-animation	Rhythm (animation)	2	2	no	pages/Montage.md:9; pages/Non-objective animation.md:9
rig	Rig	2	2	no	pages/Anchor Point.md:6; pages/Riser (set construction).md:7
rigs	Rigs	2	2	no	pages/Out of frame.md:5; pages/Rig removal (VFX cleanup).md:7
room-tone	Room tone	2	2	no	pages/Buzz Track (Sound).md:6; pages/Resonance (sound).md:7
rough-cut	Rough cut	2	2	no	pages/Offline edit.md:9; pages/Uncut (editing term).md:18
safe-frame	Safe Frame	2	1	no	pages/Frame Line.md:5; pages/Frame Line.md:7
sample-rate	Sample rate	2	2	no	pages/Nyquist frequency (sampling theory).md:9; pages/Quantization (digital audio).md:13
sampling	Sampling	2	2	no	pages/Alias (Aliasing).md:6; pages/Anti-aliasing.md:6
scrim	Scrim	2	2	no	pages/Barn Doors.md:6; pages/Utility stand (lighting___grip).md:18
secondary-motion	Secondary motion	2	2	no	pages/Random motion (animation principle).md:7; pages/Recoil rig (FX gag).md:8
sensor-size	Sensor Size	2	2	no	pages/Image Plane.md:10; pages/Megapixel (digital camera resolution).md:9
series-bible	Series Bible	2	1	no	pages/Episodic Production.md:6; pages/Episodic Production.md:12
set-building	Set building	2	2	no	pages/On-location shooting.md:9; pages/Order of shots (storyboard).md:5
silent-film	Silent Film	2	2	no	pages/Intertitle (Silent Film Card).md:11; pages/Photoplay (early cinema term).md:13
silicone-skin	Silicone Skin	2	2	no	pages/Glass Fiber Reinforced Puppet.md:7; pages/Gore-Tex Puppet Joint (Fabrication Trick).md:7
soft-matte	Soft Matte	2	1	no	pages/Hard Matte.md:7; pages/Hard Matte.md:14
sound	Sound	2	2	no	pages/Frame rate.md:14; pages/Freeze Frame.md:5
specular-highlights	Specular highlights	2	2	no	pages/Raking light.md:7; pages/Reflection (visual element).md:7
stability	Stability	2	2	no	pages/Boil (Animation Boil).md:6; pages/Camera Shake.md:6
stage-platform	Stage Platform	2	2	no	pages/IBC (Intermediate Bulk Container, Set Use).md:10; pages/Insulation Foam (Set___Puppet Material).md:12
stage-rigging	Stage Rigging	2	2	no	pages/Four-Way Wedge (Set Building Tool).md:7; pages/Gaffer Tape.md:7
stagecraft	Stagecraft	2	2	no	pages/Hollywood Flat (Set Construction).md:7; pages/Quick change (costume___prop).md:13
stepper-motor	Stepper Motor	2	2	no	pages/Gear Ratio (Motion Control).md:7; pages/Hertz (Frequency).md:11
stop-motion-gag	Stop-motion gag	2	2	no	pages/Quicksand effect (practical FX gag).md:7; pages/Recoil rig (FX gag).md:8
stop-motion-planning	Stop-motion planning	2	2	no	pages/Previsualization (previs).md:13; pages/Quadrant (storyboard or screen division).md:13
storage	Storage	2	2	no	pages/Byte.md:6; pages/Memory card (media storage).md:9
story-structure	Story structure	2	2	no	pages/Narrative beat (story timing).md:9; pages/Obstacle (narrative device).md:6
studio-asset-management	Studio Asset Management	2	2	no	pages/House Puppet (Studio Asset).md:11; pages/IBC (Intermediate Bulk Container, Set Use).md:10
support-rig	Support Rig	2	2	no	pages/Lean-to rig (DIY support).md:11; pages/Nylon wire (puppet rigging).md:9
surface-texture	Surface Texture	2	2	no	pages/Diffuse Reflection.md:6; pages/Dry Brush (Texture Effect).md:6
surrealism	Surrealism	2	2	no	pages/Elastic Stop-Motion (Experimental Style).md:6; pages/Narrative disjunction (experimental animation).md:7
suspension-of-disbelief	Suspension of disbelief	2	2	no	pages/Aesthetic Distance.md:6; pages/Illusionism (Art ___ Cinema).md:11
sync	Sync	2	2	no	pages/Horizontal Hold (Video Sync).md:11; pages/Oscilloscope (audio___video analysis).md:6
sync-sound	Sync Sound	2	2	no	pages/Dual-System Sound.md:6; pages/Event Cue (Sound ___ Music).md:6
term	Term	2	1	no	pages/dictionary workflow overview.md:16; pages/dictionary workflow overview.md:43
thumbnail-sketch	Thumbnail sketch	2	2	no	pages/Outline drawing (storyboard).md:7; pages/Quick sketch (concept art).md:7
tilt-shift-lens	Tilt-shift lens	2	2	no	logseq/.recycle/pages_Rackover (lens alignment).md:7; pages/rackover.md:7
vfx-pipeline	VFX pipeline	2	2	no	pages/Dictionary — V.md:51; pages/Plug-in (software add-on).md:13
video	video	2	2	no	pages/Open matte.md:5; pages/Oscilloscope (audio___video analysis).md:6
video-signal	Video signal	2	2	no	pages/Dictionary — V.md:21; pages/Raster scan (video signal).md:7
visual-balance	Visual balance	2	2	no	pages/Right of frame (composition).md:7; pages/Rule of thirds.md:7
worm-gear	Worm Gear	2	2	no	pages/Gear Ratio (Motion Control).md:7; pages/Kip scale (engineering, rigging).md:11
zoetrope	Zoetrope	2	2	no	pages/Magic lantern (pre-cinema device).md:9; pages/Optical illusion (animation___VFX).md:10
zoom-lens	Zoom lens	2	2	no	pages/Dictionary — Z.md:28; pages/Kit lens.md:11
2k-resolution	2K Resolution	1	1	no	pages/HD (High Definition).md:7
360-camera	360° camera	1	1	no	pages/Overcapture (360___VR video term).md:5
3d-printing-animation	3D Printing (Animation)	1	1	no	pages/Head Replacement (Animation Technique).md:10
3d-rendering	3D rendering	1	1	no	pages/Pong shading (Phong shading___typo%3F).md:14
3d-scans-models	3D Scans & Models	1	1	no	pages/LIMNMEDIA Stop-Motion Wiki Overview.md:33
4k-resolution	4K Resolution	1	1	no	pages/HD (High Definition).md:7
above-the-line	Above-the-line	1	1	no	pages/Below-the-Line.md:6
aces-academy-color-encoding-system	ACES (Academy Color Encoding System)	1	1	no	pages/Gamut Mapping.md:7
acoustics	Acoustics	1	1	no	pages/Resonance (sound).md:7
acting	Acting	1	1	no	pages/Business (Animation Action).md:6
add-on	Add-on	1	1	no	pages/Plug-in (software add-on).md:13
advanced-guides	Advanced Guides	1	1	no	pages/LIMNMEDIA Stop-Motion Wiki Overview.md:25
aerial-photography	Aerial photography	1	1	no	pages/Quadcopter (drone cinematography).md:7
ambient-occlusion-ao	Ambient Occlusion (AO)	1	1	no	pages/Global Illumination (GI).md:7
ampere-electrical-current	Ampere (Electrical Current)	1	1	no	pages/Kilowatt (lighting power).md:11
analog-audio	Analog audio	1	1	no	pages/Quarter-inch tape (audio legacy).md:13
analogue	Analogue	1	1	no	pages/Analog.md:6
animation-curves	Animation Curves	1	1	no	pages/Graph Editor (Animation Curves).md:7
animation-pass	Animation pass	1	1	no	pages/Polish pass (animation refinement).md:13
animation-principle-timing	Animation Principle: Timing	1	1	no	pages/Fake Motion Blur (Multipass).md:6
animation-scheduling	Animation scheduling	1	1	no	pages/Quick strike (short schedule project).md:7
animation-style	Animation style	1	1	no	pages/Quirky motion (style in animation).md:7
animation-table	Animation table	1	1	no	pages/Vacuum hold-down (animation table).md:13
animation-techniques	Animation Techniques	1	1	no	pages/LIMNMEDIA Stop-Motion Wiki Overview.md:13
animation-test	Animation Test	1	1	no	pages/House Puppet (Studio Asset).md:11
animation-timing	Animation timing	1	1	no	pages/Quicksand effect (practical FX gag).md:7
animator-s-tools	Animator’s tools	1	1	no	pages/Out of frame.md:5
anthropomorphism	Anthropomorphism	1	1	no	pages/Animism.md:6
apprentice-union-rank	Apprentice (Union Rank)	1	1	no	pages/Journeyman (union rank).md:11
archival-master	Archival Master	1	1	no	pages/Generation Loss.md:7
archival-workflow	Archival workflow	1	1	no	pages/Newton rings (scanning artifact).md:9
archiving	Archiving	1	1	no	pages/Digitize.md:6
arcs	Arcs	1	1	no	pages/LIMNMEDIA Stop-Motion Wiki Overview.md:14
area-light	Area light	1	1	no	pages/Point light (CG___VFX term).md:13
armature-design	Armature Design	1	1	no	pages/LIMNMEDIA Stop-Motion Wiki Overview.md:17
art-department	Art Department	1	1	no	pages/Greensperson (Set Dressing Crew).md:7
asa-iso-film-speed	ASA/ISO (Film Speed)	1	1	no	pages/Notch system (film sprockets).md:9
asset-reuse	Asset reuse	1	1	no	pages/Amortization.md:6
asset-tracking	Asset Tracking	1	1	no	pages/LIMNMEDIA Stop-Motion Wiki Overview.md:41
attribution	Attribution	1	1	no	pages/Creative Commons.md:6
audience-feedback	Audience feedback	1	1	no	pages/Questionnaire (audience test screening).md:7
audio-archiving	Audio archiving	1	1	no	pages/Quarter-inch tape (audio legacy).md:13
audio-cable	Audio Cable	1	1	no	pages/J-cable.md:11
audio-capture	Audio capture	1	1	no	pages/Recording head (audio).md:7
audio-fades	Audio Fades	1	1	no	pages/Fade In ___ Fade Out.md:12
audio-level	Audio level	1	1	no	pages/Mixer (audio).md:9
audio-mix	Audio mix	1	1	no	pages/Release print (film distribution).md:7
audio-preamp	Audio preamp	1	1	no	pages/Phantom power (microphones).md:12
audio-recording	Audio recording	1	1	no	pages/Nyquist frequency (sampling theory).md:5
audio-spike	Audio spike	1	1	no	pages/Pop (exposure or audio spike).md:13
audio-tape	Audio tape	1	1	no	pages/Rewind (film or audio tape).md:7
authorship	Authorship	1	1	no	pages/Auteur Theory.md:6
background-animation	Background Animation	1	1	no	pages/Cycle (Animation Cycle).md:6
backup	Backup	1	1	no	pages/Safety shot.md:7
ball-head	ball head	1	1	no	pages/Pan head (tripod).md:12
ball-joint	Ball joint	1	1	no	pages/Neck joint (puppet armature).md:10
ball-and-socket-joint	Ball-and-Socket Joint	1	1	no	pages/Hinge Joint (Armature).md:7
batch-processing	Batch processing	1	1	no	pages/Queue (render jobs).md:13
battery	Battery	1	1	no	pages/Anode.md:6
beam-spread	Beam Spread	1	1	no	pages/Fixture (Lighting Unit).md:5
beginner-animation	Beginner animation	1	1	no	pages/Brick Film (Lego Animation).md:6
beginner-guides	Beginner Guides	1	1	no	pages/LIMNMEDIA Stop-Motion Wiki Overview.md:25
behind-the-scenes-photos	Behind-the-Scenes Photos	1	1	no	pages/LIMNMEDIA Stop-Motion Wiki Overview.md:32
best-boy	Best Boy	1	1	no	pages/Gaffer.md:7
betacam	Betacam	1	1	no	pages/Laserdisc (video format).md:11
bit	Bit	1	1	no	pages/Byte.md:6
bitmap	Bitmap	1	1	no	pages/Raster (image grid).md:7
blend-shape	Blend Shape	1	1	no	pages/Expression Control (Rigging___CG).md:11
blend-shapes	Blend Shapes	1	1	no	pages/Expression Control (Rigging___CG).md:7
blender-ynput-flamenco-integrations	Blender / Ynput / Flamenco Integrations	1	1	no	pages/LIMNMEDIA Stop-Motion Wiki Overview.md:43
blood-effect-fx	Blood Effect (FX)	1	1	no	pages/IV (Intravenous Fake Tube, FX).md:11
blueprint	Blueprint	1	1	no	pages/Arrangement Drawing.md:6
blueprints	Blueprints	1	1	no	pages/Orthographic view (animation___3D).md:14
broadcast	broadcast	1	1	no	pages/Oscilloscope (audio___video analysis).md:6
broadcast-schedule	Broadcast schedule	1	1	no	pages/Queue sheet (broadcast or festival play order).md:7
broadcast-standard	Broadcast standard	1	1	no	pages/ATSC Standard.md:6
broadway-flat	Broadway Flat	1	1	no	pages/Hollywood Flat (Set Construction).md:7
budget	budget	1	1	no	pages/Overrun (production delay).md:7
bumper-broadcast	Bumper (Broadcast)	1	1	no	pages/Ident (Broadcast ID Animation).md:10
cad	CAD	1	1	no	pages/Orthographic view (animation___3D).md:14
camera-angles	Camera angles	1	1	no	pages/Orthographic view (animation___3D).md:10
camera-assistant	camera assistant	1	1	no	pages/Operator (camera role).md:13
camera-coverage	Camera coverage	1	1	no	pages/Quadrant (storyboard or screen division).md:13
camera-distance	Camera Distance	1	1	no	pages/Depth of Field.md:5
camera-feeds	Camera feeds	1	1	no	pages/Quad split (monitoring).md:13
camera-magazine-mag	Camera magazine (Mag)	1	1	no	pages/Notch system (film sprockets).md:9
camera-monitor	Camera monitor	1	1	no	pages/Playback monitor.md:13
camera-motor	Camera motor	1	1	no	pages/Quartz timer (camera motor).md:13
camera-mounting	Camera mounting	1	1	no	pages/Quick release plate (tripod).md:13
camera-moves	Camera moves	1	1	no	pages/Previsualization (previs).md:13
camera-rigging	Camera Rigging	1	1	no	pages/Horizontal Stabilizer (Camera Rig).md:10
camera-sensor	Camera Sensor	1	1	no	pages/HD (High Definition).md:7
camera-setup	Camera setup	1	1	no	pages/Order of shots (storyboard).md:5
camera-supports	Camera Supports	1	1	no	pages/Emergency Backup Rig.md:5
camera-trigger	Camera Trigger	1	1	no	pages/Lanc remote (camera control).md:11
camera-types	Camera types	1	1	no	pages/Rangefinder (camera type).md:7
capture-software	Capture Software	1	1	no	pages/iStopMotion (Software).md:11
carpentry-tools-stage	Carpentry Tools (Stage)	1	1	no	pages/Four-Way Wedge (Set Building Tool).md:7
cathode	Cathode	1	1	no	pages/Anode.md:6
cg-physical-hybrid-pipelines	CG/Physical Hybrid Pipelines	1	1	no	pages/LIMNMEDIA Stop-Motion Wiki Overview.md:19
cgi-integration	CGI integration	1	1	no	pages/Plate (background plate for VFX).md:13
chaos	Chaos	1	1	no	pages/Random motion (animation principle).md:7
character-perspective	Character perspective	1	1	no	pages/Rashomon effect (narrative device).md:7
character-redesign	Character redesign	1	1	no	pages/Reboot (franchise___media).md:7
chroma-key-chromakey	Chroma Key (Chromakey)	1	1	no	pages/Front projection.md:7
clapperboard	Clapperboard	1	1	no	pages/Marker (slate ___ editing mark).md:9
clay-animation	Clay Animation	1	1	no	pages/Elastic Stop-Motion (Experimental Style).md:6
codec	Codec	1	1	no	pages/Compression (Video Compression).md:6
color-calibration	Color calibration	1	1	no	pages/Neutral gray card (exposure).md:9
color-charts	Color charts	1	1	no	pages/Metamerism (color science).md:16
color-depth	Color depth	1	1	no	pages/Bit Depth.md:6
color-management	Color management	1	1	no	pages/Output gamma.md:5
color-reference	Color reference	1	1	no	pages/Quince (color tone reference).md:7
color-temperature-references	Color Temperature References	1	1	no	pages/LIMNMEDIA Stop-Motion Wiki Overview.md:12
commercial-work	Commercial Work	1	1	no	pages/LIMNMEDIA Stop-Motion Wiki Overview.md:45
community	Community	1	1	no	pages/Brick Film (Lego Animation).md:6
complete-film-dictionary	Complete Film Dictionary	1	1	no	pages/References.md:8
composite	composite	1	1	no	pages/Parallax error (camera alignment).md:6
compositing-strategies	Compositing Strategies	1	1	no	pages/LIMNMEDIA Stop-Motion Wiki Overview.md:19
compressed-video	Compressed video	1	1	no	pages/Uncompressed video.md:18
computer-vision	Computer Vision	1	1	no	pages/Machine vision (VFX ___ capture).md:19
condenser-mic	Condenser mic	1	1	no	pages/Vacuum tube mic (sound recording).md:18
condenser-microphone	Condenser microphone	1	1	no	pages/Phantom power (microphones).md:12
conflict	Conflict	1	1	no	pages/Obstacle (narrative device).md:9
consistency	Consistency	1	1	no	pages/Balance (White Balance).md:6
contact-print	Contact Print	1	1	no	pages/Laboratory timer (exposure control).md:11
continuity-check	Continuity check	1	1	no	pages/Playback monitor.md:13
contributor-guidelines	Contributor Guidelines	1	1	no	pages/LIMNMEDIA Stop-Motion Wiki Overview.md:52
control-points	Control Points	1	1	no	pages/Grid Warp (Compositing Tool).md:14
coordinate-system	Coordinate System	1	1	no	pages/Ground Plane (Reference in CG___Set).md:7
costume	costume	1	1	no	pages/Parody (narrative device).md:13
counterweight-systems	Counterweight systems	1	1	no	pages/Over-under rig (camera support).md:13
coverage-shot	Coverage shot	1	1	no	pages/Utility shot (coverage footage).md:18
crew-scheduling	crew scheduling	1	1	no	pages/Overrun (production delay).md:7
cross-cutting	cross-cutting	1	1	no	pages/Parallel action (editing).md:7
crossfade	Crossfade	1	1	no	pages/Quick dissolve (fast transition).md:7
crowdfunding	Crowdfunding	1	1	no	pages/Kickstarter (animation funding).md:12
crt-monitor	CRT Monitor	1	1	no	pages/Horizontal Hold (Video Sync).md:11
cue-sheet	Cue Sheet	1	1	no	pages/Hit Point (Action Cue).md:10
cut	Cut	1	1	no	pages/Axial Cut.md:6
cut-editing	Cut (Editing)	1	1	no	pages/Linear editing.md:11
dark-frame	Dark Frame	1	1	no	pages/Lens cap.md:11
darkroom	Darkroom	1	1	no	pages/Photographic emulsion.md:13
data-rate	Data rate	1	1	no	pages/Byte.md:6
daw	DAW	1	1	no	pages/Needle tool (editing ___ audio sync).md:6
daylight-simulation	Daylight Simulation	1	1	no	pages/HMI (Hydrargyrum Medium-Arc Iodide Light).md:10
decay-effect-practical-fx	Decay Effect (Practical FX)	1	1	no	pages/Half-Life (Lighting ___ Radioactive Reference).md:10
decibel-db	Decibel (dB)	1	1	no	pages/Level (sound).md:11
deformation-rig	Deformation Rig	1	1	no	pages/Elastic Deformation (Rigging ___ CG).md:7
deleted-scene	Deleted scene	1	1	no	pages/Outtake.md:15
design	design	1	1	no	pages/Parody (narrative device).md:13
design-principle	Design principle	1	1	no	pages/Repetition (design principle).md:7
dialogue-recording	Dialogue recording	1	1	no	pages/Post sync (ADR).md:13
dialogue-tracking	Dialogue tracking	1	1	no	pages/Quote board (production tracking).md:7
diffuse-pass	Diffuse pass	1	1	no	pages/Render pass.md:7
digital	Digital	1	1	no	pages/Analog.md:6
digital-artifacts	Digital artifacts	1	1	no	pages/Quantization error (image compression).md:13
digital-asset	Digital asset	1	1	no	pages/Photogrammetry.md:13
digital-asset-management	Digital Asset Management	1	1	no	pages/Embedded Metadata (EXIF, IPTC).md:6
digital-camera	Digital camera	1	1	no	pages/Noise grain (film look).md:5
digital-capture	Digital capture	1	1	no	pages/Raster scan (video signal).md:7
digital-cinema-package	Digital Cinema Package	1	1	no	pages/Release print (film distribution).md:7
digital-cleanup	Digital cleanup	1	1	no	pages/Restoration (film___digital).md:7
digital-distribution	Digital Distribution	1	1	no	pages/GIF Animation.md:7
digital-double	Digital double	1	1	no	pages/Base Mesh (CG Model Base).md:6
digital-formats	digital formats	1	1	no	pages/Pan-and-scan.md:7
digital-grading	Digital grading	1	1	no	pages/Quince (color tone reference).md:7
digital-image	Digital image	1	1	no	pages/Raster (image grid).md:7
digital-painting	Digital painting	1	1	no	pages/Brush Pass (Texture Painting).md:6
digital-sensor	Digital sensor	1	1	no	pages/Readout noise (digital sensor).md:7
direct-animation	Direct animation	1	1	no	pages/Non-objective animation.md:9
director-of-photography-dp	director of photography (DP)	1	1	no	pages/Operator (camera role).md:13
director-s-notes	Director’s Notes	1	1	no	pages/Journal (production log).md:12
displacement-map	Displacement map	1	1	no	pages/Bump Map.md:6
displacement-mapping	displacement mapping	1	1	no	pages/Parallax mapping (VFX___3D).md:12
display-formats	Display formats	1	1	no	pages/Safe area (framing).md:7
distortion	Distortion	1	1	no	pages/Conversion Lens.md:6
documentary	Documentary	1	1	no	pages/Archive Footage.md:6
documentation	Documentation	1	1	no	pages/Behind the Scenes.md:6
down-angle	Down angle	1	1	no	pages/Up angle (low-angle shot).md:18
download	Download	1	1	no	pages/Upload (file transfer).md:18
downmix	Downmix	1	1	no	pages/Upmix (audio channels).md:18
downscaling	Downscaling	1	1	no	pages/Quad (image resolution multiple).md:13
downshot	Downshot	1	1	no	pages/Upshot (camera angle).md:18
downstage	Downstage	1	1	no	pages/Upstage (blocking term).md:18
drone	Drone	1	1	no	pages/Quadcopter (drone cinematography).md:7
drop-frame	Drop frame	1	1	no	pages/Phantom frame (editing error).md:12
dslr	DSLR	1	1	no	pages/Noise grain (film look).md:5
dslr-camera	DSLR camera	1	1	no	pages/Mirrorless camera.md:10
durability-test	Durability Test	1	1	no	pages/IVC (In-Vitro Capture, Puppet Testing).md:11
dvd	DVD	1	1	no	pages/Laserdisc (video format).md:11
dye-transfer-historical-color-process	Dye Transfer (Historical Color Process)	1	1	no	pages/Dictionary — D.md:48
early-cinema	Early cinema	1	1	no	pages/Photoplay (early cinema term).md:13
easter-egg	Easter egg	1	1	no	pages/Quotation (intertextual reference).md:7
edge-code	Edge Code	1	1	no	pages/Key number (film edge code).md:11
edge-light	Edge Light	1	1	no	pages/Kick light.md:17
edit-decision-list-edl	Edit decision list (EDL)	1	1	no	pages/Offline edit.md:9
editing-continuity	Editing continuity	1	1	no	pages/Narrative continuity.md:6
education-stop-motion	Education (Stop-Motion)	1	1	no	pages/iStopMotion (Software).md:11
eisenstein-montage-theory	Eisenstein Montage Theory	1	1	no	pages/Kuleshov montage experiment.md:19
electric-lighting-crew	Electric (Lighting Crew)	1	1	no	pages/Dictionary — E.md:14
electronics	Electronics	1	1	no	pages/Anode.md:6
embedded-metadata	Embedded metadata	1	1	no	pages/Metadata (EXIF___IPTC).md:9
eng-electronic-news-gathering	ENG (Electronic News Gathering)	1	1	no	pages/EFP (Electronic Field Production).md:6
environment-maps	Environment Maps	1	1	no	pages/Equirectangular Projection (360° Images).md:5
environmental-animation	Environmental animation	1	1	no	pages/Random motion (animation principle).md:7
erpnext	ERPNext	1	1	no	pages/Import (Data___Asset).md:7
event-cues	Event Cues	1	1	no	pages/Exposure Sheet (X-Sheet, Dope Sheet).md:5
exaggeration	Exaggeration	1	1	no	pages/Quirky motion (style in animation).md:7
exif-camera-metadata	EXIF / Camera Metadata	1	1	no	pages/LIMNMEDIA Stop-Motion Wiki Overview.md:36
exif-metadata	EXIF Metadata	1	1	no	pages/Machine vision (VFX ___ capture).md:12
export	Export	1	1	no	pages/Import (Data___Asset).md:11
expository-mode	Expository Mode	1	1	no	pages/Knowledge cut (documentary editing).md:10
exposure-bracketing	Exposure Bracketing	1	1	no	pages/Dictionary — E.md:30
exposure-compensation	Exposure Compensation	1	1	no	pages/Dictionary — E.md:31
exposure-control	Exposure control	1	1	no	pages/Scrim (lighting).md:7
exposure-sheets-x-sheets	Exposure Sheets (X-Sheets)	1	1	no	pages/End Motion (Final Pose).md:13
exposure-test	Exposure test	1	1	no	pages/Quick frame (single test frame).md:7
exposure-time	Exposure time	1	1	no	pages/Motion blur.md:9
expressionism-art-cinema	Expressionism (Art / Cinema)	1	1	no	pages/Impressionism (Lighting___Design Influence).md:11
extension	Extension	1	1	no	pages/Plug-in (software add-on).md:13
external-links-references	External Links & References	1	1	no	pages/LIMNMEDIA Stop-Motion Wiki Overview.md:54
eyepiece-lens	Eyepiece lens	1	1	no	pages/Objective lens (optics).md:6
f-stop	F-stop	1	1	no	pages/Quarter stop (exposure increment).md:13
facial-tracking	Facial tracking	1	1	no	pages/Performance capture.md:12
fair-use	Fair Use	1	1	no	pages/Creative Commons.md:6
falloff	Falloff	1	1	no	pages/Hot Spot (Light Intensity).md:7
far-focus-limit-dof	Far focus limit (DOF)	1	1	no	pages/Near focus limit (DOF).md:9
festival-circuit	Festival Circuit	1	1	no	pages/Kickstarter (animation funding).md:12
festival-programming	Festival programming	1	1	no	pages/Queue sheet (broadcast or festival play order).md:7
field-of-view	Field of view	1	1	no	pages/Anamorphic Lens.md:6
file-size	File size	1	1	no	pages/Byte.md:6
film-distribution	Film distribution	1	1	no	pages/Release print (film distribution).md:7
film-gate	Film Gate	1	1	no	pages/Mag (film magazine).md:9
film-gauge	Film gauge	1	1	no	pages/Notch system (film sprockets).md:9
film-grain	Film grain	1	1	no	pages/Analog.md:6
film-laboratory	Film Laboratory	1	1	no	pages/Laboratory timer (exposure control).md:11
film-look	Film look	1	1	no	pages/Bypass (Bleach Bypass Effect).md:6
film-preservation	Film preservation	1	1	no	pages/Restoration (film___digital).md:7
film-terminology	Film terminology	1	1	no	pages/Photoplay (early cinema term).md:13
film-texture	Film texture	1	1	no	pages/Noise grain (film look).md:9
film-theory	Film theory	1	1	no	pages/Auteur Theory.md:6
fixed-pattern-noise	Fixed Pattern Noise	1	1	no	pages/Jailbar effect.md:11
fixture	Fixture	1	1	no	pages/Scrim (lighting).md:7
fixtures-lighting-units	Fixtures (Lighting Units)	1	1	no	pages/Gaffer.md:5
flamenco-render-manager	Flamenco (Render Manager)	1	1	no	pages/Java-based render manager.md:11
flip-book	flip book	1	1	no	pages/Optical illusion (animation___VFX).md:10
fluid-head	fluid head	1	1	no	pages/Pan head (tripod).md:6
flying-rig	Flying rig	1	1	no	pages/Nylon wire (puppet rigging).md:9
focal-plane-shutter	Focal Plane Shutter	1	1	no	pages/Leaf shutter.md:11
focus-chart	Focus chart	1	1	no	pages/Out of focus.md:12
focus-pulls	Focus Pulls	1	1	no	pages/Follow Focus.md:5
force-motion-balance	Force, Motion & Balance	1	1	no	pages/Kinetics of puppetry (stop-motion physics).md:12
forward-kinematics-fk	Forward Kinematics (FK)	1	1	no	pages/Inverse Kinematics (IK).md:11
found-object	Found object	1	1	no	pages/Assemblage.md:6
found-object-animation	Found Object Animation	1	1	no	pages/Kitbash (model___prop building).md:12
frame-review	Frame review	1	1	no	pages/Rewind (film or audio tape).md:7
frame-sequences	Frame Sequences	1	1	no	pages/LIMNMEDIA Stop-Motion Wiki Overview.md:36
frame-sequencing	Frame sequencing	1	1	no	pages/Reverse motion (animation___post trick).md:7
frame-size	Frame size	1	1	no	pages/Pixel aspect ratio.md:13
frame-by-frame	Frame-by-frame	1	1	no	pages/Onion skinning.md:9
frame-by-frame-animation	Frame-by-frame animation	1	1	no	pages/Pixelation (animation technique).md:13
frames-per-second	Frames per second	1	1	no	pages/Rate (frame rate).md:7
framing-composition	Framing (Composition)	1	1	no	pages/Jack-in-the-box shot.md:11
franchise	Franchise	1	1	no	pages/Reboot (franchise___media).md:7
frequency	Frequency	1	1	no	pages/Resonance (sound).md:7
frequency-response	Frequency Response	1	1	no	pages/Hertz (Frequency).md:11
frontal-lighting	Frontal lighting	1	1	no	pages/Butterfly Lighting.md:6
fur-animation	Fur Animation	1	1	no	pages/Hair Rig (Puppet Rigging).md:10
gamma	Gamma	1	1	no	pages/Response curve (sensor___film).md:7
geared-head	Geared Head	1	1	no	pages/Manfrotto (tripod brand).md:9
genlock	Genlock	1	1	no	pages/Horizontal Hold (Video Sync).md:11
genre	Genre	1	1	no	pages/Convention (Genre Convention).md:6
georges-méliès	Georges Méliès	1	1	no	pages/Photoplay (early cinema term).md:13
glass	Glass	1	1	no	pages/Refraction (lens effect).md:7
glossary-dictionary	Glossary / Dictionary	1	1	no	pages/LIMNMEDIA Stop-Motion Wiki Overview.md:23
gouraud-shading	Gouraud shading	1	1	no	pages/Pong shading (Phong shading___typo%3F).md:14
gradual-change	Gradual change	1	1	no	pages/Ramp (exposure or motion change).md:7
graphic-design	Graphic design	1	1	no	pages/Screentone (graphic shading).md:7
handles	Handles	1	1	no	pages/Buffer Frame.md:6
harmonics	Harmonics	1	1	no	pages/Overtone (sound design).md:7
haze	Haze	1	1	no	pages/Backscatter (Lighting Effect).md:6
hdri-high-dynamic-range-image	HDRI (High Dynamic Range Image)	1	1	no	pages/HDR (High Dynamic Range).md:10
hero-puppet	Hero Puppet	1	1	no	pages/Guide Puppet (Animation Planning).md:7
high-resolution-frames	High-resolution frames	1	1	no	pages/Render farm.md:7
hinge-joint	Hinge joint	1	1	no	pages/Neck joint (puppet armature).md:10
hold-frames	Hold Frames	1	1	no	pages/Dead Frame.md:5
holdout-matte	holdout matte	1	1	no	pages/Overlay matte.md:7
homage	Homage	1	1	no	pages/Quotation (intertextual reference).md:7
human-factors	Human Factors	1	1	no	pages/Haptic Feedback (Animation Controls).md:10
hybrid-animation	Hybrid Animation	1	1	no	pages/Hand Puppet.md:7
hybrid-cg	Hybrid CG	1	1	no	pages/Uncanny valley (animation concept).md:18
image-compression	Image compression	1	1	no	pages/Quantization error (image compression).md:13
image-libraries	Image Libraries	1	1	no	pages/LIMNMEDIA Stop-Motion Wiki Overview.md:31
image-resolution	Image resolution	1	1	no	pages/Quad (image resolution multiple).md:13
image-size	Image size	1	1	no	pages/Resolution (image size).md:7
image-based-lighting-ibl	Image-Based Lighting (IBL)	1	1	no	pages/Environment Light (HDRI).md:6
in-betweening	In-betweening	1	1	no	pages/Breakdown Drawing.md:6
in-camera-effects	In-camera effects	1	1	no	pages/Quadruple exposure (experimental film).md:13
independent-animation	Independent Animation	1	1	no	pages/Kickstarter (animation funding).md:12
inking	Inking	1	1	no	pages/Quill pen (animation inking).md:7
input-transform	Input transform	1	1	no	pages/Output gamma.md:14
interframe-compression	Interframe Compression	1	1	no	pages/Intraframe Compression.md:11
interlacing	Interlacing	1	1	no	pages/Raster scan (video signal).md:7
interocular-distance	Interocular Distance	1	1	no	pages/Convergence (Stereoscopic).md:6
interpositive	Interpositive	1	1	no	pages/Internegative (Film Term, Historical).md:10
intertextuality	Intertextuality	1	1	no	pages/Quotation (intertextual reference).md:7
intervalometer	Intervalometer	1	1	no	pages/Magic Lantern (Canon firmware add-on).md:10
inverse-square-law	Inverse square law	1	1	no	pages/Quadratic falloff (light physics).md:13
iso-asa	ISO/ASA	1	1	no	pages/Photographic grain.md:13
jitter-camera-shake	Jitter (Camera Shake)	1	1	no	pages/Janky animation.md:17
joint-compound-set-building	Joint compound (set building)	1	1	no	pages/Dictionary — J.md:20
joint-lubricant-armatures	Joint lubricant (armatures)	1	1	no	pages/Dictionary — J.md:46
joint-tension	Joint Tension	1	1	no	pages/Hinge Joint (Armature).md:7
jointing-puppets	Jointing (Puppets)	1	1	no	pages/Gore-Tex Puppet Joint (Fabrication Trick).md:7
joystick-controller	Joystick Controller	1	1	no	pages/Haptic Feedback (Animation Controls).md:10
kilovolt-lighting-k-units	Kilovolt lighting (K units)	1	1	no	pages/Dictionary — K.md:11
knockout-matte-generation	Knockout (matte generation)	1	1	no	pages/Dictionary — K.md:40
l-cut	L-Cut	1	1	no	pages/J-cut (audio lead-in).md:16
l-cut-audio-trail-out	L-Cut (Audio Trail-Out)	1	1	no	pages/J-cut (audio lead-in).md:11
l-cut-storyboard-notation	L-Cut (Storyboard Notation)	1	1	no	pages/J-cut storyboard notation.md:11
layer	Layer	1	1	no	pages/Element (Compositing Element).md:6
led	LED	1	1	no	pages/Anode.md:6
led-lighting	LED lighting	1	1	no	pages/Quasar light (LED tube brand).md:7
led-panel-lighting	LED Panel (Lighting)	1	1	no	pages/Kino Flo (fluorescent lighting).md:12
led-wall-virtual-production	LED Wall (Virtual Production)	1	1	no	pages/Genlock (Synchronization).md:7
left-of-frame	Left of frame	1	1	no	pages/Right of frame (composition).md:7
lens-breathing-charts	Lens Breathing Charts	1	1	no	pages/LIMNMEDIA Stop-Motion Wiki Overview.md:9
lens-calibration-tables	Lens Calibration Tables	1	1	no	pages/LIMNMEDIA Stop-Motion Wiki Overview.md:36
lens-filter	Lens filter	1	1	no	pages/Polarizer (lens filter).md:13
lens-maps	Lens Maps	1	1	no	pages/LIMNMEDIA Stop-Motion Wiki Overview.md:8
light-meter-reflected	Light Meter (Reflected)	1	1	no	pages/Incident Light Meter.md:12
light-meters	Light Meters	1	1	no	pages/Exposure.md:6
light-table	Light Table	1	1	no	pages/Lightbox (animation).md:18
lighting-check	Lighting check	1	1	no	pages/Quick frame (single test frame).md:7
lighting-design	Lighting design	1	1	no	pages/Rim light.md:7
lighting-techniques	Lighting techniques	1	1	no	pages/Quartz lamp (lighting).md:13
lighting-test	Lighting test	1	1	no	pages/Bracketed Exposure.md:6
limn-lens	LIMN-LENS	1	1	no	pages/LIMNMEDIA Stop-Motion Wiki Overview.md:43
line-art	Line art	1	1	no	pages/Quill pen (animation inking).md:7
line-level	Line Level	1	1	no	pages/Impedance (Audio ___ Electronics).md:10
line-of-action	Line of Action	1	1	no	pages/Gesture Drawing.md:7
line-test	Line test	1	1	no	pages/Boiling Line (Hand-Drawn Animation Effect).md:8
live-view	Live View	1	1	no	pages/Electronic Viewfinder (EVF).md:6
live-action-integration	Live-action integration	1	1	no	pages/Pixelation (animation technique).md:13
live-action-plate	live-action plate	1	1	no	pages/Parallax.md:10
live-action-puppetry	Live-Action Puppetry	1	1	no	pages/Hand Puppet.md:7
load-bearing	Load Bearing	1	1	no	pages/Kip scale (engineering, rigging).md:11
log-encoding	Log encoding	1	1	no	pages/Negative (film).md:7
logo-animation	Logo Animation	1	1	no	pages/Ident (Broadcast ID Animation).md:10
logseq	Logseq	1	1	no	pages/Import (Data___Asset).md:9
long-shot	Long Shot	1	1	no	pages/Medium shot (MS).md:9
long-take	Long take	1	1	no	pages/Observation shot.md:9
loop-lighting	loop lighting	1	1	no	pages/Paramount lighting (butterfly lighting).md:14
low-angle-lighting	Low-angle lighting	1	1	no	pages/Raking light.md:7
low-light-photography	Low-light photography	1	1	no	pages/Readout noise (digital sensor).md:7
lut	LUT	1	1	no	pages/Output gamma.md:7
lux-light-measurement	Lux (Light Measurement)	1	1	no	pages/Foot Candle (Light Measurement).md:7
mag-stock-magnetic-audio-tape	Mag stock (magnetic audio tape)	1	1	no	pages/Dictionary — M.md:9
magnetic-tape	Magnetic tape	1	1	no	pages/Quarter-inch tape (audio legacy).md:13
making-of	Making-of	1	1	no	pages/Behind the Scenes.md:6
maquette	Maquette	1	1	no	pages/Quarter scale (miniature___maquette).md:13
mask	Mask	1	1	no	pages/Automask.md:6
masking-compositing	Masking (compositing)	1	1	no	pages/Optical flow (post-production).md:14
master-craft-rank	Master (Craft Rank)	1	1	no	pages/Journeyman (union rank).md:11
master-copy	Master copy	1	1	no	pages/Release print (film distribution).md:7
matchmoving-live-action-integration	Matchmoving (Live-Action Integration)	1	1	no	pages/Harryhausen (Ray Harryhausen Technique).md:7
materials	Materials	1	1	no	pages/Epoxy Putty (Puppet Fabrication).md:6
maya	Maya	1	1	no	pages/Orientation (camera alignment).md:14
measurement	Measurement	1	1	no	pages/Scale ruler (set building).md:7
mechanical-effects	Mechanical Effects	1	1	no	pages/Eccentric Cam (Rigging).md:6
mechanical-rig	Mechanical Rig	1	1	no	pages/Hydraulic Rig (FX Support).md:11
media-property	Media property	1	1	no	pages/Reboot (franchise___media).md:7
medium-specificity	Medium specificity	1	1	no	pages/Aesthetic Distance.md:6
merchandising	Merchandising	1	1	no	pages/Kickstarter (animation funding).md:12
mesh	Mesh	1	1	no	pages/Resolution (3D scan).md:7
metal-rod-rig	Metal rod rig	1	1	no	pages/Nylon wire (puppet rigging).md:6
metric-montage	Metric montage	1	1	no	pages/Overtone montage.md:7
miniature-construction	Miniature construction	1	1	no	pages/Quick build (set construction shorthand).md:7
miniature-layout	Miniature layout	1	1	no	pages/Radial symmetry (design).md:7
miniature-lighting	Miniature lighting	1	1	no	pages/Q-beam (lighting term).md:13
miniature-rigging	Miniature rigging	1	1	no	pages/Recoil rig (FX gag).md:8
miniature-sound	Miniature sound	1	1	no	pages/Resonance (sound).md:7
mirror	mirror	1	1	no	pages/Optical illusion (animation___VFX).md:11
mixed-media	Mixed media	1	1	no	pages/Assemblage.md:6
mixing-sound-vs-video	Mixing (Sound vs. Video)	1	1	no	pages/M___E bus (video switcher).md:10
mixing-sound	Mixing (Sound)	1	1	no	pages/Foley Sound.md:7
model-sheets	model sheets	1	1	no	pages/On-model (character consistency).md:6
modeling	Modeling	1	1	no	pages/Orthographic view (animation___3D).md:5
mold-making	Mold Making	1	1	no	pages/Head Sculpt (Puppet Fabrication).md:10
monitor	Monitor	1	1	no	pages/Raster scan (video signal).md:7
monitoring	Monitoring	1	1	no	pages/Capture Card.md:6
morphing	Morphing	1	1	no	pages/Grid Warp (Compositing Tool).md:7
motion-capture	Motion capture	1	1	no	pages/Performance capture.md:12
motion-control-rig	motion control rig	1	1	no	pages/Operator (camera role).md:9
motion-exaggeration	Motion exaggeration	1	1	no	pages/Quiver (character motion jitter).md:7
motion-path	Motion path	1	1	no	pages/Bezier Curve.md:6
motion-reference	Motion reference	1	1	no	pages/Quadcopter (drone cinematography).md:7
motion-study	Motion study	1	1	no	pages/Non-objective animation.md:9
motion-tracking	Motion tracking	1	1	no	pages/Rotoscoping.md:7
motivation	Motivation	1	1	no	pages/MacGuffin (storytelling term).md:11
mov	MOV	1	1	no	pages/Quicktime (media format).md:7
moviola	Moviola	1	1	no	pages/Flatbed Editor (Historical Editing Device).md:12
moviola-historical-editing-device	Moviola (Historical Editing Device)	1	1	no	pages/Flatbed Editor (Historical Editing Device).md:7
multi-camera	Multi-camera	1	1	no	pages/Quad rig (multi-cam mount).md:7
multichannel-audio	Multichannel audio	1	1	no	pages/Quad track (multichannel audio).md:7
multipass-composite-workflows	Multipass/Composite Workflows	1	1	no	pages/LIMNMEDIA Stop-Motion Wiki Overview.md:15
multiple-exposure	Multiple exposure	1	1	no	pages/Quadruple exposure (experimental film).md:13
multitrack-recording	Multitrack recording	1	1	no	pages/Recording head (audio).md:7
music	Music	1	1	no	pages/Mixer (audio).md:5
music-cues	Music Cues	1	1	no	pages/Exposure Sheet (X-Sheet, Dope Sheet).md:5
music-score	Music score	1	1	no	pages/Orchestration (sound design).md:5
music-scoring	Music scoring	1	1	no	pages/Quintuplet timing (music___sound sync).md:7
narrative	Narrative	1	1	no	pages/Convention (Genre Convention).md:6
narrative-structure	Narrative structure	1	1	no	pages/Rashomon effect (narrative device).md:7
negative-cutter	Negative Cutter	1	1	no	pages/Joiner (editorial splice).md:11
night-for-day-shooting-technique	Night-for-day (shooting technique)	1	1	no	pages/Dictionary — N.md:31
nodal-points	Nodal Points	1	1	no	pages/LIMNMEDIA Stop-Motion Wiki Overview.md:8
nodal-slide	Nodal slide	1	1	no	pages/Optical center (lens).md:9
nodal-zero-viewer	Nodal Zero Viewer	1	1	no	pages/LIMNMEDIA Stop-Motion Wiki Overview.md:43
noise-digital	Noise (Digital)	1	1	no	pages/ISO (Camera Sensitivity).md:11
non-parallax-point	Non-parallax point	1	1	no	pages/Optical center (lens).md:7
nonlinear-editing	Nonlinear Editing	1	1	no	pages/Linear editing.md:11
nonlinear-editing-nle	Nonlinear Editing (NLE)	1	1	no	pages/Jog shuttle.md:11
normal-map	Normal map	1	1	no	pages/Bump Map.md:6
on-twos-double-frame	On Twos (Double-Frame)	1	1	no	pages/Hold Frame.md:11
on-set-protocol	On-set protocol	1	1	no	pages/Quiet on set (call).md:7
open-source	Open Source	1	1	no	pages/Creative Commons.md:6
open-source-software	Open Source Software	1	1	no	pages/EULA (End User License Agreement).md:6
optical-effects	Optical effects	1	1	no	pages/Beam Splitter.md:6
optical-illusion	Optical illusion	1	1	no	pages/Afterimage.md:6
optical-viewfinder-ovf	Optical Viewfinder (OVF)	1	1	no	pages/Electronic Viewfinder (EVF).md:6
orientation	Orientation	1	1	no	pages/Azimuth.md:6
orthographic-projection	Orthographic Projection	1	1	no	pages/Isometric Projection.md:11
over-the-shoulder-shot	Over-the-shoulder shot	1	1	no	pages/Reverse angle shot.md:7
overcrank	Overcrank	1	1	no	pages/Undercrank (fast motion).md:18
overhead-lighting	Overhead Lighting	1	1	no	pages/Helium Balloon Light.md:7
overlapping-action	Overlapping Action	1	1	no	pages/LIMNMEDIA Stop-Motion Wiki Overview.md:14
overlay	Overlay	1	1	no	pages/Acetate.md:6
overlay-onion-skin	Overlay (Onion Skin)	1	1	no	pages/Graticule (Viewfinder Marking).md:7
oversampling	Oversampling	1	1	no	pages/Nyquist frequency (sampling theory).md:9
oversized-puppet	Oversized Puppet	1	1	no	pages/Full-Scale Puppet.md:7
overtime	Overtime	1	1	no	pages/Knock-on effect (production delays).md:12
oxberry-downshooter	Oxberry Downshooter	1	1	no	pages/J-gate (film camera).md:11
pal-video-standard	PAL (video standard)	1	1	no	pages/NTSC (video standard).md:10
particle-system	Particle System	1	1	no	pages/Dynamics (Physics Engine).md:6
patreon	Patreon	1	1	no	pages/Kickstarter (animation funding).md:12
payoff	Payoff	1	1	no	pages/Obstacle (narrative device).md:17
perception	Perception	1	1	no	pages/Just noticeable difference (JND).md:12
performance-animation	Performance (animation)	1	1	no	pages/Narrative rhythm (editing pace).md:15
perspective	Perspective	1	1	no	pages/Vanishing point (perspective).md:18
perspective-view	Perspective view	1	1	no	pages/Orthographic view (animation___3D).md:13
phenakistoscope	Phenakistoscope	1	1	no	pages/Magic lantern (pre-cinema device).md:9
phoneme	Phoneme	1	1	no	pages/Lip sync (animation).md:11
phosphorescence	Phosphorescence	1	1	no	pages/Half-Life (Lighting ___ Radioactive Reference).md:10
photochemical-workflow	Photochemical Workflow	1	1	no	pages/Latent image (photography).md:11
physical-simulation	Physical simulation	1	1	no	pages/Quicksand effect (practical FX gag).md:7
physics-simulation	Physics simulation	1	1	no	pages/Recoil rig (FX gag).md:8
pin-registration	Pin registration	1	1	no	pages/Registration (animation___film sprockets).md:7
pixel	Pixel	1	1	no	pages/Raster (image grid).md:7
pixels	Pixels	1	1	no	pages/Resolution (image size).md:7
pixilation-live-action-stop-motion	Pixilation (live-action stop-motion)	1	1	no	pages/Dictionary — P.md:37
plate-background-plate	Plate (Background Plate)	1	1	no	pages/Library shot (stock footage).md:11
plate-photography	Plate photography	1	1	no	pages/On-location shooting.md:9
play-order	Play order	1	1	no	pages/Queue sheet (broadcast or festival play order).md:7
plot-device	Plot Device	1	1	no	pages/MacGuffin (storytelling term).md:11
png-image-format	PNG (Image Format)	1	1	no	pages/JPEG (image format).md:11
point-cloud	Point cloud	1	1	no	pages/Resolution (3D scan).md:7
point-light	Point light	1	1	no	pages/Quadratic falloff (light physics).md:13
polarizer	Polarizer	1	1	no	pages/Quench light (suppress reflection).md:7
pose-to-pose	Pose-to-Pose	1	1	no	pages/LIMNMEDIA Stop-Motion Wiki Overview.md:14
positive-print	Positive print	1	1	no	pages/Negative (film).md:9
positive-space	Positive space	1	1	no	pages/Negative space (composition).md:7
post-processing	Post-processing	1	1	no	pages/Readout noise (digital sensor).md:7
poster-film-poster	Poster (Film Poster)	1	1	no	pages/Key art (marketing imagery).md:12
postproduction-effects	Postproduction Effects	1	1	no	pages/Cross Processing (Effect).md:6
power-distribution	power distribution	1	1	no	pages/On-location shooting.md:15
practical-light-on-set	Practical Light (On-Set)	1	1	no	pages/Juno lighting (brand).md:11
pre-cinema	Pre-cinema	1	1	no	pages/Magic lantern (pre-cinema device).md:9
precision-drive	Precision Drive	1	1	no	pages/Gear Ratio (Motion Control).md:7
prime-lens	Prime Lens	1	1	no	pages/Kit lens.md:11
prism	Prism	1	1	no	pages/Refraction (lens effect).md:7
procedural-generation	Procedural Generation	1	1	no	pages/L-system (procedural generation in VFX).md:11
production	Production	1	1	no	pages/Behind the Scenes.md:6
production-bible	Production Bible	1	1	no	pages/Journal (production log).md:12
production-call	Production call	1	1	no	pages/Quiet on set (call).md:7
production-case-studies	Production Case Studies	1	1	no	pages/LIMNMEDIA Stop-Motion Wiki Overview.md:44
production-efficiency	Production efficiency	1	1	no	pages/Amortization.md:6
production-schedule	Production schedule	1	1	no	pages/Quick turnaround (post schedule).md:7
progressive-scan	Progressive Scan	1	1	no	pages/Interlaced Video.md:11
projection	Projection	1	1	no	pages/Magic lantern (pre-cinema device).md:9
projection-plane	Projection Plane	1	1	no	pages/Image Plane.md:10
prop-set-stage	Prop (Set/Stage)	1	1	no	pages/MacGuffin (storytelling term).md:11
prop-design	Prop design	1	1	no	pages/Quotidian imagery (everyday objects in animation).md:7
prop-fabrication	Prop Fabrication	1	1	no	pages/IV (Intravenous Fake Tube, FX).md:11
prop-master	Prop master	1	1	no	pages/Quartermaster (prop___wardrobe role, historical).md:13
prototype-set	Prototype set	1	1	no	pages/Quick build (set construction shorthand).md:7
proxy-media	Proxy media	1	1	no	pages/Offline edit.md:9
publicity-still	Publicity Still	1	1	no	pages/Key art (marketing imagery).md:12
puppet-miniature-references	Puppet / Miniature References	1	1	no	pages/LIMNMEDIA Stop-Motion Wiki Overview.md:32
puppet-animation	Puppet animation	1	1	no	pages/Rack focus.md:7
puppet-armature	Puppet armature	1	1	no	pages/Rig (puppet___camera support).md:7
puppet-design	Puppet design	1	1	no	pages/Rembrandt lighting.md:7
puppet-performance	Puppet performance	1	1	no	pages/Performance capture.md:12
puppet-replacement	Puppet Replacement	1	1	no	pages/Emergency Backup Rig.md:6
puppet-rigging	Puppet rigging	1	1	no	pages/Quadruped animation (puppet walk cycles).md:7
puppeteer	Puppeteer	1	1	no	pages/Animator.md:6
puppetry-live-action-integration	Puppetry (Live-Action Integration)	1	1	no	pages/Go Motion.md:9
puppets	Puppets	1	1	no	pages/LIMNMEDIA Stop-Motion Wiki Overview.md:34
quadruped-gait	Quadruped gait	1	1	no	pages/Quadruped animation (puppet walk cycles).md:7
quartz-halogen	Quartz-halogen	1	1	no	pages/Quartz lamp (lighting).md:13
radiosity	Radiosity	1	1	no	pages/Hemicube (Rendering).md:10
rapid-production	Rapid production	1	1	no	pages/Quick strike (short schedule project).md:7
raster	Raster	1	1	no	pages/Resolution (image size).md:7
raw-camera-file	RAW (Camera File)	1	1	no	pages/Format (Image Format).md:7
re-recording-mixer	Re-Recording Mixer	1	1	no	pages/Jockey (sound mixer role).md:17
realism	Realism	1	1	no	pages/Illusionism (Art ___ Cinema).md:11
reference-layer	Reference Layer	1	1	no	pages/Dragonframe.md:6
reference-layers	Reference Layers	1	1	no	pages/Dragonframe.md:5
reference-material	Reference material	1	1	no	pages/Archive Footage.md:6
reference-materials	Reference Materials	1	1	no	pages/Creative Commons.md:6
reference-monitor	Reference Monitor	1	1	no	pages/LCD monitor.md:11
refinement	Refinement	1	1	no	pages/Polish pass (animation refinement).md:13
reflected-light	Reflected light	1	1	no	pages/Refraction (lens effect).md:7
reflection-pass	Reflection pass	1	1	no	pages/Render pass.md:7
reflector	Reflector	1	1	no	pages/Gold Reflector.md:7
registration-pin	Registration Pin	1	1	no	pages/J-gate (film camera).md:11
rehearsal	Rehearsal	1	1	no	pages/Dry Run (Rehearsal).md:6
rehearsal-dry-run	Rehearsal (Dry Run)	1	1	no	pages/Guide Puppet (Animation Planning).md:7
reimagining	Reimagining	1	1	no	pages/Reboot (franchise___media).md:7
reinforcement	Reinforcement	1	1	no	pages/Glass Fiber Reinforced Puppet.md:7
relatability	Relatability	1	1	no	pages/Quotidian imagery (everyday objects in animation).md:7
related-term	Related Term	1	1	no	pages/dictionary workflow overview.md:18
remake	Remake	1	1	no	pages/Reboot (franchise___media).md:7
resonance	Resonance	1	1	no	pages/Overtone (sound design).md:7
restoration	Restoration	1	1	no	pages/Artifact.md:9
reverb	Reverb	1	1	no	pages/Echo (Sound Effect).md:6
rgb	RGB	1	1	no	pages/Additive Color.md:7
rhythmic-montage	Rhythmic montage	1	1	no	pages/Overtone montage.md:7
rig-removal-vfx	Rig Removal (VFX)	1	1	no	pages/Kuroko (black-clad stagehand technique).md:11
rigging-hardware	Rigging hardware	1	1	no	pages/Nylon screw (armature building).md:9
rolling-shutter	Rolling Shutter	1	1	no	pages/Jailbar effect.md:11
rotational-blur	Rotational blur	1	1	no	pages/Radial blur (VFX).md:7
rough-animation	Rough animation	1	1	no	pages/Pencil test (2D animation).md:6
rough-assembly	Rough assembly	1	1	no	pages/Rough cut (editing).md:7
safety-stagecraft	Safety (Stagecraft)	1	1	no	pages/Junction box (studio wiring).md:11
safety-protocols	Safety Protocols	1	1	no	pages/E-stop (Emergency Stop).md:6
sample-data	Sample Data	1	1	no	pages/LIMNMEDIA Stop-Motion Wiki Overview.md:35
sampling-rate	Sampling rate	1	1	no	pages/Resolution (audio).md:7
satire	satire	1	1	no	pages/Parody (narrative device).md:7
scale-composition	Scale & Composition	1	1	no	pages/LIMNMEDIA Stop-Motion Wiki Overview.md:27
scale-miniatures	Scale (Miniatures)	1	1	no	pages/Magnification (optics).md:9
scale-modeling	Scale modeling	1	1	no	pages/Quarter scale (miniature___maquette).md:13
score	Score	1	1	no	pages/Underscore (music track).md:18
score-film-music	Score (film music)	1	1	no	pages/Non-diegetic sound.md:9
scratch-build	Scratch Build	1	1	no	pages/Kitbash (model___prop building).md:12
script-breakdown	Script Breakdown	1	1	no	pages/Notation (storyboard___score).md:10
sculpting	Sculpting	1	1	no	pages/Base Mesh (CG Model Base).md:6
sensor	Sensor	1	1	no	pages/Interference Pattern (Moire).md:11
sensor-calibration	Sensor calibration	1	1	no	pages/Response curve (sensor___film).md:7
series-development	Series development	1	1	no	pages/Pilot (test episode___short).md:13
set-puppet	Set & Puppet	1	1	no	pages/LIMNMEDIA Stop-Motion Wiki Overview.md:16
set-dressing-crew	Set Dressing Crew	1	1	no	pages/Kuroko (black-clad stagehand technique).md:11
set-edges	set edges	1	1	no	pages/Open matte.md:12
set-management	Set management	1	1	no	pages/Quartermaster (prop___wardrobe role, historical).md:13
set-pieces	Set Pieces	1	1	no	pages/LIMNMEDIA Stop-Motion Wiki Overview.md:34
set-rigging	Set rigging	1	1	no	pages/Non-slip base (set rigging).md:9
shader	Shader	1	1	no	pages/Material library (3D ___ VFX).md:9
shadow-matte	Shadow Matte	1	1	no	pages/Ground Shadow Pass.md:7
shadow-quality	Shadow Quality	1	1	no	pages/Fixture (Lighting Unit).md:5
sharpen	Sharpen	1	1	no	pages/Unsharp mask (image processing).md:18
short-films	Short Films	1	1	no	pages/LIMNMEDIA Stop-Motion Wiki Overview.md:45
short-light	Short light	1	1	no	pages/Broad Light.md:6
short-production	Short production	1	1	no	pages/Quick strike (short schedule project).md:7
shot-composition	Shot composition	1	1	no	pages/Reaction shot.md:7
shot-planning	Shot Planning	1	1	no	pages/LIMNMEDIA Stop-Motion Wiki Overview.md:41
shot-size	shot size	1	1	no	pages/Panel (storyboard frame).md:6
shot-tracking	Shot tracking	1	1	no	pages/Quarter-hour timing (production scheduling).md:13
shotgun-mic	Shotgun mic	1	1	no	pages/Unidirectional mic.md:18
shrink-tubing	Shrink Tubing	1	1	no	pages/Heat Gun (Fabrication Tool).md:13
shutter-release	Shutter Release	1	1	no	pages/Lanc remote (camera control).md:11
side-lighting	Side lighting	1	1	no	pages/Oblique lighting.md:9
signal	signal	1	1	no	pages/Oscilloscope (audio___video analysis).md:6
signal-conversion	Signal Conversion	1	1	no	pages/JVS connector.md:11
signal-processing	Signal processing	1	1	no	pages/Upconverter (signal processing).md:18
silent-era	Silent Era	1	1	no	pages/Hand Crank Camera.md:7
slider	Slider	1	1	no	pages/Rail dolly (camera move).md:7
slow-motion-overcranking	Slow Motion (Overcranking)	1	1	no	pages/Fast Motion (Undercranking).md:6
smooth-animation	Smooth Animation	1	1	no	pages/Janky animation.md:11
snoot	Snoot	1	1	no	pages/Grid (Lighting Accessory).md:7
sound-bridge	Sound Bridge	1	1	no	pages/L-cut (audio trail).md:11
sound-designer	Sound Designer	1	1	no	pages/Jockey (sound mixer role).md:17
sound-editing	Sound Editing	1	1	no	pages/Crossfade (Audio).md:6
sound-fidelity	Sound fidelity	1	1	no	pages/Resolution (audio).md:7
sound-mixing	Sound Mixing	1	1	no	pages/Lavalier mic.md:11
soundtrack	Soundtrack	1	1	no	pages/Score (music for film).md:7
special-effects-fx	Special Effects (FX)	1	1	no	pages/Kirlian effect (visual effect).md:11
special-effects-practical	Special Effects (Practical)	1	1	no	pages/Makeup effects (FX).md:9
specular-pass	Specular pass	1	1	no	pages/Render pass.md:7
speed-effect	Speed effect	1	1	no	pages/Radial blur (VFX).md:7
speed-ramp	Speed ramp	1	1	no	pages/Ramp (exposure or motion change).md:7
spill	Spill	1	1	no	pages/Barndoors Spill Control.md:6
splicer	Splicer	1	1	no	pages/Joiner (editorial splice).md:11
spline	Spline	1	1	no	pages/Bezier Curve.md:6
split-screen	split-screen	1	1	no	pages/Parallax error (camera alignment).md:5
spot-light	Spot light	1	1	no	pages/Point light (CG___VFX term).md:13
spot-meter	Spot Meter	1	1	no	pages/Light meter.md:12
spotlight	Spotlight	1	1	no	pages/Q-beam (lighting term).md:13
sprocket-hole	Sprocket hole	1	1	no	pages/Notch system (film sprockets).md:9
sprocket-holes	Sprocket holes	1	1	no	pages/Registration (animation___film sprockets).md:7
squib-practical-fx	Squib (Practical FX)	1	1	no	pages/Gunshot Effect (Practical FX).md:7
stage-alignment	Stage alignment	1	1	no	pages/Rack focus.md:5
stage-construction	Stage construction	1	1	no	pages/Non-slip base (set rigging).md:9
stage-direction	Stage direction	1	1	no	pages/Que (cue, stage direction).md:13
stage-equipment	Stage Equipment	1	1	no	pages/E-stop (Emergency Stop).md:6
stage-floor	Stage floor	1	1	no	pages/Nuts and bolts (armature hardware).md:13
stage-layouts	Stage Layouts	1	1	no	pages/LIMNMEDIA Stop-Motion Wiki Overview.md:17
stage-left	Stage left	1	1	no	pages/Upstage (blocking term).md:18
stage-lighting	Stage Lighting	1	1	no	pages/House Light.md:7
stage-line-up	Stage line-up	1	1	no	pages/Rack focus.md:7
stage-management	Stage management	1	1	no	pages/Usher (theater role, historical).md:18
stage-right	Stage right	1	1	no	pages/Upstage (blocking term).md:18
stage-technician	Stage Technician	1	1	no	pages/Grip (Crew).md:7
stereoscopic-3d	Stereoscopic 3D	1	1	no	pages/Convergence (Stereoscopic).md:6
stereoscopy	Stereoscopy	1	1	no	pages/Beam Splitter.md:6
stock-footage	Stock footage	1	1	no	pages/Archive Footage.md:6
stop-motion-audio	Stop-motion audio	1	1	no	pages/Quiescent noise (low-level sound floor).md:7
stop-motion-camera	Stop-Motion Camera	1	1	no	pages/Interpolation (Animation Curves).md:10
stop-motion-design	Stop-motion design	1	1	no	pages/Quick sketch (concept art).md:7
stop-motion-history	Stop-motion history	1	1	no	pages/Photoplay (early cinema term).md:13
stop-motion-multipass	Stop-Motion Multipass	1	1	no	pages/IV (Intravenous Fake Tube, FX).md:18
stop-motion-principles	Stop-motion principles	1	1	no	pages/Random motion (animation principle).md:7
stop-motion-set	Stop-motion set	1	1	no	pages/Quotidian imagery (everyday objects in animation).md:7
stop-motion-set-design	Stop-motion set design	1	1	no	pages/Quince (color tone reference).md:7
stop-motion-vfx	Stop-motion VFX	1	1	no	pages/Quick matte (fast compositing mask).md:7
stopwatch	Stopwatch	1	1	no	pages/Metronome (timing aid).md:14
story-evaluation	Story evaluation	1	1	no	pages/Questionnaire (audience test screening).md:7
string-puppet	String Puppet	1	1	no	pages/Marionette (puppet).md:9
studio	Studio	1	1	no	pages/Utility room (studio facility).md:18
studio-shooting	Studio shooting	1	1	no	pages/On-location shooting.md:9
style-guide	Style Guide	1	1	no	pages/Design Bible.md:6
stylization	Stylization	1	1	no	pages/Quasi-realism (stylistic approach).md:7
stylized-look	Stylized look	1	1	no	pages/Quirky lens (toy lens aesthetic).md:7
subjective-perspective	Subjective perspective	1	1	no	pages/Rashomon effect (narrative device).md:7
subjective-shot	Subjective shot	1	1	no	pages/Point of view shot (POV).md:13
subtle-movement	Subtle movement	1	1	no	pages/Quiver (character motion jitter).md:7
superimposition	Superimposition	1	1	no	pages/Overlay (graphics___compositing).md:14
surface-treatment	Surface treatment	1	1	no	pages/Brush Pass (Texture Painting).md:6
symbolism	Symbolism	1	1	no	pages/Metaphor (film language).md:15
symmetry	Symmetry	1	1	no	pages/Radial symmetry (design).md:7
tags-taxonomy	Tags & Taxonomy	1	1	no	pages/LIMNMEDIA Stop-Motion Wiki Overview.md:56
tape-recorder	Tape recorder	1	1	no	pages/Recording head (audio).md:7
technical-drawing	Technical drawing	1	1	no	pages/Arrangement Drawing.md:6
temporary-audio	Temporary audio	1	1	no	pages/Scratch track (temp audio).md:7
test-animation	Test Animation	1	1	no	pages/GIF Animation.md:7
test-screening	Test screening	1	1	no	pages/Questionnaire (audience test screening).md:7
tethered-capture	Tethered capture	1	1	no	pages/Mirrorless camera.md:10
texture-effect	Texture Effect	1	1	no	pages/Heat Gun (Fabrication Tool).md:13
texture-overlay	Texture Overlay	1	1	no	pages/Film Grain (Texture or Effect).md:7
theory-philosophy	Theory & Philosophy	1	1	no	pages/LIMNMEDIA Stop-Motion Wiki Overview.md:26
three-act-structure	Three-Act Structure	1	1	no	pages/Inciting Incident (Storytelling).md:10
through-the-lens-focus	Through-the-lens focus	1	1	no	pages/Rangefinder (camera type).md:7
tie-down	Tie-down	1	1	no	pages/Non-slip base (set rigging).md:9
tilt-shot	tilt shot	1	1	no	pages/Pan shot.md:13
time-management	Time management	1	1	no	pages/Quarter-hour timing (production scheduling).md:13
time-manipulation	Time manipulation	1	1	no	pages/Reverse motion (animation___post trick).md:7
timing-chart	Timing Chart	1	1	no	pages/Notation (storyboard___score).md:10
tonal-montage	Tonal montage	1	1	no	pages/Overtone montage.md:7
tone-mapping	Tone mapping	1	1	no	pages/S-curve (tone___contrast).md:7
tool-guides	Tool Guides	1	1	no	pages/LIMNMEDIA Stop-Motion Wiki Overview.md:42
top-shot	Top shot	1	1	no	pages/Overhead shot.md:14
topology	Topology	1	1	no	pages/Base Mesh (CG Model Base).md:6
toy-animation-pixilation	Toy Animation (Pixilation)	1	1	no	pages/Jointed doll animation.md:11
toy-camera	Toy camera	1	1	no	pages/Quirky lens (toy lens aesthetic).md:7
tps	TPS	1	1	no	pages/Rack focus.md:7
tps-three-point-system	TPS (Three Point System)	1	1	no	pages/Nodal point (lens).md:18
tps-alignment-guides	TPS Alignment Guides	1	1	no	pages/LIMNMEDIA Stop-Motion Wiki Overview.md:8
tps-desktop	TPS Desktop	1	1	no	pages/LIMNMEDIA Stop-Motion Wiki Overview.md:43
tps-methodology	TPS Methodology	1	1	no	pages/LIMNMEDIA Stop-Motion Wiki Overview.md:27
tps-workflow-integration	TPS Workflow Integration	1	1	no	pages/LIMNMEDIA Stop-Motion Wiki Overview.md:41
tracking	tracking	1	1	no	pages/Open matte.md:13
tracking-matchmove	Tracking (Matchmove)	1	1	no	pages/Ground Plane (Reference in CG___Set).md:7
tracking-markers	Tracking Markers	1	1	no	pages/Machine vision (VFX ___ capture).md:12
troubleshooting-notes	Troubleshooting Notes	1	1	no	pages/LIMNMEDIA Stop-Motion Wiki Overview.md:45
tungsten-light	Tungsten light	1	1	no	pages/Redhead (tungsten lamp).md:7
turnarounds	turnarounds	1	1	no	pages/On-model (character consistency).md:6
tutorials	Tutorials	1	1	no	pages/LIMNMEDIA Stop-Motion Wiki Overview.md:24
two-shot	Two-Shot	1	1	no	pages/Group Shot.md:7
typography	Typography	1	1	no	pages/Intertitle (Silent Film Card).md:11
typography-design	Typography (Design)	1	1	no	pages/Kinetic typography.md:11
typography-film	Typography (Film)	1	1	no	pages/Main title (sequence).md:9
undercranking	Undercranking	1	1	no	pages/Hand Crank Camera.md:7
underwater-lighting	Underwater lighting	1	1	no	pages/Underwater filming.md:18
union-film-animation	Union (Film/Animation)	1	1	no	pages/Journeyman (union rank).md:11
uv-light	UV Light	1	1	no	pages/Glow Paint (UV___FX).md:7
uv-mapping	UV mapping	1	1	no	pages/Atlas (Texture Atlas).md:6
value-brightness	Value (Brightness)	1	1	no	pages/Hue.md:10
value-color	Value (color)	1	1	no	pages/Saturation (color).md:7
value-study	Value Study	1	1	no	pages/Grayscale.md:10
vantage-point-camera-angle	Vantage point (camera angle)	1	1	no	pages/Dictionary — V.md:6
variac-dimmer-control	Variac (dimmer control)	1	1	no	pages/Dictionary — V.md:7
variation-animation-principle	Variation (animation principle)	1	1	no	pages/Dictionary — V.md:8
vector-motion-graphic-element	Vector (motion/graphic element)	1	1	no	pages/Dictionary — V.md:9
vector-scope-color-monitoring	Vector scope (color monitoring)	1	1	no	pages/Dictionary — V.md:10
vectorscope	Vectorscope	1	1	no	pages/Oscilloscope (audio___video analysis).md:15
vehicle-rig-miniature-animation	Vehicle rig (miniature animation)	1	1	no	pages/Dictionary — V.md:11
velcro-rigging-set-prop-fix	Velcro rigging (set/prop fix)	1	1	no	pages/Dictionary — V.md:12
vellum-storyboard-drawing-material	Vellum (storyboard/drawing material)	1	1	no	pages/Dictionary — V.md:13
verisimilitude-cinematic-realism	Verisimilitude (cinematic realism)	1	1	no	pages/Dictionary — V.md:14
vertical-hold-legacy-video-control	Vertical hold (legacy video control)	1	1	no	pages/Dictionary — V.md:15
vertical-movement-camera-or-puppet	Vertical movement (camera or puppet)	1	1	no	pages/Dictionary — V.md:16
vertical-pan-tilt-move	Vertical pan (tilt move)	1	1	no	pages/Dictionary — V.md:17
vfx-supervisor	VFX supervisor	1	1	no	pages/Dictionary — V.md:50
vfx-workflow	VFX workflow	1	1	no	pages/Quad (image resolution multiple).md:13
vibration-isolation	Vibration Isolation	1	1	no	pages/Gyro Stabilizer.md:10
video-assist-on-set-playback	Video assist (on-set playback)	1	1	no	pages/Dictionary — V.md:18
video-cassette-vhs	Video Cassette (VHS)	1	1	no	pages/Laserdisc (video format).md:11
video-codec	Video codec	1	1	no	pages/Dictionary — V.md:19
video-compression	Video compression	1	1	no	pages/Dictionary — V.md:20
video-file	Video file	1	1	no	pages/Quicktime (media format).md:7
video-formats	Video formats	1	1	no	pages/Upconverter (signal processing).md:18
video-standard	Video standard	1	1	no	pages/Rate (frame rate).md:7
video-village-set-monitor-area	Video village (set monitor area)	1	1	no	pages/Dictionary — V.md:22
viewfinder	Viewfinder	1	1	no	pages/Dictionary — V.md:23
viewing-angle	Viewing angle	1	1	no	pages/Dictionary — V.md:24
vignetting-lens-shading	Vignetting (lens shading)	1	1	no	pages/Dictionary — V.md:25
violence-staged-action-film-rating	Violence (staged action, film rating)	1	1	no	pages/Dictionary — V.md:26
virtual-camera-cgi	Virtual camera (CGI)	1	1	no	pages/Dictionary — V.md:27
virtual-puppeteering	Virtual Puppeteering	1	1	no	pages/Haptic Feedback (Animation Controls).md:10
virtual-set-vfx	Virtual set (VFX)	1	1	no	pages/Dictionary — V.md:29
visual	Visual	1	1	no	pages/Audiovisual.md:6
visual-continuity	Visual continuity	1	1	no	pages/Narrative continuity.md:6
visual-development-concept-art	Visual development (concept art)	1	1	no	pages/Dictionary — V.md:30
visual-effect-vfx	Visual effect (VFX)	1	1	no	pages/Dictionary — V.md:31
visual-effects	Visual effects	1	1	no	pages/Practical effect.md:13
visual-identity	Visual Identity	1	1	no	pages/Key art (marketing imagery).md:12
visual-metaphor-storytelling	Visual metaphor (storytelling)	1	1	no	pages/Dictionary — V.md:32
visual-noise-image-clutter	Visual noise (image clutter)	1	1	no	pages/Dictionary — V.md:33
visual-reference	Visual reference	1	1	no	pages/Quotation (intertextual reference).md:7
visual-rhythm	Visual rhythm	1	1	no	pages/Repetition (design principle).md:7
visual-rhythm-editing-animation	Visual rhythm (editing/animation)	1	1	no	pages/Dictionary — V.md:34
visual-style	Visual style	1	1	no	pages/Dictionary — V.md:36
voice-acting	Voice acting	1	1	no	pages/Dictionary — V.md:37
voiceover-vo	Voiceover (VO)	1	1	no	pages/Dictionary — V.md:38
volume-3d-space-in-composition	Volume (3D space in composition)	1	1	no	pages/Dictionary — V.md:39
volume-light-cgi-fog-effect	Volume light (CGI/fog effect)	1	1	no	pages/Dictionary — V.md:40
volumetric-capture	Volumetric capture	1	1	no	pages/Dictionary — V.md:41
volumetric-lighting	Volumetric lighting	1	1	no	pages/Dictionary — V.md:42
vox-pop-interview-footage	Vox pop (interview footage)	1	1	no	pages/Dictionary — V.md:43
vr-virtual-reality	VR (virtual reality)	1	1	no	pages/Dictionary — V.md:44
vr-headset	VR headset	1	1	no	pages/Dictionary — V.md:45
vr180-stereo-video	VR180 (stereo video)	1	1	no	pages/Dictionary — V.md:46
vr360-immersive-video	VR360 (immersive video)	1	1	no	pages/Dictionary — V.md:47
vtr-video-tape-recorder-legacy	VTR (video tape recorder, legacy)	1	1	no	pages/Dictionary — V.md:48
vu-meter-audio-level	VU meter (audio level)	1	1	no	pages/Dictionary — V.md:49
walk-cycle-animation-principle	Walk cycle (animation principle)	1	1	no	pages/Dictionary — W.md:1
wall-spreader-grip-rigging	Wall spreader (grip rigging)	1	1	no	pages/Dictionary — W.md:2
wardrobe	Wardrobe	1	1	no	pages/Quick change (costume___prop).md:13
wardrobe-costume-department	Wardrobe (costume department)	1	1	no	pages/Dictionary — W.md:3
wardrobe-supervisor	Wardrobe supervisor	1	1	no	pages/Quartermaster (prop___wardrobe role, historical).md:13
wardrobe-test-costume-fitting	Wardrobe test (costume fitting)	1	1	no	pages/Dictionary — W.md:49
warm-light-color-temperature	Warm light (color temperature)	1	1	no	pages/Dictionary — W.md:4
warm-cool-contrast-lighting-design	Warm/cool contrast (lighting design)	1	1	no	pages/Dictionary — W.md:50
wash-broad-light	Wash (broad light)	1	1	no	pages/Dictionary — W.md:5
waste-footage-unused-takes	Waste footage (unused takes)	1	1	no	pages/Dictionary — W.md:6
watchthrough-review-screening	Watchthrough (review screening)	1	1	no	pages/Dictionary — W.md:7
water-effects	Water effects	1	1	no	pages/Refraction (lens effect).md:7
wavelength-color-science	Wavelength (color science)	1	1	no	pages/Dictionary — W.md:10
wavetable-sound-design	Wavetable (sound design)	1	1	no	pages/Dictionary — W.md:9
wax-model-puppet-material	Wax (model/puppet material)	1	1	no	pages/Dictionary — W.md:11
weathering-set-prop-aging	Weathering (set/prop aging)	1	1	no	pages/Dictionary — W.md:12
web-series	Web series	1	1	no	pages/Dictionary — W.md:13
wedge-test-lighting-exposure-test	Wedge test (lighting/exposure test)	1	1	no	pages/Dictionary — W.md:47
weight-shift-puppet-animation	Weight shift (puppet animation)	1	1	no	pages/Dictionary — W.md:14
wet-gate-film-scanning	Wet gate (film scanning)	1	1	no	pages/Dictionary — W.md:15
whip-pan-fast-pan-move	Whip pan (fast pan move)	1	1	no	pages/Dictionary — W.md:16
whip-zoom	Whip zoom	1	1	no	pages/Dictionary — W.md:17
whisper-track-low-level-audio	Whisper track (low-level audio)	1	1	no	pages/Dictionary — W.md:48
white-card-lighting-reference	White card (lighting reference)	1	1	no	pages/Dictionary — W.md:19
white-clip-signal-limit	White clip (signal limit)	1	1	no	pages/Dictionary — W.md:20
white-noise-audio	White noise (audio)	1	1	no	pages/Dictionary — W.md:21
wide-dynamic-range-wdr	Wide dynamic range (WDR)	1	1	no	pages/Dictionary — W.md:51
wide-shot-ws	Wide shot (WS)	1	1	no	pages/Dictionary — W.md:23
widescreen	Widescreen	1	1	no	pages/Dictionary — W.md:24
wiki-philosophy	Wiki Philosophy	1	1	no	pages/LIMNMEDIA Stop-Motion Wiki Overview.md:49
wild-track-audio-recording	Wild track (audio recording)	1	1	no	pages/Dictionary — W.md:25
wind-machine-fx	Wind machine (FX)	1	1	no	pages/Dictionary — W.md:26
wind-up-camera-bolex-style	Wind-up camera (Bolex style)	1	1	no	pages/Dictionary — W.md:27
wipe-transition	Wipe Transition	1	1	no	pages/Hyperspace Wipe (Transition Effect).md:10
wire-removal	Wire removal	1	1	no	pages/Pole rig (puppet support).md:13
wire-removal-vfx	Wire removal (VFX)	1	1	no	pages/Dictionary — W.md:28
wire-rig-puppet-support	Wire rig (puppet support)	1	1	no	pages/Dictionary — W.md:29
wireless-microphone	Wireless microphone	1	1	no	pages/Radio mic.md:7
witness-camera-motion-control-reference	Witness camera (motion control reference)	1	1	no	pages/Dictionary — W.md:30
wobble-camera-shake-effect	Wobble (camera shake effect)	1	1	no	pages/Dictionary — W.md:31
workflow-production-pipeline	Workflow (production pipeline)	1	1	no	pages/Dictionary — W.md:33
working-print-film-editing	Working print (film editing)	1	1	no	pages/Dictionary — W.md:32
workprint-animation-film	Workprint (animation/film)	1	1	no	pages/Dictionary — W.md:34
workspace-editing-software	Workspace (editing software)	1	1	no	pages/Dictionary — W.md:35
wrap-end-of-shoot-call	Wrap (end of shoot call)	1	1	no	pages/Dictionary — W.md:36
wrap-party	Wrap party	1	1	no	pages/Dictionary — W.md:37
wraparound-set-design	Wraparound (set design)	1	1	no	pages/Dictionary — W.md:38
wreckage-set-miniature-effect	Wreckage set (miniature effect)	1	1	no	pages/Dictionary — W.md:39
wrist-joint-armature	Wrist joint (armature)	1	1	no	pages/Dictionary — W.md:40
write-on-animation-effect	Write-on (animation effect)	1	1	no	pages/Dictionary — W.md:41
writer-s-block-creative-process	Writer’s block (creative process)	1	1	no	pages/Dictionary — W.md:42
writing-room-script-development	Writing room (script development)	1	1	no	pages/Dictionary — W.md:43
wrought-iron-prop-set-material	Wrought iron (prop/set material)	1	1	no	pages/Dictionary — W.md:44
wtf-cut-jarring-edit	WTF cut (jarring edit)	1	1	no	pages/Dictionary — W.md:45
wysiwyg-software-interface	WYSIWYG (software interface)	1	1	no	pages/Dictionary — W.md:46
x-key-keyboard-shortcut-editing-animation-software	X key (keyboard shortcut, editing/animation software)	1	1	no	pages/Dictionary — X.md:18
x-acto-knife-prop-set-tool	X-acto knife (prop/set tool)	1	1	no	pages/Dictionary — X.md:1
x-axis-camera-animation-movement	X-axis (camera/animation movement)	1	1	no	pages/Dictionary — X.md:2
x-axis-lock-rig-control	X-axis lock (rig control)	1	1	no	pages/Dictionary — X.md:22
x-cam-secondary-witness-camera	X-cam (secondary witness camera)	1	1	no	pages/Dictionary — X.md:25
x-dolly-multi-axis-camera-dolly	X-dolly (multi-axis camera dolly)	1	1	no	pages/Dictionary — X.md:16
x-frame-cross-brace-in-set-rigging	X-frame (cross brace in set rigging)	1	1	no	pages/Dictionary — X.md:23
x-gate-camera-aperture-element	X-gate (camera aperture element)	1	1	no	pages/Dictionary — X.md:15
x-hatch-crosshatching-for-shading	X-hatch (crosshatching for shading)	1	1	no	pages/Dictionary — X.md:17
x-lens-experimental-optical-element	X-lens (experimental optical element)	1	1	no	pages/Dictionary — X.md:28
x-model-experimental-maquette	X-model (experimental maquette)	1	1	no	pages/Dictionary — X.md:24
x-overs-crossover-edit-montage	X-overs (crossover edit/montage)	1	1	no	pages/Dictionary — X.md:26
x-pose-neutral-puppet-rig-pose	X-pose (neutral puppet/rig pose)	1	1	no	pages/Dictionary — X.md:21
x-position-coordinate-system-term	X-position (coordinate system term)	1	1	no	pages/Dictionary — X.md:29
x-ray-effect-visual-gimmick	X-ray effect (visual gimmick)	1	1	no	pages/Dictionary — X.md:8
x-ray-film-archival-material	X-ray film (archival material)	1	1	no	pages/Dictionary — X.md:9
x-ray-lighting-backlit-silhouette	X-ray lighting (backlit silhouette)	1	1	no	pages/Dictionary — X.md:10
x-render-experimental-render-pass	X-render (experimental render pass)	1	1	no	pages/Dictionary — X.md:30
x-sheet	X-sheet	1	1	no	pages/Dope Sheet (Exposure Sheet, X-Sheet).md:5
x-sheet-exposure-sheet-in-animation	X-sheet (exposure sheet in animation)	1	1	no	pages/Dictionary — X.md:3
x-sheet-timing-stop-motion-planning	X-sheet timing (stop-motion planning)	1	1	no	pages/Dictionary — X.md:19
x-shot-placeholder-framing-in-storyboards	X-shot (placeholder framing in storyboards)	1	1	no	pages/Dictionary — X.md:20
x-synchronization-flash-sync	X-synchronization (flash sync)	1	1	no	pages/Dictionary — X.md:11
x-title-placeholder-title-card	X-title (placeholder title card)	1	1	no	pages/Dictionary — X.md:31
xenography-experimental-animation	Xenography (experimental animation)	1	1	no	pages/Dictionary — X.md:12
xenolith-texture-inspiration-design-reference	Xenolith (texture inspiration, design reference)	1	1	no	pages/Dictionary — X.md:27
xenon-lamp-projection-lighting	Xenon lamp (projection/lighting)	1	1	no	pages/Dictionary — X.md:4
xenon-strobe-special-effect	Xenon strobe (special effect)	1	1	no	pages/Dictionary — X.md:5
xerography-2d-animation-reproduction	Xerography (2D animation reproduction)	1	1	no	pages/Dictionary — X.md:13
xeroxed-storyboard-pre-digital-workflow	Xeroxed storyboard (pre-digital workflow)	1	1	no	pages/Dictionary — X.md:14
xlr-adapter-sound-gear	XLR adapter (sound gear)	1	1	no	pages/Dictionary — X.md:7
xlr-cable	XLR cable	1	1	no	pages/Phantom power (microphones).md:12
xlr-cable-audio-connection	XLR cable (audio connection)	1	1	no	pages/Dictionary — X.md:6
y-axis-camera-animation-movement	Y-axis (camera/animation movement)	1	1	no	pages/Dictionary — Y.md:1
y-axis-lock-rig-control	Y-axis lock (rig control)	1	1	no	pages/Dictionary — Y.md:24
y-axis-rotation-camera-movement	Y-axis rotation (camera movement)	1	1	no	pages/Dictionary — Y.md:25
y-axis-translation-movement-in-3d-2d	Y-axis translation (movement in 3D/2D)	1	1	no	pages/Dictionary — Y.md:50
y-balance-color-correction-axis	Y-balance (color correction axis)	1	1	no	pages/Dictionary — Y.md:4
y-balance-correction-grading-term	Y-balance correction (grading term)	1	1	no	pages/Dictionary — Y.md:44
y-cable-sound-connection	Y-cable (sound connection)	1	1	no	pages/Dictionary — Y.md:3
y-channel-luminance-in-yuv	Y-channel (luminance in YUV)	1	1	no	pages/Dictionary — Y.md:5
y-connector-power-or-cable-split	Y-connector (power or cable split)	1	1	no	pages/Dictionary — Y.md:34
y-curve-exposure-response	Y-curve (exposure response)	1	1	no	pages/Dictionary — Y.md:48
y-cut-editing-scene-interruption	Y-cut (editing, scene interruption)	1	1	no	pages/Dictionary — Y.md:33
y-shaped-rig-puppet-support	Y-shaped rig (puppet support)	1	1	no	pages/Dictionary — Y.md:49
y-splitter-audio-video-cable	Y-splitter (audio/video cable)	1	1	no	pages/Dictionary — Y.md:2
yard-grid-scale-planning-for-large-sets	Yard grid (scale planning for large sets)	1	1	no	pages/Dictionary — Y.md:45
yard-sale-aesthetic-set-dressing	Yard sale aesthetic (set dressing)	1	1	no	pages/Dictionary — Y.md:43
yardage-fabric-for-costumes-sets	Yardage (fabric for costumes/sets)	1	1	no	pages/Dictionary — Y.md:22
yardstick-scale-measurement-tool	Yardstick (scale/measurement tool)	1	1	no	pages/Dictionary — Y.md:28
yarn-puppet-hair-prop-material	Yarn (puppet hair/prop material)	1	1	no	pages/Dictionary — Y.md:20
yarn-armature-wrap-stop-motion-technique	Yarn armature wrap (stop-motion technique)	1	1	no	pages/Dictionary — Y.md:21
yarn-puppet-craft-animation	Yarn puppet (craft animation)	1	1	no	pages/Dictionary — Y.md:26
yarn-stop-motion-test	Yarn stop-motion test	1	1	no	pages/Dictionary — Y.md:47
yarn-test-lighting-focus-reference	Yarn test (lighting/focus reference)	1	1	no	pages/Dictionary — Y.md:23
yarnboard-storyboard-pinned-with-yarn	Yarnboard (storyboard pinned with yarn)	1	1	no	pages/Dictionary — Y.md:27
yaw-camera-rotation	Yaw (camera rotation)	1	1	no	pages/Dictionary — Y.md:30
yaw-axis-gimbal	Yaw axis (gimbal)	1	1	no	pages/Dictionary — Y.md:31
yaw-lock-stabilization	Yaw lock (stabilization)	1	1	no	pages/Dictionary — Y.md:32
ycbcr-digital-video-color-encoding	YCbCr (digital video color encoding)	1	1	no	pages/Dictionary — Y.md:7
year-slate-archival-labeling	Year slate (archival labeling)	1	1	no	pages/Dictionary — Y.md:35
year-end-reel-portfolio-summary	Year-end reel (portfolio summary)	1	1	no	pages/Dictionary — Y.md:36
yelling-track-adr-voice-performance	Yelling track (ADR/voice performance)	1	1	no	pages/Dictionary — Y.md:37
yellow-card-prop-costume-color-note	Yellow card (prop/costume color note)	1	1	no	pages/Dictionary — Y.md:11
yellow-filter-b-w-photography	Yellow filter (B&W photography)	1	1	no	pages/Dictionary — Y.md:9
yellow-light-warm-color-temperature	Yellow light (warm color temperature)	1	1	no	pages/Dictionary — Y.md:12
yellow-screen-legacy-compositing	Yellow screen (legacy compositing)	1	1	no	pages/Dictionary — Y.md:10
yellowing-aging-of-film-stock-props	Yellowing (aging of film stock/props)	1	1	no	pages/Dictionary — Y.md:38
yield-production-scheduling-term	Yield (production scheduling term)	1	1	no	pages/Dictionary — Y.md:13
yield-curve-post-schedule-production-efficiency	Yield curve (post schedule/production efficiency)	1	1	no	pages/Dictionary — Y.md:29
yield-sign-prop-set-dressing	Yield sign prop (set dressing)	1	1	no	pages/Dictionary — Y.md:46
yiq-analog-video-encoding	YIQ (analog video encoding)	1	1	no	pages/Dictionary — Y.md:8
yoke-lighting-mount	Yoke (lighting mount)	1	1	no	pages/Dictionary — Y.md:14
yoke-mount-lamp-hardware	Yoke mount (lamp hardware)	1	1	no	pages/Dictionary — Y.md:39
yolk-effect-center-weighted-light	Yolk effect (center-weighted light)	1	1	no	pages/Dictionary — Y.md:15
young-audience-target-demographic	Young audience (target demographic)	1	1	no	pages/Dictionary — Y.md:40
young-s-modulus-armature-wire-property	Young’s modulus (armature wire property)	1	1	no	pages/Dictionary — Y.md:16
youth-culture-media-theme	Youth culture (media theme)	1	1	no	pages/Dictionary — Y.md:41
youtube-distribution-platform	YouTube (distribution platform)	1	1	no	pages/Dictionary — Y.md:17
youtube-algorithm-audience-reach	YouTube algorithm (audience reach)	1	1	no	pages/Dictionary — Y.md:19
youtube-shorts-vertical-content	YouTube Shorts (vertical content)	1	1	no	pages/Dictionary — Y.md:18
ytterbium-lamp-special-lighting	Ytterbium lamp (special lighting)	1	1	no	pages/Dictionary — Y.md:42
yuv-color-space	YUV color space	1	1	no	pages/Dictionary — Y.md:6
z-axis-camera-animation-movement	Z-axis (camera/animation movement)	1	1	no	pages/Dictionary — Z.md:1
z-axis-lock-rig-control	Z-axis lock (rig control)	1	1	no	pages/Dictionary — Z.md:2
z-axis-rig-stop-motion-camera-move	Z-axis rig (stop-motion camera move)	1	1	no	pages/Dictionary — Z.md:46
z-axis-rotation-3d-rotation	Z-axis rotation (3D rotation)	1	1	no	pages/Dictionary — Z.md:45
z-axis-translation-3d-movement	Z-axis translation (3D movement)	1	1	no	pages/Dictionary — Z.md:44
z-buffer-3d-rendering	Z-buffer (3D rendering)	1	1	no	pages/Dictionary — Z.md:3
z-cam-witness-camera-secondary-view	Z-cam (witness camera/secondary view)	1	1	no	pages/Dictionary — Z.md:14
z-depth-render-pass	Z-depth (render pass)	1	1	no	pages/Dictionary — Z.md:4
z-fighting-3d-artifact	Z-fighting (3D artifact)	1	1	no	pages/Dictionary — Z.md:5
z-key-keyboard-shortcut	Z-key (keyboard shortcut)	1	1	no	pages/Dictionary — Z.md:6
z-lens-experimental-optical-element	Z-lens (experimental optical element)	1	1	no	pages/Dictionary — Z.md:7
z-level-layer-depth-in-2d-3d	Z-level (layer depth in 2D/3D)	1	1	no	pages/Dictionary — Z.md:50
z-plane-compositing-depth	Z-plane (compositing depth)	1	1	no	pages/Dictionary — Z.md:8
z-roll-camera-rotation	Z-roll (camera rotation)	1	1	no	pages/Dictionary — Z.md:9
z-scale-miniature-measurement	Z-scale (miniature measurement)	1	1	no	pages/Dictionary — Z.md:10
z-space-after-effects-3d-workspace	Z-space (After Effects 3D workspace)	1	1	no	pages/Dictionary — Z.md:11
z-stack-focus-stacking-photography	Z-stack (focus stacking photography)	1	1	no	pages/Dictionary — Z.md:12
z-stop-lens-marking	Z-stop (lens marking)	1	1	no	pages/Dictionary — Z.md:13
zebra-stripes-exposure-monitoring	Zebra stripes (exposure monitoring)	1	1	no	pages/Dictionary — Z.md:15
zebrascope-exposure-monitor	Zebrascope (exposure monitor)	1	1	no	pages/Dictionary — Z.md:47
zenith-shot-camera-overhead	Zenith shot (camera overhead)	1	1	no	pages/Dictionary — Z.md:16
zeno-s-paradox-motion-theory-metaphor	Zeno’s paradox (motion theory metaphor)	1	1	no	pages/Dictionary — Z.md:48
zero-parallax-stereo-3d-camera-alignment	Zero parallax (stereo/3D camera alignment)	1	1	no	pages/Dictionary — Z.md:18
zero-point-calibration	Zero point (calibration)	1	1	no	pages/Dictionary — Z.md:17
zero-stop-mechanical-lens-limit	Zero stop (mechanical lens limit)	1	1	no	pages/Dictionary — Z.md:19
zeroing-out-rig-setup-reset	Zeroing out (rig setup reset)	1	1	no	pages/Dictionary — Z.md:20
zinc-oxide-screen-practical-fx	Zinc oxide screen (practical FX)	1	1	no	pages/Dictionary — Z.md:21
zip-pan-fast-camera-pan	Zip pan (fast camera pan)	1	1	no	pages/Dictionary — Z.md:22
zip-tone-screen-shading-effect	Zip tone (screen shading effect)	1	1	no	pages/Dictionary — Z.md:23
zip-zap-cut-jarring-edit	Zip zap cut (jarring edit)	1	1	no	pages/Dictionary — Z.md:24
zipline-rig-camera-move-system	Zipline rig (camera move system)	1	1	no	pages/Dictionary — Z.md:25
zone-system-exposure-method	Zone system (exposure method)	1	1	no	pages/Dictionary — Z.md:41
zoom-blur-vfx	Zoom blur (VFX)	1	1	no	pages/Dictionary — Z.md:27
zoom-creep-lens-drift	Zoom creep (lens drift)	1	1	no	pages/Dictionary — Z.md:39
zoom-in	Zoom in	1	1	no	pages/Dictionary — Z.md:36
zoom-motor-remote-lens-control	Zoom motor (remote lens control)	1	1	no	pages/Dictionary — Z.md:38
zoom-out	Zoom out	1	1	no	pages/Dictionary — Z.md:37
zoom-pull-dolly-zoom-vertigo-effect	Zoom pull (dolly zoom/Vertigo effect)	1	1	no	pages/Dictionary — Z.md:30
zoom-range	Zoom range	1	1	no	pages/Dictionary — Z.md:33
zoom-ratio	Zoom ratio	1	1	no	pages/Dictionary — Z.md:31
zoom-ring	Zoom ring	1	1	no	pages/Dictionary — Z.md:32
zoom-shot	Zoom shot	1	1	no	pages/Dictionary — Z.md:29
zoom-stop	Zoom stop	1	1	no	pages/Dictionary — Z.md:34
zoom-tracking-live-composite	Zoom tracking (live composite)	1	1	no	pages/Dictionary — Z.md:35
zoom-transition-editing-effect	Zoom transition (editing effect)	1	1	no	pages/Dictionary — Z.md:40
zoomorphic-design-creature-style	Zoomorphic design (creature style)	1	1	no	pages/Dictionary — Z.md:49
zoptic-front-projection-system	Zoptic (front projection system)	1	1	no	pages/Dictionary — Z.md:42
zorki-camera-historical-model	Zorki camera (historical model)	1	1	no	pages/Dictionary — Z.md:43
