candidate_id	candidate	classification	confidence	references	likely_structural	source_file_count	closest_existing_term	similarity	rationale	sample_locations
motion-control	Motion control	ALIAS	high	149	no	138	Motion control (MoCo)	1.00	Aggressive label normalization matches an existing page name.	pages/Analog.md:6; pages/Automation.md:10; pages/Camera Move.md:6; pages/Camera Shake.md:6; pages/Damping (Motion Control).md:6
hybrid-workflow	Hybrid Workflow	ALIAS	high	29	no	22	Hybrid Workflow (Practical + Digital)	1.00	Aggressive label normalization matches an existing page name.	pages/CGI (Computer-Generated Imagery).md:6; pages/Chromakey (Chroma Key).md:6; pages/Cloth Simulation.md:6; pages/Cloud Rendering.md:5; pages/Cloud Rendering.md:6
rig-removal	Rig removal	ALIAS	high	22	no	19	Rig removal (VFX cleanup)	1.00	Aggressive label normalization matches an existing page name.	pages/Cast Shadow.md:6; pages/CGI (Computer-Generated Imagery).md:6; pages/Chromakey (Chroma Key).md:6; pages/Clean Plate.md:5; pages/Clean Plate.md:6
composition	Composition	ALIAS	high	17	no	17	Composition (Visual Framing)	1.00	Aggressive label normalization matches an existing page name.	pages/Action Line.md:6; pages/Aspect Ratio.md:6; pages/Bust Shot.md:6; pages/Center of Interest.md:6; pages/Chiaroscuro.md:6
cgi	CGI	ALIAS	high	14	no	14	CGI (Computer-Generated Imagery)	1.00	Aggressive label normalization matches an existing page name.	pages/Atlas (Texture Atlas).md:6; pages/Base Mesh (CG Model Base).md:6; pages/model sheet.md:7; pages/Neutral balance (white balance).md:7; pages/Neutral gray card (exposure).md:7
matte	Matte	ALIAS	high	13	no	12	Matte (VFX Compositing)	1.00	Aggressive label normalization matches an existing page name.	pages/Acetate.md:6; pages/Automask.md:6; pages/Edge Blend.md:6; pages/Element (Compositing Element).md:6; pages/Garbage Matte.md:7
resolution	Resolution	ALIAS	high	10	no	10	Resolution (3D scan)	1.00	Aggressive label normalization matches an existing page name.	pages/Alias (Aliasing).md:6; pages/Anti-aliasing.md:6; pages/ATSC Standard.md:6; pages/DPI (Dots Per Inch).md:6; pages/Interference Pattern (Moire).md:11
lip-sync	Lip sync	ALIAS	high	9	no	9	Lip Sync (Animation)	1.00	Aggressive label normalization matches an existing page name.	pages/ADR (Automated Dialogue Replacement).md:6; pages/Animator.md:6; pages/Audio Sync.md:6; pages/Bar Sheet (Exposure Sheet).md:6; pages/Click Track.md:6
miniature	Miniature	ALIAS	high	8	no	8	Miniature (practical effects)	1.00	Aggressive label normalization matches an existing page name.	pages/Backlot Set.md:6; pages/Bigature.md:6; pages/Hollywood Flat (Set Construction).md:7; pages/IV (Intravenous Fake Tube, FX).md:11; pages/Kitbash (model___prop building).md:12
timeline-editing	Timeline (Editing)	ALIAS	high	8	no	8	Timeline	1.00	Aggressive label normalization matches an existing page name.	pages/Insert Edit (Editing).md:11; pages/Key symbol (storyboards).md:11; pages/Keyframe (animation).md:11; pages/Keyframing (digital animation).md:11; pages/L-cut (audio trail).md:11
dope-sheet	Dope Sheet	ALIAS	high	7	no	6	[[Dope Sheet]] (Exposure Sheet, X-Sheet)	1.00	Aggressive label normalization matches an existing page name.	pages/Click Track.md:6; pages/Dope Sheet (Exposure Sheet, X-Sheet).md:1; pages/Dope Sheet (Exposure Sheet, X-Sheet).md:5; pages/Exposure Sheet (X-Sheet, Dope Sheet).md:6; pages/Hold Pose.md:16
follow-through	Follow through	ALIAS	high	7	no	6	Follow-Through (Animation Principle)	1.00	Aggressive label normalization matches an existing page name.	pages/Anticipation.md:6; pages/Arc.md:6; pages/Character Animation.md:6; pages/Drag (Animation Principle).md:5; pages/Drag (Animation Principle).md:6
noise-digital-sensor	Noise (Digital Sensor)	ALIAS	high	7	no	5	Noise (image/sound)	1.00	Aggressive label normalization matches an existing page name.	pages/Film Grain (Texture or Effect).md:7; pages/Film Speed (ISO___ASA).md:5; pages/Film Speed (ISO___ASA).md:7; pages/Frame Averaging.md:7; pages/Gain (Signal___Exposure).md:5
blocking	Blocking	ALIAS	high	6	no	6	Blocking (Animation)	1.00	Aggressive label normalization matches an existing page name.	pages/Previsualization (previs).md:13; pages/Quadrant (storyboard or screen division).md:13; pages/Screen direction.md:7; pages/Screen left ___ screen right.md:7; pages/Upstage (blocking term).md:18
exposure-sheet-x-sheet	Exposure Sheet (X-Sheet)	ALIAS	high	6	no	4	Exposure Sheet (X-Sheet, Dope Sheet)	1.00	Aggressive label normalization matches an existing page name.	pages/Click Track.md:5; pages/Click Track.md:6; pages/Continuity.md:5; pages/Event Cue (Sound ___ Music).md:5; pages/Event Cue (Sound ___ Music).md:6
previsualization	Previsualization	ALIAS	high	6	no	6	Previsualization (previs)	1.00	Aggressive label normalization matches an existing page name.	pages/Animatic.md:6; pages/Board (Storyboards).md:6; pages/Mock-up (previsualization).md:9; pages/Orthographic view (animation___3D).md:6; pages/Pilot (test episode___short).md:13
exposure-sheet	Exposure sheet	ALIAS	high	5	no	4	Exposure Sheet (X-Sheet, Dope Sheet)	1.00	Aggressive label normalization matches an existing page name.	pages/Cel Animation.md:6; pages/Numbering (frame count system).md:7; pages/Numbering (frame count system).md:19; pages/Oscilloscope (audio___video analysis).md:9; pages/Pencil test (2D animation).md:6
grip	Grip	ALIAS	high	5	no	5	Grip (Crew)	1.00	Aggressive label normalization matches an existing page name.	pages/Apple Box.md:6; pages/Boom Arm.md:9; pages/Boom Microphone.md:9; pages/Gaffer Tape.md:7; pages/Uprigger (grip role).md:18
interpolation	Interpolation	ALIAS	high	5	no	5	Interpolation (Animation Curves)	1.00	Aggressive label normalization matches an existing page name.	pages/Bezier Curve.md:6; pages/Clamp (Animation Curve).md:6; pages/Damping (Motion Control).md:6; pages/Ease Curve (Interpolation).md:6; pages/Graph Editor (Animation Curves).md:7
iso	ISO	ALIAS	high	5	no	5	ISO (Camera Sensitivity)	1.00	Aggressive label normalization matches an existing page name.	pages/Aperture.md:6; pages/ASA (Film Speed).md:6; pages/Auto Exposure.md:6; pages/Exposure.md:7; pages/Readout noise (digital sensor).md:7
nodal-point	Nodal Point	ALIAS	high	5	no	3	Nodal point (lens)	1.00	Aggressive label normalization matches an existing page name.	pages/Gimbal.md:17; pages/K-rig (camera rig shorthand).md:11; pages/Rack focus.md:5; pages/Rack focus.md:7; pages/Rack focus.md:18
dope-sheet-x-sheet	Dope sheet (X-sheet)	ALIAS	high	4	no	3	[[Dope Sheet]] (Exposure Sheet, X-Sheet)	1.00	Aggressive label normalization matches an existing page name.	pages/Non-synchronous sound.md:17; pages/Notation (storyboard___score).md:8; pages/Numbering (frame count system).md:6; pages/Numbering (frame count system).md:10
downshooter	Downshooter	ALIAS	high	4	no	3	Downshooter (Animation Stand)	1.00	Aggressive label normalization matches an existing page name.	pages/Animation Camera.md:6; pages/Animation Stand.md:6; pages/On-axis lighting.md:6; pages/On-axis lighting.md:12
keyframe	Keyframe	ALIAS	high	4	no	4	Keyframe (Animation)	1.00	Aggressive label normalization matches an existing page name.	pages/Clamp (Animation Curve).md:6; pages/Path animation (CGI).md:6; pages/Pencil test (2D animation).md:6; pages/Polish pass (animation refinement).md:13
registration	Registration	ALIAS	high	4	no	4	Registration (animation/film sprockets)	1.00	Aggressive label normalization matches an existing page name.	pages/Anchor Point.md:6; pages/Animation Stand.md:6; pages/Baseline.md:9; pages/Registration pegs (2D___puppet animation).md:7
scene	Scene	ALIAS	high	4	no	4	Scene (script/film unit)	1.00	Aggressive label normalization matches an existing page name.	pages/Scene breakdown.md:7; pages/Screenplay.md:7; pages/Unit (production crew division).md:18; pages/Unit list (crew sheet).md:18
three-point-system	Three-point system	ALIAS	high	4	no	4	Three-point system (TPS)	1.00	Aggressive label normalization matches an existing page name.	pages/Baseline.md:9; pages/Breathing (Lens Breathing).md:6; pages/Rack focus.md:5; pages/Rule of thirds.md:7
timing-animation	Timing (animation)	ALIAS	high	4	no	4	Timing	1.00	Aggressive label normalization matches an existing page name.	pages/Narrative beat (story timing).md:9; pages/Narrative rhythm (editing pace).md:9; pages/Ones (animating on 1s).md:9; pages/Onion skinning.md:7
aperture-f-stop	Aperture (f-stop)	ALIAS	high	3	no	3	Aperture	1.00	Aggressive label normalization matches an existing page name.	pages/Near focus limit (DOF).md:7; pages/Neutral density filter (ND).md:9; pages/Out of focus.md:7
depth-of-field-dof	Depth of field (DOF)	ALIAS	high	3	no	2	Depth of Field	1.00	Aggressive label normalization matches an existing page name.	pages/Near focus limit (DOF).md:3; pages/Near focus limit (DOF).md:9; pages/Objective lens (optics).md:7
diffusion	Diffusion	ALIAS	high	3	no	3	Diffusion (Lighting)	1.00	Aggressive label normalization matches an existing page name.	pages/Bounce Light.md:6; pages/Rag (lighting diffusion).md:7; pages/Reflector (lighting tool).md:7
ease-in-ease-out	Ease In / Ease Out	ALIAS	high	3	no	3	Ease In / Ease Out (Animation Curves)	1.00	Aggressive label normalization matches an existing page name.	pages/Clamp (Animation Curve).md:6; pages/Frame Blending.md:13; pages/Janky animation.md:8
gobo	Gobo	ALIAS	high	3	no	2	Gobo (Go-Between Object)	1.00	Aggressive label normalization matches an existing page name.	pages/Dapple Lighting.md:6; pages/Diffusion (Lighting).md:6; pages/Diffusion (Lighting).md:13
hdri	HDRI	ALIAS	high	3	no	3	HDRI (High Dynamic Range Imaging)	1.00	Aggressive label normalization matches an existing page name.	pages/Dome Lighting.md:6; pages/Fisheye Lens.md:5; pages/Global Illumination (GI).md:7
jpeg	JPEG	ALIAS	high	3	no	3	JPEG (Image Format)	1.00	Aggressive label normalization matches an existing page name.	pages/JPEG2000.md:16; pages/Just noticeable difference (JND).md:9; pages/Output (render___export).md:6
masking	Masking	ALIAS	high	3	no	2	Masking (Set Painting / Exposure)	1.00	Aggressive label normalization matches an existing page name.	pages/Letterboxing.md:11; pages/Letterboxing.md:16; pages/Rotoscoping.md:7
medium-shot	Medium shot	ALIAS	high	3	no	3	Medium Shot (MS)	1.00	Aggressive label normalization matches an existing page name.	pages/Bust Shot.md:6; pages/Head Room (Framing).md:7; pages/Partial model (miniature set).md:9
negative	Negative	ALIAS	high	3	no	3	Negative (film)	1.00	Aggressive label normalization matches an existing page name.	pages/Internegative (Film Term, Historical).md:10; pages/Interpositive (Film Term, Historical).md:10; pages/Photographic emulsion.md:13
nodal-alignment	nodal alignment	ALIAS	high	3	no	3	Nodal alignment (camera move calibration)	1.00	Aggressive label normalization matches an existing page name.	pages/Operator (camera role).md:10; pages/Optical center (lens).md:5; pages/Orientation (camera alignment).md:5
pan	Pan	ALIAS	high	3	no	3	Pan (camera move)	1.00	Aggressive label normalization matches an existing page name.	pages/Camera Move.md:6; pages/Dolly Move.md:13; pages/Pedestal (camera support move).md:6
point-of-view-shot	Point-of-view shot	ALIAS	high	3	no	2	Point of view shot (POV)	1.00	Aggressive label normalization matches an existing page name.	pages/Observation shot.md:7; pages/Observation shot.md:9; pages/Over-the-shoulder shot (OTS).md:14
safe-area	Safe Area	ALIAS	high	3	no	3	Safe area (framing)	1.00	Aggressive label normalization matches an existing page name.	pages/Graticule (Viewfinder Marking).md:7; pages/Guide Frame (Layout Reference).md:7; pages/Underscan.md:18
saturation	Saturation	ALIAS	high	3	no	3	Saturation (color)	1.00	Aggressive label normalization matches an existing page name.	pages/Bypass (Bleach Bypass Effect).md:6; pages/Hue Shift (Color Manipulation).md:10; pages/Hue.md:10
anticipation-animation-principle	Anticipation (Animation Principle)	ALIAS	high	2	no	2	Anticipation	1.00	Aggressive label normalization matches an existing page name.	pages/Follow-Through (Animation Principle).md:7; pages/Hold Pose.md:10
compression	Compression	ALIAS	high	2	no	2	Compression (Video Compression)	1.00	Aggressive label normalization matches an existing page name.	pages/Artifact.md:9; pages/Quicktime (media format).md:7
glass-shot	Glass Shot	ALIAS	high	2	no	2	Glass Shot (Practical Matte Painting)	1.00	Aggressive label normalization matches an existing page name.	pages/Matte painting.md:9; pages/Optical illusion (animation___VFX).md:11
grain	Grain	ALIAS	high	2	no	2	Grain (Film or Digital Noise)	1.00	Aggressive label normalization matches an existing page name.	pages/Bypass (Bleach Bypass Effect).md:6; pages/Emulsion (Film Stock).md:6
graph-editor	Graph editor	ALIAS	high	2	no	2	Graph Editor (Animation Curves)	1.00	Aggressive label normalization matches an existing page name.	pages/Bezier Curve.md:6; pages/Clamp (Animation Curve).md:6
hdr	HDR	ALIAS	high	2	no	2	HDR (High Dynamic Range)	1.00	Aggressive label normalization matches an existing page name.	pages/Bracketed Exposure.md:6; pages/Bulb Exposure.md:9
joint	Joint	ALIAS	high	2	no	2	Joint (Armature)	1.00	Aggressive label normalization matches an existing page name.	pages/Articulation.md:6; pages/Ball-and-Socket Armature.md:6
metadata	Metadata	ALIAS	high	2	no	2	Metadata (EXIF/IPTC)	1.00	Aggressive label normalization matches an existing page name.	pages/Burn-In (Image Burn or Overlay).md:6; pages/Import (Data___Asset).md:11
noise	Noise	ALIAS	high	2	no	2	Noise (image/sound)	1.00	Aggressive label normalization matches an existing page name.	pages/Artifact.md:9; pages/Photographic grain.md:13
noise-floor	Noise floor	ALIAS	high	2	no	2	Noise floor (audio recording)	1.00	Aggressive label normalization matches an existing page name.	pages/Quiescent noise (low-level sound floor).md:7; pages/Readout noise (digital sensor).md:7
ntsc	NTSC	ALIAS	high	2	no	2	NTSC (video standard)	1.00	Aggressive label normalization matches an existing page name.	pages/ATSC Standard.md:6; pages/Broadcast Safe.md:6
pattern	Pattern	ALIAS	high	2	no	2	Pattern (composition)	1.00	Aggressive label normalization matches an existing page name.	pages/Radial symmetry (design).md:7; pages/Repetition (design principle).md:7
rig	Rig	ALIAS	high	2	no	2	Rig (puppet/camera support)	1.00	Aggressive label normalization matches an existing page name.	pages/Anchor Point.md:6; pages/Riser (set construction).md:7
rough-cut	Rough cut	ALIAS	high	2	no	2	Rough cut (editing)	1.00	Aggressive label normalization matches an existing page name.	pages/Offline edit.md:9; pages/Uncut (editing term).md:18
scrim	Scrim	ALIAS	high	2	no	2	Scrim (fixture insert)	1.00	Aggressive label normalization matches an existing page name.	pages/Barn Doors.md:6; pages/Utility stand (lighting___grip).md:18
crossfade	Crossfade	ALIAS	high	1	no	1	Crossfade (Audio)	1.00	Aggressive label normalization matches an existing page name.	pages/Quick dissolve (fast transition).md:7
distortion	Distortion	ALIAS	high	1	no	1	Distortion (Lens)	1.00	Aggressive label normalization matches an existing page name.	pages/Conversion Lens.md:6
edge-light	Edge Light	ALIAS	high	1	no	1	Edge Light (Rim Light)	1.00	Aggressive label normalization matches an existing page name.	pages/Kick light.md:17
embedded-metadata	Embedded metadata	ALIAS	high	1	no	1	Embedded Metadata (EXIF, IPTC)	1.00	Aggressive label normalization matches an existing page name.	pages/Metadata (EXIF___IPTC).md:9
f-stop	F-stop	ALIAS	high	1	no	1	F-stop (Aperture Setting)	1.00	Aggressive label normalization matches an existing page name.	pages/Quarter stop (exposure increment).md:13
field-of-view	Field of view	ALIAS	high	1	no	1	Field of View (FOV)	1.00	Aggressive label normalization matches an existing page name.	pages/Anamorphic Lens.md:6
film-gate	Film Gate	ALIAS	high	1	no	1	Film Gate (Camera Aperture)	1.00	Aggressive label normalization matches an existing page name.	pages/Mag (film magazine).md:9
film-grain	Film grain	ALIAS	high	1	no	1	Film Grain (Texture or Effect)	1.00	Aggressive label normalization matches an existing page name.	pages/Analog.md:6
fixture	Fixture	ALIAS	high	1	no	1	Fixture (Lighting Unit)	1.00	Aggressive label normalization matches an existing page name.	pages/Scrim (lighting).md:7
genlock	Genlock	ALIAS	high	1	no	1	Genlock (Synchronization)	1.00	Aggressive label normalization matches an existing page name.	pages/Horizontal Hold (Video Sync).md:11
hdri-high-dynamic-range-image	HDRI (High Dynamic Range Image)	ALIAS	high	1	no	1	HDRI (High Dynamic Range Imaging)	1.00	Aggressive label normalization matches an existing page name.	pages/HDR (High Dynamic Range).md:10
hinge-joint	Hinge joint	ALIAS	high	1	no	1	Hinge Joint (Armature)	1.00	Aggressive label normalization matches an existing page name.	pages/Neck joint (puppet armature).md:10
in-betweening	In-betweening	ALIAS	high	1	no	1	In-Betweening (Tweening)	1.00	Aggressive label normalization matches an existing page name.	pages/Breakdown Drawing.md:6
interpositive	Interpositive	ALIAS	high	1	no	1	Interpositive (Film Term, Historical)	1.00	Aggressive label normalization matches an existing page name.	pages/Internegative (Film Term, Historical).md:10
jitter-camera-shake	Jitter (Camera Shake)	ALIAS	high	1	no	1	Jitter (Camera / Animation)	1.00	Aggressive label normalization matches an existing page name.	pages/Janky animation.md:17
l-cut	L-Cut	ALIAS	high	1	no	1	L-Cut (Audio Trail)	1.00	Aggressive label normalization matches an existing page name.	pages/J-cut (audio lead-in).md:16
l-cut-audio-trail-out	L-Cut (Audio Trail-Out)	ALIAS	high	1	no	1	L-Cut (Audio Trail)	1.00	Aggressive label normalization matches an existing page name.	pages/J-cut (audio lead-in).md:11
l-cut-storyboard-notation	L-Cut (Storyboard Notation)	ALIAS	high	1	no	1	L-Cut (Audio Trail)	1.00	Aggressive label normalization matches an existing page name.	pages/J-cut storyboard notation.md:11
layer	Layer	ALIAS	high	1	no	1	Layer (Compositing)	1.00	Aggressive label normalization matches an existing page name.	pages/Element (Compositing Element).md:6
light-meter-reflected	Light Meter (Reflected)	ALIAS	high	1	no	1	Light Meter	1.00	Aggressive label normalization matches an existing page name.	pages/Incident Light Meter.md:12
light-table	Light Table	ALIAS	high	1	no	1	Light Table (Cel Animation)	1.00	Aggressive label normalization matches an existing page name.	pages/Lightbox (animation).md:18
line-test	Line test	ALIAS	high	1	no	1	Line Test (Animation)	1.00	Aggressive label normalization matches an existing page name.	pages/Boiling Line (Hand-Drawn Animation Effect).md:8
live-action-plate	live-action plate	ALIAS	high	1	no	1	Live Action Plate (VFX)	1.00	Aggressive label normalization matches an existing page name.	pages/Parallax.md:10
mask	Mask	ALIAS	high	1	no	1	Mask (Compositing)	1.00	Aggressive label normalization matches an existing page name.	pages/Automask.md:6
masking-compositing	Masking (compositing)	ALIAS	high	1	no	1	Masking (Set Painting / Exposure)	1.00	Aggressive label normalization matches an existing page name.	pages/Optical flow (post-production).md:14
nodal-slide	Nodal slide	ALIAS	high	1	no	1	Nodal slide (camera rig)	1.00	Aggressive label normalization matches an existing page name.	pages/Optical center (lens).md:9
noise-digital	Noise (Digital)	ALIAS	high	1	no	1	Noise (image/sound)	1.00	Aggressive label normalization matches an existing page name.	pages/ISO (Camera Sensitivity).md:11
non-parallax-point	Non-parallax point	ALIAS	high	1	no	1	Non-parallax point (lens)	1.00	Aggressive label normalization matches an existing page name.	pages/Optical center (lens).md:7
optical-illusion	Optical illusion	ALIAS	high	1	no	1	Optical illusion (animation/VFX)	1.00	Aggressive label normalization matches an existing page name.	pages/Afterimage.md:6
optical-viewfinder-ovf	Optical Viewfinder (OVF)	ALIAS	high	1	no	1	Optical viewfinder	1.00	Aggressive label normalization matches an existing page name.	pages/Electronic Viewfinder (EVF).md:6
orientation	Orientation	ALIAS	high	1	no	1	Orientation (camera alignment)	1.00	Aggressive label normalization matches an existing page name.	pages/Azimuth.md:6
over-the-shoulder-shot	Over-the-shoulder shot	ALIAS	high	1	no	1	Over-the-shoulder shot (OTS)	1.00	Aggressive label normalization matches an existing page name.	pages/Reverse angle shot.md:7
overcrank	Overcrank	ALIAS	high	1	no	1	Overcrank (slow motion capture)	1.00	Aggressive label normalization matches an existing page name.	pages/Undercrank (fast motion).md:18
overlapping-action	Overlapping Action	ALIAS	high	1	no	1	Overlapping action (animation principle)	1.00	Aggressive label normalization matches an existing page name.	pages/LIMNMEDIA Stop-Motion Wiki Overview.md:14
overlay	Overlay	ALIAS	high	1	no	1	Overlay (graphics/compositing)	1.00	Aggressive label normalization matches an existing page name.	pages/Acetate.md:6
overlay-onion-skin	Overlay (Onion Skin)	ALIAS	high	1	no	1	Overlay (graphics/compositing)	1.00	Aggressive label normalization matches an existing page name.	pages/Graticule (Viewfinder Marking).md:7
perspective	Perspective	ALIAS	high	1	no	1	Perspective (drawing___camera)	1.00	Aggressive label normalization matches an existing page name.	pages/Vanishing point (perspective).md:18
plate-background-plate	Plate (Background Plate)	ALIAS	high	1	no	1	Plate (background plate for VFX)	1.00	Aggressive label normalization matches an existing page name.	pages/Library shot (stock footage).md:11
point-light	Point light	ALIAS	high	1	no	1	Point light (CG___VFX term)	1.00	Aggressive label normalization matches an existing page name.	pages/Quadratic falloff (light physics).md:13
polarizer	Polarizer	ALIAS	high	1	no	1	Polarizer (lens filter)	1.00	Aggressive label normalization matches an existing page name.	pages/Quench light (suppress reflection).md:7
raster	Raster	ALIAS	high	1	no	1	Raster (image grid)	1.00	Aggressive label normalization matches an existing page name.	pages/Resolution (image size).md:7
reflector	Reflector	ALIAS	high	1	no	1	Reflector (lighting tool)	1.00	Aggressive label normalization matches an existing page name.	pages/Gold Reflector.md:7
resonance	Resonance	ALIAS	high	1	no	1	Resonance (sound)	1.00	Aggressive label normalization matches an existing page name.	pages/Overtone (sound design).md:7
restoration	Restoration	ALIAS	high	1	no	1	Restoration (film/digital)	1.00	Aggressive label normalization matches an existing page name.	pages/Artifact.md:9
rig-removal-vfx	Rig Removal (VFX)	ALIAS	high	1	no	1	Rig removal (VFX cleanup)	1.00	Aggressive label normalization matches an existing page name.	pages/Kuroko (black-clad stagehand technique).md:11
score	Score	ALIAS	high	1	no	1	Score (music for film)	1.00	Aggressive label normalization matches an existing page name.	pages/Underscore (music track).md:18
score-film-music	Score (film music)	ALIAS	high	1	no	1	Score (music for film)	1.00	Aggressive label normalization matches an existing page name.	pages/Non-diegetic sound.md:9
slow-motion-overcranking	Slow Motion (Overcranking)	ALIAS	high	1	no	1	Slow motion	1.00	Aggressive label normalization matches an existing page name.	pages/Fast Motion (Undercranking).md:6
value-brightness	Value (Brightness)	ALIAS	high	1	no	1	Value	1.00	Aggressive label normalization matches an existing page name.	pages/Hue.md:10
value-color	Value (color)	ALIAS	high	1	no	1	Value	1.00	Aggressive label normalization matches an existing page name.	pages/Saturation (color).md:7
timecode	Timecode	MERGE/DUPLICATE	medium	16	no	12	Time code	0.94	Very close lexical match to an existing page; review spelling and parenthetical scope.	pages/Burn-In (Image Burn or Overlay).md:6; pages/Burnt-In Timecode.md:6; pages/Dual-System Sound.md:5; pages/Dual-System Sound.md:6; pages/Genlock (Synchronization).md:7
practical-effects	Practical effects	MERGE/DUPLICATE	medium	15	no	15	Practical effect	0.97	Very close lexical match to an existing page; review spelling and parenthetical scope.	pages/Bigature.md:6; pages/Cloth Simulation.md:6; pages/Evaporation Effect (Practical FX).md:6; pages/Fire Effect (Practical or VFX).md:7; pages/Fog Machine.md:7
image-sequences	Image Sequences	MERGE/DUPLICATE	medium	7	no	7	Image Sequence	0.97	Very close lexical match to an existing page; review spelling and parenthetical scope.	pages/Editing Suite.md:5; pages/Editing.md:5; pages/Editor’s Cut.md:5; pages/Embedded Metadata (EXIF, IPTC).md:5; pages/Encod­ing (Video Encoding).md:5
chroma-key	Chroma key	MERGE/DUPLICATE	medium	6	no	5	Chromakey (Chroma Key)	0.95	Very close lexical match to an existing page; review spelling and parenthetical scope.	pages/Blue Screen.md:6; pages/Edge Blend.md:6; pages/Feathering (Mask or Light).md:7; pages/Feathering (Mask or Light).md:11; pages/Mask (compositing).md:9
animatics	Animatics	MERGE/DUPLICATE	medium	5	no	5	Animatic	0.94	Very close lexical match to an existing page; review spelling and parenthetical scope.	pages/Coverage (Film Coverage).md:5; pages/Opening shot.md:7; pages/Outline drawing (storyboard).md:5; pages/Pre-production.md:13; pages/Previsualization (previs).md:13
miniatures	Miniatures	MERGE/DUPLICATE	medium	5	no	5	Miniature (practical effects)	0.95	Very close lexical match to an existing page; review spelling and parenthetical scope.	pages/False Perspective (Forced Perspective).md:6; pages/Industrial Light & Magic (ILM).md:10; pages/LIMNMEDIA Stop-Motion Wiki Overview.md:17; pages/Mat (set building material).md:9; pages/Material library (3D ___ VFX).md:9
animators	Animators	MERGE/DUPLICATE	medium	3	no	3	Animator	0.94	Very close lexical match to an existing page; review spelling and parenthetical scope.	pages/Dramatic Irony.md:5; pages/End Credits.md:5; pages/Overhang (set building).md:6
back-light	Back Light	MERGE/DUPLICATE	medium	3	no	2	Backlight	0.95	Very close lexical match to an existing page; review spelling and parenthetical scope.	pages/Key (lighting).md:11; pages/Kick light.md:11; pages/Kick light.md:17
chroma-key-chroma-keying	Chroma Key (Chroma Keying)	MERGE/DUPLICATE	medium	3	no	2	Chromakey (Chroma Key)	0.95	Very close lexical match to an existing page; review spelling and parenthetical scope.	pages/Garbage Matte.md:5; pages/Garbage Matte.md:7; pages/Green screen.md:7
dope-sheets	Dope Sheets	MERGE/DUPLICATE	medium	3	no	3	[[Dope Sheet]] (Exposure Sheet, X-Sheet)	0.95	Very close lexical match to an existing page; review spelling and parenthetical scope.	pages/Directing Animator’s Notes.md:11; pages/In-Betweening (Tweening).md:7; pages/Jump frame.md:18
test-shoot	Test Shoot	MERGE/DUPLICATE	medium	3	no	3	Test shot	0.95	Very close lexical match to an existing page; review spelling and parenthetical scope.	pages/Line test (animation).md:11; pages/Pilot (test episode___short).md:13; pages/Quick strike (short schedule project).md:7
lighting-diagrams	Lighting Diagrams	MERGE/DUPLICATE	medium	2	no	1	Lighting Diagram	0.97	Very close lexical match to an existing page; review spelling and parenthetical scope.	pages/LIMNMEDIA Stop-Motion Wiki Overview.md:12; pages/LIMNMEDIA Stop-Motion Wiki Overview.md:32
camera-moves	Camera moves	MERGE/DUPLICATE	medium	1	no	1	Camera Move	0.96	Very close lexical match to an existing page; review spelling and parenthetical scope.	pages/Previsualization (previs).md:13
chroma-key-chromakey	Chroma Key (Chromakey)	MERGE/DUPLICATE	medium	1	no	1	Chromakey (Chroma Key)	0.95	Very close lexical match to an existing page; review spelling and parenthetical scope.	pages/Front projection.md:7
control-points	Control Points	MERGE/DUPLICATE	medium	1	no	1	Control Point	0.96	Very close lexical match to an existing page; review spelling and parenthetical scope.	pages/Grid Warp (Compositing Tool).md:14
environment-maps	Environment Maps	MERGE/DUPLICATE	medium	1	no	1	Environment Map	0.97	Very close lexical match to an existing page; review spelling and parenthetical scope.	pages/Equirectangular Projection (360° Images).md:5
event-cues	Event Cues	MERGE/DUPLICATE	medium	1	no	1	Event Cue (Sound / Music)	0.95	Very close lexical match to an existing page; review spelling and parenthetical scope.	pages/Exposure Sheet (X-Sheet, Dope Sheet).md:5
exposure-sheets-x-sheets	Exposure Sheets (X-Sheets)	MERGE/DUPLICATE	medium	1	no	1	Exposure Sheet (X-Sheet, Dope Sheet)	0.97	Very close lexical match to an existing page; review spelling and parenthetical scope.	pages/End Motion (Final Pose).md:13
fixtures-lighting-units	Fixtures (Lighting Units)	MERGE/DUPLICATE	medium	1	no	1	Fixture (Lighting Unit)	0.93	Very close lexical match to an existing page; review spelling and parenthetical scope.	pages/Gaffer.md:5
focus-pulls	Focus Pulls	MERGE/DUPLICATE	medium	1	no	1	Focus Pull	0.95	Very close lexical match to an existing page; review spelling and parenthetical scope.	pages/Follow Focus.md:5
hold-frames	Hold Frames	MERGE/DUPLICATE	medium	1	no	1	Hold Frame	0.95	Very close lexical match to an existing page; review spelling and parenthetical scope.	pages/Dead Frame.md:5
in-camera-effects	In-camera effects	MERGE/DUPLICATE	medium	1	no	1	In-Camera Effect	0.97	Very close lexical match to an existing page; review spelling and parenthetical scope.	pages/Quadruple exposure (experimental film).md:13
interframe-compression	Interframe Compression	MERGE/DUPLICATE	medium	1	no	1	Intraframe Compression	0.95	Very close lexical match to an existing page; review spelling and parenthetical scope.	pages/Intraframe Compression.md:11
light-meters	Light Meters	MERGE/DUPLICATE	medium	1	no	1	Light Meter	0.96	Very close lexical match to an existing page; review spelling and parenthetical scope.	pages/Exposure.md:6
model-sheets	model sheets	MERGE/DUPLICATE	medium	1	no	1	Model sheet (animation reference)	0.96	Very close lexical match to an existing page; review spelling and parenthetical scope.	pages/On-model (character consistency).md:6
nodal-points	Nodal Points	MERGE/DUPLICATE	medium	1	no	1	Nodal point (lens)	0.96	Very close lexical match to an existing page; review spelling and parenthetical scope.	pages/LIMNMEDIA Stop-Motion Wiki Overview.md:8
nonlinear-editing	Nonlinear Editing	MERGE/DUPLICATE	medium	1	no	1	Non-linear editing (NLE)	0.97	Very close lexical match to an existing page; review spelling and parenthetical scope.	pages/Linear editing.md:11
nonlinear-editing-nle	Nonlinear Editing (NLE)	MERGE/DUPLICATE	medium	1	no	1	Non-linear editing (NLE)	0.97	Very close lexical match to an existing page; review spelling and parenthetical scope.	pages/Jog shuttle.md:11
tracking-markers	Tracking Markers	MERGE/DUPLICATE	medium	1	no	1	Tracking marker	0.97	Very close lexical match to an existing page; review spelling and parenthetical scope.	pages/Machine vision (VFX ___ capture).md:12
turnarounds	turnarounds	MERGE/DUPLICATE	medium	1	no	1	Turnaround	0.95	Very close lexical match to an existing page; review spelling and parenthetical scope.	pages/On-model (character consistency).md:6
multipass	Multipass	NEW TERM	medium	179	no	166	Metamerism (Color Science)	0.42	Repeated in the graph and not close to an existing page.	pages/Chromakey (Chroma Key).md:6; pages/Clean Plate.md:5; pages/Clean Plate.md:6; pages/Cloud Rendering.md:6; pages/Color Grading.md:5
lighting	Lighting	NEW TERM	medium	108	no	107	Light Spill	0.63	Repeated in the graph and not close to an existing page.	pages/Additive Color.md:7; pages/Aerial Perspective.md:6; pages/Atmosphere.md:10; pages/Backscatter (Lighting Effect).md:6; pages/Balance (White Balance).md:6
stop-motion	Stop-motion	NEW TERM	medium	108	no	108	Slow motion	0.82	Repeated in the graph and not close to an existing page.	pages/Animator.md:6; pages/Brick Film (Lego Animation).md:6; pages/Cel Animation.md:6; pages/Go Motion.md:9; pages/Hand Crank Camera.md:7
stop-motion-workflow	Stop-motion workflow	NEW TERM	medium	87	no	87	Silhouette animation	0.40	Repeated in the graph and not close to an existing page.	pages/Playback monitor.md:13; pages/Pop (exposure or audio spike).md:13; pages/Pre-production.md:13; pages/Quad rig (multi-cam mount).md:7; pages/Quad split (monitoring).md:13
miniature-photography	Miniature photography	NEW TERM	medium	76	no	76	Material Library (3D / VFX)	0.38	Repeated in the graph and not close to an existing page.	logseq/.recycle/pages_Rackover (lens alignment).md:7; pages/Quirky lens (toy lens aesthetic).md:7; pages/Quotidian imagery (everyday objects in animation).md:7; pages/rackover.md:7; pages/Rag (lighting diffusion).md:7
rigging	Rigging	NEW TERM	medium	53	no	52	Rendering	0.50	Repeated in the graph and not close to an existing page.	pages/Apple Box.md:6; pages/Armature.md:6; pages/Arrangement Drawing.md:6; pages/Articulation.md:6; pages/Boom Arm.md:9
vfx	VFX	NEW TERM	medium	29	no	29	Value	0.25	Repeated in the graph and not close to an existing page.	pages/Background Plate.md:6; pages/Open matte.md:13; pages/Optical illusion (animation___VFX).md:7; pages/Optical printer.md:5; pages/Orthographic view (animation___3D).md:5
storyboards	Storyboards	NEW TERM	medium	27	no	22	Sharpness	0.40	Repeated in the graph and not close to an existing page.	pages/Color Script.md:6; pages/Color Script.md:11; pages/Coverage (Film Coverage).md:5; pages/Coverage (Film Coverage).md:6; pages/Design Bible.md:6
lens-calibration	Lens Calibration	NEW TERM	medium	26	no	19	Lens Breathing	0.73	Repeated in the graph and not close to an existing page.	pages/Conversion Lens.md:12; pages/Distortion (Lens).md:6; pages/Effective Focal Length (EFL).md:5; pages/Effective Focal Length (EFL).md:6; pages/Embedded Metadata (EXIF, IPTC).md:5
puppet-fabrication	Puppet Fabrication	NEW TERM	medium	26	no	26	Path animation (CGI)	0.62	Repeated in the graph and not close to an existing page.	pages/Epoxy Putty (Puppet Fabrication).md:5; pages/Full-Scale Puppet.md:7; pages/Glass Fiber Reinforced Puppet.md:7; pages/Gore-Tex Puppet Joint (Fabrication Trick).md:7; pages/Guide Puppet (Animation Planning).md:7
sound-design	Sound design	NEW TERM	medium	25	no	25	Sound sync	0.73	Repeated in the graph and not close to an existing page.	pages/Atmosphere.md:10; pages/Audiovisual.md:6; pages/Dialogue Editing.md:12; pages/Echo (Sound Effect).md:6; pages/Foley Sound.md:7
film-stock	Film stock	NEW TERM	medium	24	no	24	Film Gate (Camera Aperture)	0.63	Repeated in the graph and not close to an existing page.	pages/ASA (Film Speed).md:6; pages/Emulsion (Film Stock).md:6; pages/Exposure Latitude.md:6; pages/Film Grain (Texture or Effect).md:7; pages/Film Speed (ISO___ASA).md:7
key-light	Key light	NEW TERM	medium	24	no	23	Kick Light	0.74	Repeated in the graph and not close to an existing page.	pages/Ambient Light.md:6; pages/Backlight.md:6; pages/Bounce Light.md:6; pages/Broad Light.md:6; pages/Butterfly Lighting.md:6
pipeline	Pipeline	NEW TERM	medium	24	no	23	Pixelation (animation technique)	0.67	Repeated in the graph and not close to an existing page.	pages/ACEScg.md:12; pages/Amortization.md:6; pages/Animatic.md:6; pages/Automation.md:10; pages/Availability.md:10
multipass-shooting	Multipass Shooting	NEW TERM	medium	22	no	22	Matte Painting	0.50	Repeated in the graph and not close to an existing page.	pages/Keyer (chroma key tool).md:11; pages/Layer (compositing).md:11; pages/Layered set (stop-motion staging).md:12; pages/Lens breathing.md:11; pages/Level (tripod___rig tool).md:12
framing	Framing	NEW TERM	medium	21	no	20	Frame Line	0.71	Repeated in the graph and not close to an existing page.	pages/Aspect Ratio.md:6; pages/Bust Shot.md:6; pages/Center of Interest.md:6; pages/Close-Up.md:6; pages/Composition (Visual Framing).md:6
camera-alignment	Camera alignment	NEW TERM	medium	19	no	18	Camera Shake	0.64	Repeated in the graph and not close to an existing page.	pages/Outtake.md:14; pages/Overhang (set building).md:5; pages/Perspective grid.md:13; pages/Quick frame (single test frame).md:7; pages/Rack focus.md:5
playback	Playback	NEW TERM	medium	19	no	19	Pan bar (tripod control)	0.53	Repeated in the graph and not close to an existing page.	pages/Clip (Film Clip).md:6; pages/Compression (Video Compression).md:6; pages/Dailies.md:6; pages/Dead Frame.md:6; pages/Double-Frame (On Twos).md:6
camera	Camera	NEW TERM	medium	18	no	18	Coverage (Film Coverage)	0.57	Repeated in the graph and not close to an existing page.	pages/Animation Camera.md:6; pages/Conversion Lens.md:6; pages/Deep Focus.md:6; pages/Dictionary Term Template.md:9; pages/Lens cap.md:11
set-design	Set design	NEW TERM	medium	18	no	18	Set dressing	0.82	Repeated in the graph and not close to an existing page.	pages/Arrangement Drawing.md:6; pages/Assemblage.md:6; pages/Backlot Set.md:6; pages/Bigature.md:6; pages/Cyclorama (Cyc).md:6
stop-motion-cinematography	Stop-motion cinematography	NEW TERM	medium	18	no	18	Silhouette animation	0.35	Repeated in the graph and not close to an existing page.	pages/Piggyback rig (camera mounting).md:13; pages/Point of view shot (POV).md:13; pages/Q-beam (lighting term).md:13; pages/Quadcopter (drone cinematography).md:7; pages/Quadratic falloff (light physics).md:13
performance	Performance	NEW TERM	medium	17	no	15	Peel-off matte (compositing)	0.48	Repeated in the graph and not close to an existing page.	pages/Animism.md:6; pages/Business (Animation Action).md:6; pages/Character Animation.md:6; pages/Crowd Simulation.md:6; pages/Cycle (Animation Cycle).md:6
cg-integration	CG integration	NEW TERM	medium	16	no	15	Cel Animation	0.59	Repeated in the graph and not close to an existing page.	pages/Rack focus.md:5; pages/Rack focus.md:19; pages/Render farm.md:7; pages/Render pass.md:7; pages/rendering.md:7
foley	Foley	NEW TERM	medium	16	no	16	Foil (Reflector or Diffuser)	0.67	Repeated in the graph and not close to an existing page.	pages/Buzz Track (Sound).md:6; pages/Dual-System Sound.md:6; pages/Echo (Sound Effect).md:6; pages/Event Cue (Sound ___ Music).md:6; pages/Post sync (ADR).md:13
focal-length	Focal Length	NEW TERM	medium	15	no	14	Fill Light	0.55	Repeated in the graph and not close to an existing page.	pages/Conversion Lens.md:6; pages/Deep Focus.md:6; pages/Depth of Field.md:5; pages/Depth of Field.md:6; pages/Distortion (Lens).md:6
storyboarding	Storyboarding	NEW TERM	medium	15	no	15	Set dressing	0.48	Repeated in the graph and not close to an existing page.	pages/Hook (Narrative Device).md:10; pages/Iconography (Visual Symbolism).md:10; pages/Inciting Incident (Storytelling).md:10; pages/MacGuffin (storytelling term).md:11; pages/Narration.md:9
storyboard	Storyboard	NEW TERM	medium	14	no	14	Shutter	0.35	Repeated in the graph and not close to an existing page.	pages/Animatic.md:6; pages/Dope Sheet (Exposure Sheet, X-Sheet).md:6; pages/Mock-up (previsualization).md:9; pages/Notation (storyboard___score).md:10; pages/Overhead shot.md:6
matchmoving	Matchmoving	NEW TERM	medium	13	no	12	Match Move	0.76	Repeated in the graph and not close to an existing page.	pages/CGI (Computer-Generated Imagery).md:6; pages/Control Point (Tracking).md:6; pages/Conversion Lens.md:12; pages/Distortion (Lens).md:5; pages/Distortion (Lens).md:6
camera-rig	Camera Rig	NEW TERM	medium	12	no	12	Camera RAW	0.80	Repeated in the graph and not close to an existing page.	pages/Downshooter (Animation Stand).md:6; pages/Gantry (Camera Support).md:7; pages/Grip (Crew).md:7; pages/Gyro Stabilizer.md:10; pages/K-rig (camera rig shorthand).md:11
puppet	Puppet	NEW TERM	medium	11	no	11	Pop (exposure or audio spike)	0.44	Repeated in the graph and not close to an existing page.	pages/Armature.md:6; pages/Articulation.md:6; pages/Assemblage.md:6; pages/Ball-and-Socket Armature.md:6; pages/Brick Film (Lego Animation).md:6
experimental-animation	Experimental animation	NEW TERM	medium	10	no	10	Environment Light (HDRI)	0.46	Repeated in the graph and not close to an existing page.	pages/Boil (Animation Boil).md:6; pages/Boiling Line (Hand-Drawn Animation Effect).md:8; pages/Elastic Stop-Motion (Experimental Style).md:6; pages/Kinetic art (animation influence).md:11; pages/Kinetic typography.md:11
optical-printing	Optical Printing	NEW TERM	medium	10	no	9	Optical printer	0.84	Repeated in the graph and not close to an existing page.	pages/Evaporation Effect (Practical FX).md:6; pages/Fade In ___ Fade Out.md:5; pages/Fade In ___ Fade Out.md:6; pages/Lap dissolve.md:11; pages/Main title (sequence).md:9
replacement-animation	Replacement Animation	NEW TERM	medium	10	no	9	Rembrandt lighting	0.51	Repeated in the graph and not close to an existing page.	pages/Elastic Stop-Motion (Experimental Style).md:6; pages/Expression Control (Rigging___CG).md:6; pages/Expression Control (Rigging___CG).md:11; pages/Hand Puppet.md:7; pages/Head Replacement (Animation Technique).md:10
animation-principles	Animation principles	NEW TERM	medium	9	no	9	Animation Stand	0.63	Repeated in the graph and not close to an existing page.	pages/Arc.md:6; pages/Ease In ___ Ease Out (Animation Curves).md:6; pages/Haptic Feedback (Animation Controls).md:10; pages/Illusion of Life (Disney Principles).md:10; pages/In-Betweening (Tweening).md:10
lensmap	LENSMap	NEW TERM	medium	9	no	6	Lens Cap	0.80	Repeated in the graph and not close to an existing page.	pages/Effective Focal Length (EFL).md:9; pages/Embedded Metadata (EXIF, IPTC).md:5; pages/Embedded Metadata (EXIF, IPTC).md:6; pages/Lens breathing.md:9; pages/Lens test chart.md:8
white-balance	White balance	NEW TERM	medium	9	no	7		0.00	Repeated in the graph and not close to an existing page.	pages/Brightness.md:6; pages/Color Balance.md:6; pages/Color Balance.md:11; pages/Color Grading.md:6; pages/Color Model (RGB, CMYK, YUV).md:10
persistence-of-vision	Persistence of vision	NEW TERM	medium	8	no	8	Point of view shot (POV)	0.56	Repeated in the graph and not close to an existing page.	pages/Afterimage.md:6; pages/Eadweard Muybridge (Historical Reference).md:6; pages/Flip Book Animation.md:7; pages/Frame rate.md:7; pages/Frame.md:7
practical-fx	Practical FX	NEW TERM	medium	8	no	8	Partial model (miniature set)	0.56	Repeated in the graph and not close to an existing page.	pages/Heliodon (Sunlight Simulator).md:7; pages/Helium Balloon Light.md:7; pages/High-Speed Photography.md:10; pages/Homemade Rig (DIY Support).md:9; pages/Hyperspace Wipe (Transition Effect).md:10
blender	Blender	NEW TERM	medium	7	no	7	Barndoors (Spill Control)	0.50	Repeated in the graph and not close to an existing page.	pages/Java-based render manager.md:11; pages/Mock-up (previsualization).md:7; pages/Orientation (camera alignment).md:14; pages/Orthographic view (animation___3D).md:9; pages/Output gamma.md:9
camera-angle	Camera Angle	NEW TERM	medium	7	no	7	Camera Shake	0.75	Repeated in the graph and not close to an existing page.	pages/Eyelevel Shot.md:7; pages/False Perspective (Forced Perspective).md:11; pages/Nylon wire (puppet rigging).md:7; pages/Oblique angle (camera).md:9; pages/Perspective (drawing___camera).md:13
props	Props	NEW TERM	medium	7	no	7	Pop (exposure or audio spike)	0.75	Repeated in the graph and not close to an existing page.	pages/Design Bible.md:6; pages/Dresser (Set Dresser).md:6; pages/Dry Brush (Texture Effect).md:6; pages/Epoxy Putty (Puppet Fabrication).md:6; pages/Greensperson (Set Dressing Crew).md:7
video-assist	Video Assist	NEW TERM	medium	7	no	7	Vanishing point	0.37	Repeated in the graph and not close to an existing page.	pages/Horizontal Hold (Video Sync).md:11; pages/JVC (brand).md:11; pages/JVC GY-HD100 (example camera).md:11; pages/JVS connector.md:11; pages/LCD monitor.md:11
workflow	Workflow	NEW TERM	medium	7	yes	7		0.00	Repeated in the graph and not close to an existing page.	pages/Availability.md:10; pages/Behind the Scenes.md:6; pages/Bin (Editing).md:6; pages/Import (Data___Asset).md:11; pages/Iteration (Creative Process).md:11
camera-calibration	Camera Calibration	NEW TERM	medium	6	no	5	Character Animation	0.59	Repeated in the graph and not close to an existing page.	pages/Geometric Distortion (Lens).md:10; pages/Key stop (aperture marking).md:11; pages/L-mount (Leica___Panasonic lens mount).md:11; pages/Large format camera.md:11; pages/Large format camera.md:41
flag-lighting	Flag (Lighting)	NEW TERM	medium	6	no	6	Foil (Reflector or Diffuser)	0.50	Repeated in the graph and not close to an existing page.	pages/Gobo (Go-Between Object).md:9; pages/Grid (Lighting Accessory).md:7; pages/Light spill.md:11; pages/Lighting stand.md:11; pages/Negative fill (lighting control).md:9
key-pose	Key pose	NEW TERM	medium	6	no	5	Key Subject (Composition)	0.63	Repeated in the graph and not close to an existing page.	pages/Blocking (Animation).md:10; pages/Blocking Pass (Rough Animation Pass).md:6; pages/Breakdown Drawing.md:6; pages/Flip Book Animation.md:5; pages/Flip Book Animation.md:7
lens-distortion	Lens Distortion	NEW TERM	medium	6	no	6	Lens Test Chart	0.60	Repeated in the graph and not close to an existing page.	pages/Kit lens.md:11; pages/Lens adapter.md:11; pages/Lens test chart.md:12; pages/lens.md:12; pages/Quirky lens (toy lens aesthetic).md:7
mood	Mood	NEW TERM	medium	6	no	6	MoCap (motion capture)	0.44	Repeated in the graph and not close to an existing page.	pages/Atmosphere.md:10; pages/Chiaroscuro.md:6; pages/Color Script.md:6; pages/Convention (Genre Convention).md:6; pages/Dapple Lighting.md:6
multi-pass-shooting	Multi-pass shooting	NEW TERM	medium	6	no	6	Magnetic Ball Joint (Armature)	0.47	Repeated in the graph and not close to an existing page.	pages/Mixed media animation.md:9; pages/Motion control (MoCo).md:6; pages/Narrow angle lens.md:15; pages/Nodal point (lens).md:5; pages/Nodal slide (camera rig).md:6
on-twos	On Twos	NEW TERM	medium	6	no	5	Ones (animating on 1s)	0.55	Repeated in the graph and not close to an existing page.	pages/Frame Averaging.md:14; pages/Frame Blending.md:7; pages/Frame Blending.md:13; pages/Frame rate.md:7; pages/Frame.md:7
perspective-projection	Perspective Projection	NEW TERM	medium	6	no	5	Pixel aspect ratio	0.60	Repeated in the graph and not close to an existing page.	pages/Isometric Projection.md:11; pages/Isometric Projection.md:18; pages/Keystone effect.md:11; pages/Keystoning correction.md:11; pages/Neutral plane (perspective drawing).md:9
production-pipeline	Production Pipeline	NEW TERM	medium	6	no	5	Post-production	0.59	Repeated in the graph and not close to an existing page.	pages/End Credits.md:6; pages/Episodic Production.md:5; pages/Episodic Production.md:6; pages/EULA (End User License Agreement).md:6; pages/Job sheet (production).md:11
stop-motion-production	Stop-motion production	NEW TERM	medium	6	no	6	Silhouette animation	0.38	Repeated in the graph and not close to an existing page.	pages/Pick-up shot.md:13; pages/Pilot (test episode___short).md:13; pages/Post-production.md:13; pages/Quartermaster (prop___wardrobe role, historical).md:13; pages/Quick change (costume___prop).md:13
texture-painting	Texture Painting	NEW TERM	medium	6	no	6	Three-point lighting	0.61	Repeated in the graph and not close to an existing page.	pages/Dry Brush (Texture Effect).md:6; pages/Kitbash (model___prop building).md:12; pages/Makeup effects (FX).md:9; pages/Mat (set building material).md:9; pages/Material library (3D ___ VFX).md:9
wire-armature	Wire armature	NEW TERM	medium	6	no	6		0.00	Repeated in the graph and not close to an existing page.	pages/Armature.md:6; pages/Ball-and-Socket Armature.md:6; pages/Hair Rig (Puppet Rigging).md:10; pages/Iron Armature.md:11; pages/IVC (In-Vitro Capture, Puppet Testing).md:11
zoom	Zoom	NEW TERM	medium	6	no	5		0.00	Repeated in the graph and not close to an existing page.	pages/Axial Cut.md:6; pages/Camera Move.md:6; pages/Dictionary — Z.md:26; pages/Dolly Zoom.md:5; pages/Dolly Zoom.md:6
2d-animation	2D Animation	NEW TERM	medium	5	no	5		0.00	Repeated in the graph and not close to an existing page.	pages/Cycle (Animation Cycle).md:5; pages/Dope Sheet (Exposure Sheet, X-Sheet).md:5; pages/model sheet.md:7; pages/Ones (animating on 1s).md:17; pages/Onion skinning.md:6
aliasing	Aliasing	NEW TERM	medium	5	no	4	Alias (Aliasing)	0.77	Repeated in the graph and not close to an existing page.	pages/Artifact.md:6; pages/Artifact.md:9; pages/Jaggies (aliasing).md:11; pages/JPG compression artifact.md:11; pages/Nyquist frequency (sampling theory).md:9
animation	Animation	NEW TERM	medium	5	no	5	Animator	0.82	Repeated in the graph and not close to an existing page.	pages/Animator.md:6; pages/Animism.md:6; pages/Optical illusion (animation___VFX).md:5; pages/Order of shots (storyboard).md:5; pages/Parallel action (editing).md:6
camera-framing	Camera Framing	NEW TERM	medium	5	no	5	Camera Axis	0.72	Repeated in the graph and not close to an existing page.	pages/Dramatic Irony.md:12; pages/Graticule (Viewfinder Marking).md:7; pages/Guide Frame (Layout Reference).md:7; pages/Right of frame (composition).md:7; pages/Screen direction.md:7
character-design	Character Design	NEW TERM	medium	5	no	5	Character Animation	0.69	Repeated in the graph and not close to an existing page.	pages/Head Sculpt (Puppet Fabrication).md:10; pages/Model sheet (animation reference).md:7; pages/model sheet.md:9; pages/Quasi-realism (stylistic approach).md:7; pages/Uncanny valley (animation concept).md:18
contrast	Contrast	NEW TERM	medium	5	no	5	contents	0.62	Repeated in the graph and not close to an existing page.	pages/Afterimage.md:6; pages/Brightness.md:6; pages/Bypass (Bleach Bypass Effect).md:6; pages/S-curve (tone___contrast).md:7; pages/Value (light___dark in composition).md:18
diegetic-sound	Diegetic Sound	NEW TERM	medium	5	no	4	Dual-System Sound	0.52	Repeated in the graph and not close to an existing page.	pages/Foley Sound.md:7; pages/Non-diegetic sound.md:6; pages/Non-diegetic sound.md:9; pages/Non-synchronous sound.md:9; pages/Offscreen sound.md:9
exr	EXR	NEW TERM	medium	5	no	5	EG (Exposure Guide)	0.40	Repeated in the graph and not close to an existing page.	pages/ACEScg.md:12; pages/Bit Depth.md:6; pages/Camera Raw.md:6; pages/Offline edit.md:5; pages/Output (render___export).md:5
miniature-set	Miniature Set	NEW TERM	medium	5	no	5	Main Title (Sequence)	0.52	Repeated in the graph and not close to an existing page.	pages/Four-Way Wedge (Set Building Tool).md:7; pages/Full-Scale Puppet.md:7; pages/Gauge (Film Gauge ___ Scale Reference).md:9; pages/Greensperson (Set Dressing Crew).md:7; pages/Quicksand effect (practical FX gag).md:7
mixing	Mixing	NEW TERM	medium	5	no	5	Matting (Photo/Animation Technique)	0.62	Repeated in the graph and not close to an existing page.	pages/Crossfade (Audio).md:6; pages/Dialogue Editing.md:12; pages/Jockey (sound mixer role).md:11; pages/Level (sound).md:11; pages/M&E track (music and effects).md:11
multi-pass	Multi-pass	NEW TERM	medium	5	no	5	Manual Focus	0.45	Repeated in the graph and not close to an existing page.	pages/Background Plate.md:6; pages/Camouflage (Rig Paint-Out).md:6; pages/Parallax error (camera alignment).md:5; pages/Parallax.md:6; pages/Rashomon effect (narrative device).md:7
negative-cutting	Negative Cutting	NEW TERM	medium	5	no	5	Negative fill (lighting control)	0.69	Repeated in the graph and not close to an existing page.	pages/Key number (film edge code).md:11; pages/Lab roll (film processing).md:11; pages/Latent image (photography).md:11; pages/Leader (film strip head___tail).md:11; pages/Linear editing.md:11
optical-printing-historical	Optical Printing (Historical)	NEW TERM	medium	5	no	5	Optical printer	0.84	Repeated in the graph and not close to an existing page.	pages/Hyperspace Wipe (Transition Effect).md:10; pages/In-Camera Effect.md:10; pages/Ink & Paint.md:10; pages/Internegative (Film Term, Historical).md:10; pages/Interpositive (Film Term, Historical).md:10
set-construction	Set Construction	NEW TERM	medium	5	no	5	Secondary action	0.69	Repeated in the graph and not close to an existing page.	pages/Hollywood Flat (Set Construction).md:7; pages/IBC (Intermediate Bulk Container, Set Use).md:10; pages/Insulation Foam (Set___Puppet Material).md:12; pages/Isometric Projection.md:11; pages/Italian Matte (Painted Backdrop).md:11
smoke-effect	Smoke Effect	NEW TERM	medium	5	no	5	Screen test	0.43	Repeated in the graph and not close to an existing page.	pages/Fire Effect (Practical or VFX).md:7; pages/Fog Machine.md:7; pages/FX (Special Effects).md:12; pages/FX Pass (Render Pass).md:7; pages/Gunshot Effect (Practical FX).md:7
sound-recording	sound recording	NEW TERM	medium	5	no	5	Set dressing	0.52	Repeated in the graph and not close to an existing page.	pages/Patch panel (studio wiring).md:5; pages/Phantom power (microphones).md:12; pages/Quiescent noise (low-level sound floor).md:7; pages/Quiet on set (call).md:7; pages/Radio mic.md:7
squash-and-stretch	Squash and stretch	NEW TERM	medium	5	no	5	Shot reverse shot	0.34	Repeated in the graph and not close to an existing page.	pages/Anticipation.md:6; pages/Drag (Animation Principle).md:6; pages/Elastic Deformation (Rigging ___ CG).md:7; pages/Elastic Stop-Motion (Experimental Style).md:6; pages/Follow-Through (Animation Principle).md:7
stage	Stage	NEW TERM	medium	5	no	5	Slate	0.60	Repeated in the graph and not close to an existing page.	pages/Apple Box.md:6; pages/Backlot Set.md:6; pages/Closed Set.md:6; pages/Ground Plane (Reference in CG___Set).md:7; pages/Riser (set construction).md:7
synchronization	Synchronization	NEW TERM	medium	5	no	5	Secondary action	0.58	Repeated in the graph and not close to an existing page.	pages/Genlock (Synchronization).md:7; pages/Marker (slate ___ editing mark).md:9; pages/Score (music for film).md:7; pages/Scratch track (temp audio).md:7; pages/Unison (sound___music sync).md:18
telecine	Telecine	NEW TERM	medium	5	no	5	Timeline	0.75	Repeated in the graph and not close to an existing page.	pages/Kinescope (TV recording).md:11; pages/Negative (film).md:9; pages/Newton rings (scanning artifact).md:9; pages/NTSC (video standard).md:10; pages/Numbering (frame count system).md:16
texture-mapping	Texture Mapping	NEW TERM	medium	5	no	5	Time remapping	0.76	Repeated in the graph and not close to an existing page.	pages/Gradient Map (Texture___Compositing).md:7; pages/Oblique lighting.md:6; pages/Photo-realism (CGI).md:13; pages/Photogrammetry.md:13; pages/Resolution (3D scan).md:7
visual-effects-vfx	Visual Effects (VFX)	NEW TERM	medium	5	no	5	Vanishing point	0.34	Repeated in the graph and not close to an existing page.	pages/CGI (Computer-Generated Imagery).md:6; pages/Double Exposure.md:6; pages/Dynamic Simulation.md:6; pages/Library shot (stock footage).md:11; pages/Match move.md:9
after-effects	After Effects	NEW TERM	medium	4	no	4	Afterimage	0.52	Repeated in the graph and not close to an existing page.	pages/JavaScript (in VFX tools).md:11; pages/Overlay (graphics___compositing).md:9; pages/Overlay matte.md:10; pages/Plug-in (software add-on).md:13
atmospheric-perspective	Atmospheric Perspective	NEW TERM	medium	4	no	4	Aerial Perspective	0.78	Repeated in the graph and not close to an existing page.	pages/Fog Machine.md:7; pages/Fog Pass (Depth___Atmosphere).md:7; pages/Gradient.md:7; pages/Landscape shot.md:11
c-stand	C-stand	NEW TERM	medium	4	no	4	Crossfade (Audio)	0.50	Repeated in the graph and not close to an existing page.	pages/Boom Arm.md:9; pages/Boom Microphone.md:9; pages/Lighting stand.md:11; pages/Utility stand (lighting___grip).md:18
calibration	Calibration	NEW TERM	medium	4	no	4	Cel Animation	0.67	Repeated in the graph and not close to an existing page.	pages/Back Focus.md:6; pages/Lens cap.md:11; pages/Lens test chart.md:12; pages/Metamerism (color science).md:9
camera-support	Camera Support	NEW TERM	medium	4	no	4	Camera Move	0.64	Repeated in the graph and not close to an existing page.	pages/Homemade Rig (DIY Support).md:9; pages/Manfrotto (tripod brand).md:9; pages/Pan bar (tripod control).md:3; pages/Rig (puppet___camera support).md:7
color-space	Color space	NEW TERM	medium	4	no	4	Color Balance	0.75	Repeated in the graph and not close to an existing page.	pages/ACEScg.md:12; pages/Gamut (Color Range).md:7; pages/Gamut Mapping.md:7; pages/Metadata (EXIF___IPTC).md:6
director	Director	NEW TERM	medium	4	no	3	Distortion (Lens)	0.56	Repeated in the graph and not close to an existing page.	pages/Auteur Theory.md:6; pages/Directing Animator.md:5; pages/Directing Animator.md:6; pages/Unit director.md:18
fabrication	Fabrication	NEW TERM	medium	4	no	4	Fast Motion (Undercranking)	0.55	Repeated in the graph and not close to an existing page.	pages/Brush Pass (Texture Painting).md:6; pages/Epoxy Putty (Puppet Fabrication).md:6; pages/Interference Pattern (Moire).md:11; pages/Lightbox (animation).md:11
facial-animation	Facial Animation	NEW TERM	medium	4	no	4	Flip Book Animation	0.69	Repeated in the graph and not close to an existing page.	pages/Expression Control (Rigging___CG).md:11; pages/Eye Blink (Animation Detail).md:6; pages/Lip sync (animation).md:11; pages/Uncanny valley (animation concept).md:18
film	Film	NEW TERM	medium	4	no	4	Foil (Reflector or Diffuser)	0.75	Repeated in the graph and not close to an existing page.	pages/Audiovisual.md:6; pages/Open matte.md:5; pages/Photographic emulsion.md:13; pages/Photographic grain.md:13
flicker	Flicker	NEW TERM	medium	4	no	4	Filter (Optical or Digital)	0.62	Repeated in the graph and not close to an existing page.	pages/Boil (Animation Boil).md:6; pages/Dimmer Board.md:6; pages/Operator (camera role).md:14; pages/Overrun (production delay).md:10
frame-capture	Frame capture	NEW TERM	medium	4	no	4	Frame Rate	0.78	Repeated in the graph and not close to an existing page.	pages/Animation Camera.md:6; pages/Animator.md:6; pages/Capture Card.md:6; pages/Raster (image grid).md:7
horizon-line	Horizon line	NEW TERM	medium	4	no	4	Horizontal Pan	0.69	Repeated in the graph and not close to an existing page.	pages/Neutral plane (perspective drawing).md:9; pages/Perspective (drawing___camera).md:13; pages/Perspective grid.md:13; pages/Vanishing point (perspective).md:18
layout	Layout	NEW TERM	medium	4	no	4	L-Mount (Leica/Panasonic Lens Mount)	0.62	Repeated in the graph and not close to an existing page.	pages/Guide Frame (Layout Reference).md:7; pages/Hatch Marks (Shading ___ Layout).md:7; pages/Light table (cel animation).md:11; pages/Lightbox (animation).md:11
low-key-lighting	Low-key lighting	NEW TERM	medium	4	no	4	Lighting Unit	0.55	Repeated in the graph and not close to an existing page.	pages/Negative fill (lighting control).md:9; pages/Night-for-night (cinematography).md:9; pages/Noir lighting (chiaroscuro).md:7; pages/Oblique lighting.md:7
playback-animation-review	Playback (Animation Review)	NEW TERM	medium	4	no	4	Pan bar (tripod control)	0.53	Repeated in the graph and not close to an existing page.	pages/Frame Grabber (Capture Device).md:7; pages/Frame Store.md:7; pages/Freeze Frame.md:7; pages/Genlock (Synchronization).md:7
prop	Prop	NEW TERM	medium	4	no	4	Pop (exposure or audio spike)	0.86	Repeated in the graph and not close to an existing page.	pages/Urethane foam (set___prop material).md:18; pages/Utility knife (prop___set tool).md:18; pages/Utility room (studio facility).md:18; pages/Vacuum forming (prop___puppet fabrication).md:19
raw	RAW	NEW TERM	medium	4	no	4	Rag (lighting diffusion)	0.67	Repeated in the graph and not close to an existing page.	pages/Bit Depth.md:6; pages/Bracketed Exposure.md:6; pages/Magic Lantern (Canon firmware add-on).md:10; pages/Negative (film).md:7
raw-format	RAW Format	NEW TERM	medium	4	no	4	Rack focus	0.50	Repeated in the graph and not close to an existing page.	pages/Dynamic Range.md:6; pages/Exposure Latitude.md:6; pages/Megapixel (digital camera resolution).md:9; pages/Memory card (media storage).md:9
scale	Scale	NEW TERM	medium	4	no	4	Slate	0.60	Repeated in the graph and not close to an existing page.	pages/Cast Shadow.md:6; pages/Noir lighting (chiaroscuro).md:16; pages/Perspective (drawing___camera).md:13; pages/Rack focus.md:5
stop-motion-aesthetics	Stop-Motion Aesthetics	NEW TERM	medium	4	no	4	Silhouette animation	0.38	Repeated in the graph and not close to an existing page.	pages/LIMNMEDIA Stop-Motion Wiki Overview.md:27; pages/Quasi-realism (stylistic approach).md:7; pages/Radial symmetry (design).md:7; pages/Repetition (design principle).md:7
virtual-production	Virtual production	NEW TERM	medium	4	no	3	Vanishing point	0.36	Repeated in the graph and not close to an existing page.	pages/Dictionary — V.md:28; pages/Fisheye Lens.md:5; pages/Fisheye Lens.md:7; pages/Unity (game___animation engine).md:18
visual-storytelling	Visual storytelling	NEW TERM	medium	4	no	4	Vanishing point	0.35	Repeated in the graph and not close to an existing page.	pages/Dictionary — V.md:35; pages/LIMNMEDIA Stop-Motion Wiki Overview.md:27; pages/Metaphor (film language).md:7; pages/Quotidian imagery (everyday objects in animation).md:7
walk-cycle	Walk Cycle	NEW TERM	medium	4	no	4		0.00	Repeated in the graph and not close to an existing page.	pages/Cycle (Animation Cycle).md:6; pages/Mexican loop (animation gag).md:7; pages/Panel (storyboard frame).md:10; pages/Quadruped animation (puppet walk cycles).md:7
waveform-monitor	Waveform monitor	NEW TERM	medium	4	no	3		0.00	Repeated in the graph and not close to an existing page.	pages/Dictionary — W.md:8; pages/Histogram.md:10; pages/Histogram.md:16; pages/Oscilloscope (audio___video analysis).md:15
wide-shot	Wide Shot	NEW TERM	medium	4	no	4		0.00	Repeated in the graph and not close to an existing page.	pages/Establishing Shot.md:6; pages/Extreme Long Shot (ELS).md:6; pages/Group Shot.md:7; pages/Observation shot.md:9
witness-camera	Witness camera	NEW TERM	medium	4	no	4		0.00	Repeated in the graph and not close to an existing page.	pages/Beam Splitter.md:6; pages/M-camera (multi-camera setup).md:11; pages/M___E bus (video switcher).md:10; pages/Machine vision (VFX ___ capture).md:12
180-degree-rule	180-degree rule	NEW TERM	medium	3	no	3		0.00	Repeated in the graph and not close to an existing page.	pages/Action Line.md:6; pages/Axis.md:10; pages/Camera Axis.md:6
alpha-channel	Alpha Channel	NEW TERM	medium	3	no	3	Animation Camera	0.41	Repeated in the graph and not close to an existing page.	pages/Layer (compositing).md:11; pages/Layer mask.md:12; pages/Opacity (compositing).md:7
animation-workflow	Animation workflow	NEW TERM	medium	3	no	3	Animation Camera	0.65	Repeated in the graph and not close to an existing page.	pages/Quill pen (animation inking).md:7; pages/Reboot (franchise___media).md:7; pages/Repetition (design principle).md:7
archival-footage	Archival Footage	NEW TERM	medium	3	no	3	Archive Footage	0.90	Repeated in the graph and not close to an existing page.	pages/Kinescope (TV recording).md:11; pages/Kodachrome.md:11; pages/Uncolorized (archival footage).md:18
asset-management	Asset Management	NEW TERM	medium	3	no	2	Arrangement Drawing	0.51	Repeated in the graph and not close to an existing page.	pages/Episodic Production.md:5; pages/Episodic Production.md:6; pages/Import (Data___Asset).md:11
backdrop	Backdrop	NEW TERM	medium	3	no	3	Back Focus	0.56	Repeated in the graph and not close to an existing page.	pages/Cyclorama (Cyc).md:6; pages/Gradient.md:7; pages/Paramount lighting (butterfly lighting).md:13
bnc-connector	BNC Connector	NEW TERM	medium	3	no	2	Back Projection	0.57	Repeated in the graph and not close to an existing page.	pages/JVC (brand).md:11; pages/JVS connector.md:11; pages/JVS connector.md:17
camera-tracking	Camera Tracking	NEW TERM	medium	3	no	3	Camera Shake	0.67	Repeated in the graph and not close to an existing page.	pages/Match move.md:9; pages/Overscan.md:6; pages/Parallax error (camera alignment).md:14
cinematography	Cinematography	NEW TERM	medium	3	no	3	Cel Animation	0.44	Repeated in the graph and not close to an existing page.	pages/Overtone montage.md:13; pages/Photographic grain.md:13; pages/Polarizer (lens filter).md:13
commercial-animation	Commercial Animation	NEW TERM	medium	3	no	3	Character Animation	0.67	Repeated in the graph and not close to an existing page.	pages/Ident (Broadcast ID Animation).md:10; pages/Key art (marketing imagery).md:12; pages/Kurtz & Friends (animation studio).md:11
concept-art	Concept Art	NEW TERM	medium	3	no	3	Contrast Ratio	0.56	Repeated in the graph and not close to an existing page.	pages/Hatch Marks (Shading ___ Layout).md:7; pages/Key art (marketing imagery).md:17; pages/Quick sketch (concept art).md:7
copyright	Copyright	NEW TERM	medium	3	no	3	Conforming (Edit Conform)	0.53	Repeated in the graph and not close to an existing page.	pages/Creative Commons.md:6; pages/EULA (End User License Agreement).md:6; pages/Usage rights (media law).md:18
crane-camera-support	Crane (Camera Support)	NEW TERM	medium	3	no	3	Coverage (Film Coverage)	0.62	Repeated in the graph and not close to an existing page.	pages/Gantry (Camera Support).md:7; pages/Gimbal.md:11; pages/Grip (Crew).md:7
crew	Crew	NEW TERM	medium	3	no	3	Cycle (Animation Cycle)	0.44	Repeated in the graph and not close to an existing page.	pages/Below-the-Line.md:6; pages/Unit (production crew division).md:18; pages/Unit list (crew sheet).md:18
cucoloris-cookie	Cucoloris (Cookie)	NEW TERM	medium	3	no	1	Color Timing	0.57	Repeated in the graph and not close to an existing page.	pages/Gobo (Go-Between Object).md:5; pages/Gobo (Go-Between Object).md:9; pages/Gobo (Go-Between Object).md:16
depth-cues	Depth cues	NEW TERM	medium	3	no	3	Depth Cueing	0.82	Repeated in the graph and not close to an existing page.	pages/Aerial Perspective.md:6; pages/Linear perspective.md:11; pages/Negative space (composition).md:9
dolly	Dolly	NEW TERM	medium	3	no	3	Dissolve	0.46	Repeated in the graph and not close to an existing page.	pages/Camera Move.md:6; pages/Pedestal (camera support move).md:6; pages/Piggyback rig (camera mounting).md:13
edit	Edit	NEW TERM	medium	3	no	3	Editing	0.73	Repeated in the graph and not close to an existing page.	pages/Picture lock.md:13; pages/Uncut (editing term).md:18; pages/Uppercut (editing jump).md:18
expressionism	Expressionism	NEW TERM	medium	3	no	3	Exposure Sheet (X-Sheet, Dope Sheet)	0.44	Repeated in the graph and not close to an existing page.	pages/Impressionism (Lighting___Design Influence).md:17; pages/Noir lighting (chiaroscuro).md:9; pages/Oblique angle (camera).md:9
exr-image-format	EXR (Image Format)	NEW TERM	medium	3	no	3	EG (Exposure Guide)	0.40	Repeated in the graph and not close to an existing page.	pages/JPEG (image format).md:11; pages/JPEG2000.md:11; pages/JPG compression artifact.md:9
fade	Fade	NEW TERM	medium	3	no	3	Frame	0.67	Repeated in the graph and not close to an existing page.	pages/Cross Dissolve.md:6; pages/Crossfade (Audio).md:6; pages/Dissolve.md:6
flange-focal-distance	Flange focal distance	NEW TERM	medium	3	no	3	Full-Scale Puppet	0.42	Repeated in the graph and not close to an existing page.	pages/Back Focus.md:6; pages/Lens adapter.md:11; pages/Lens mount.md:12
focal-length-efl	Focal length (EFL)	NEW TERM	medium	3	no	3	Fill Light	0.55	Repeated in the graph and not close to an existing page.	pages/Narrow angle lens.md:9; pages/Nodal point (lens).md:9; pages/Normal lens (50mm equiv.).md:9
focus	Focus	NEW TERM	medium	3	no	3	Fog Pass (Depth/Atmosphere)	0.46	Repeated in the graph and not close to an existing page.	pages/Back Focus.md:6; pages/Operator (camera role).md:6; pages/Rack focus.md:7
foreshortening	Foreshortening	NEW TERM	medium	3	no	3	Fluorescent Light	0.58	Repeated in the graph and not close to an existing page.	pages/Neutral plane (perspective drawing).md:9; pages/Perspective (drawing___camera).md:13; pages/Perspective grid.md:13
hybrid-pipeline	Hybrid pipeline	NEW TERM	medium	3	no	3	Hybrid Workflow (Practical + Digital)	0.53	Repeated in the graph and not close to an existing page.	pages/Atlas (Texture Atlas).md:6; pages/Bump Map.md:6; pages/Cel Animation.md:6
look-up-table-lut	Look-Up Table (LUT)	NEW TERM	medium	3	no	3	Light Table (Cel Animation)	0.58	Repeated in the graph and not close to an existing page.	pages/Color Grading.md:6; pages/Cross Processing (Effect).md:6; pages/Neutral look (color grade).md:9
medium-format-camera	Medium Format Camera	NEW TERM	medium	3	no	2	Mirrorless camera	0.59	Repeated in the graph and not close to an existing page.	pages/Large format camera.md:11; pages/Large format camera.md:41; pages/Leaf shutter.md:11
mood-lighting	Mood Lighting	NEW TERM	medium	3	no	3	Matte Painting	0.52	Repeated in the graph and not close to an existing page.	pages/Impressionism (Lighting___Design Influence).md:11; pages/Noir lighting (chiaroscuro).md:9; pages/Oblique angle (camera).md:9
multiplane-camera	Multiplane camera	NEW TERM	medium	3	no	3	Mirrorless camera	0.59	Repeated in the graph and not close to an existing page.	pages/Animation Stand.md:6; pages/Cel Animation.md:6; pages/Lightbox (animation).md:11
on-ones	On Ones	NEW TERM	medium	3	no	3	Ones (animating on 1s)	0.73	Repeated in the graph and not close to an existing page.	pages/Frame Blending.md:7; pages/Frame rate.md:7; pages/Frame.md:7
optics	Optics	NEW TERM	medium	3	no	3	Output (render/export)	0.50	Repeated in the graph and not close to an existing page.	pages/Etalon (Optics).md:6; pages/Index of Refraction (IOR).md:10; pages/Refraction (lens effect).md:7
practical-lighting	Practical lighting	NEW TERM	medium	3	no	3	Paramount lighting (butterfly lighting)	0.72	Repeated in the graph and not close to an existing page.	pages/Neutral key (lighting setup).md:7; pages/Night-for-night (cinematography).md:9; pages/Quasar light (LED tube brand).md:7
production-planning	Production planning	NEW TERM	medium	3	no	3	Post-production	0.59	Repeated in the graph and not close to an existing page.	pages/Pre-production.md:13; pages/Quarter-hour timing (production scheduling).md:13; pages/Scene breakdown.md:7
proxy	Proxy	NEW TERM	medium	3	no	2	Parody (narrative device)	0.73	Repeated in the graph and not close to an existing page.	pages/Editing Suite.md:5; pages/Editing Suite.md:6; pages/Encod­ing (Video Encoding).md:6
registration-marks	Registration Marks	NEW TERM	medium	3	no	2	Registration pegs (2D/puppet animation)	0.80	Repeated in the graph and not close to an existing page.	pages/Jitter (camera___animation).md:11; pages/Jitter correction.md:7; pages/Jitter correction.md:11
scale-constraint	Scale (Constraint)	NEW TERM	medium	3	no	3	Slate	0.60	Repeated in the graph and not close to an existing page.	pages/Forced Perspective.md:7; pages/Full-Scale Puppet.md:7; pages/Gauge (Film Gauge ___ Scale Reference).md:9
scanning	Scanning	NEW TERM	medium	3	no	3	Spacing	0.67	Repeated in the graph and not close to an existing page.	pages/Digitize.md:6; pages/DPI (Dots Per Inch).md:6; pages/Newton rings (scanning artifact).md:9
scheduling	Scheduling	NEW TERM	medium	3	no	3	Spacing	0.59	Repeated in the graph and not close to an existing page.	pages/Availability.md:10; pages/Pre-production.md:13; pages/Quarter-hour timing (production scheduling).md:13
script	Script	NEW TERM	medium	3	no	3	Scrim (fixture insert)	0.73	Repeated in the graph and not close to an existing page.	pages/Narration.md:9; pages/Plug-in (software add-on).md:13; pages/Screenplay.md:7
set-dresser	Set Dresser	NEW TERM	medium	3	no	3	Set dressing	0.78	Repeated in the graph and not close to an existing page.	pages/House Puppet (Studio Asset).md:11; pages/Journeyman (union rank).md:11; pages/Jury rig (on-set fix).md:11
shading	Shading	NEW TERM	medium	3	no	3	Spacing	0.71	Repeated in the graph and not close to an existing page.	pages/Hatch Marks (Shading ___ Layout).md:7; pages/Pong shading (Phong shading___typo%3F).md:14; pages/Screentone (graphic shading).md:7
shadow-pass	Shadow Pass	NEW TERM	medium	3	no	3	Shadow play	0.82	Repeated in the graph and not close to an existing page.	pages/Deep Shadow Map.md:6; pages/Drop Shadow.md:6; pages/Render pass.md:7
signal-to-noise-ratio	Signal-to-Noise Ratio	NEW TERM	medium	3	no	3	Silhouette animation	0.49	Repeated in the graph and not close to an existing page.	pages/Impedance (Audio ___ Electronics).md:10; pages/Noise floor (audio recording).md:9; pages/Nyquist frequency (sampling theory).md:9
special-effects	Special effects	NEW TERM	medium	3	no	3	Selective focus	0.47	Repeated in the graph and not close to an existing page.	pages/Practical effect.md:13; pages/Ultraviolet light (special effect).md:18; pages/Underwater filming.md:18
specular-reflection	Specular Reflection	NEW TERM	medium	3	no	2	Secondary action	0.63	Repeated in the graph and not close to an existing page.	pages/Diffuse Reflection.md:5; pages/Diffuse Reflection.md:6; pages/Highlight.md:10
stabilization	Stabilization	NEW TERM	medium	3	no	3	Saturation (color)	0.61	Repeated in the graph and not close to an existing page.	pages/Jitter (camera___animation).md:11; pages/Jitter correction.md:11; pages/Optical flow (post-production).md:6
stabilizer-camera	Stabilizer (Camera)	NEW TERM	medium	3	no	3	Set scale	0.53	Repeated in the graph and not close to an existing page.	pages/Handheld Shot.md:12; pages/Hydraulic Rig (FX Support).md:11; pages/Hyperlapse.md:10
staging	Staging	NEW TERM	medium	3	no	3	Spacing	0.71	Repeated in the graph and not close to an existing page.	pages/Blocking (Animation).md:10; pages/Board (Storyboards).md:6; pages/Business (Animation Action).md:6
stop-motion-camera-compendium	Stop-Motion Camera Compendium	NEW TERM	medium	3	no	3	Screen left / screen right	0.30	Repeated in the graph and not close to an existing page.	pages/Eadweard Muybridge (Historical Reference).md:6; pages/Focus Distance.md:7; pages/Jargon (industry terms).md:11
stop-motion-photography	Stop-motion photography	NEW TERM	medium	3	no	3	Silhouette animation	0.37	Repeated in the graph and not close to an existing page.	pages/Photographic emulsion.md:13; pages/Polarizer (lens filter).md:13; pages/Quarter stop (exposure increment).md:13
stop-motion-puppet	Stop-Motion Puppet	NEW TERM	medium	3	no	3	Silhouette animation	0.42	Repeated in the graph and not close to an existing page.	pages/Marionette (puppet).md:9; pages/Quarter scale (miniature___maquette).md:13; pages/Quiver (character motion jitter).md:7
stop-motion-storytelling	Stop-motion storytelling	NEW TERM	medium	3	no	3	Silhouette animation	0.36	Repeated in the graph and not close to an existing page.	pages/Quotation (intertextual reference).md:7; pages/Rashomon effect (narrative device).md:7; pages/Reaction shot.md:7
studio-lighting	Studio lighting	NEW TERM	medium	3	no	3	Set dressing	0.44	Repeated in the graph and not close to an existing page.	pages/Q-beam (lighting term).md:13; pages/Quartz lamp (lighting).md:13; pages/Quasar light (LED tube brand).md:7
style	Style	NEW TERM	medium	3	no	3	Slate	0.60	Repeated in the graph and not close to an existing page.	pages/Aesthetic Distance.md:6; pages/Auteur Theory.md:6; pages/Convention (Genre Convention).md:6
surprise-gag	Surprise Gag	NEW TERM	medium	3	no	3	Soundstage	0.45	Repeated in the graph and not close to an existing page.	pages/Jack-in-the-box shot.md:11; pages/Jump scare.md:11; pages/Juxtapositional montage.md:11
tiff-image-format	TIFF (Image Format)	NEW TERM	medium	3	no	3	Tilt	0.50	Repeated in the graph and not close to an existing page.	pages/JPEG (image format).md:11; pages/JPEG2000.md:11; pages/JPG compression artifact.md:9
vfx-integration	VFX Integration	NEW TERM	medium	3	no	3	Vacuum forming (prop___puppet fabrication)	0.34	Repeated in the graph and not close to an existing page.	pages/LIMNMEDIA Stop-Motion Wiki Overview.md:18; pages/Orientation (camera alignment).md:6; pages/Picture lock.md:13
voiceover	Voiceover	NEW TERM	medium	3	no	3		0.00	Repeated in the graph and not close to an existing page.	pages/ADR (Automated Dialogue Replacement).md:6; pages/Lavalier mic.md:11; pages/Narration.md:9
wide-angle-lens	Wide angle lens	NEW TERM	medium	3	no	3		0.00	Repeated in the graph and not close to an existing page.	pages/Dictionary — W.md:22; pages/Narrow angle lens.md:7; pages/Normal lens (50mm equiv.).md:9
workprint	Workprint	NEW TERM	medium	3	no	3		0.00	Repeated in the graph and not close to an existing page.	pages/Lab roll (film processing).md:11; pages/Leader (film strip head___tail).md:11; pages/Linear editing.md:11
term	Term	NOT A TERM	high	2	no	1	Texture	0.55	Generic navigation or workflow label.	pages/dictionary workflow overview.md:16; pages/dictionary workflow overview.md:43
complete-film-dictionary	Complete Film Dictionary	NOT A TERM	high	1	no	1	Center of Rotation	0.52	Navigation, template, glossary, or overview label.	pages/References.md:8
glossary-dictionary	Glossary / Dictionary	NOT A TERM	high	1	no	1	Global Illumination (GI)	0.53	Navigation, template, glossary, or overview label.	pages/LIMNMEDIA Stop-Motion Wiki Overview.md:23
related-term	Related Term	NOT A TERM	high	1	no	1	Render farm	0.52	Generic navigation or workflow label.	pages/dictionary workflow overview.md:18
35mm-camera	35mm Camera	REVIEW	low	2	no	1		0.00	Low-frequency unresolved label requiring editorial judgment.	pages/Large format camera.md:11; pages/Large format camera.md:41
3d-animation	3D animation	REVIEW	low	2	no	2		0.00	Low-frequency unresolved label requiring editorial judgment.	pages/Orthographic view (animation___3D).md:5; pages/Parallax mapping (VFX___3D).md:5
3d-scanning	3D scanning	REVIEW	low	2	no	2		0.00	Low-frequency unresolved label requiring editorial judgment.	pages/Photogrammetry.md:13; pages/Resolution (3D scan).md:7
abstract-animation	Abstract animation	REVIEW	low	2	no	2	Animation Stand	0.55	Low-frequency unresolved label requiring editorial judgment.	pages/Narrative disjunction (experimental animation).md:9; pages/Non-objective animation.md:9
angle-of-view	Angle of View	REVIEW	low	2	no	2	Anchor Point	0.40	Low-frequency unresolved label requiring editorial judgment.	pages/Field of View (FOV).md:6; pages/Fisheye Lens.md:7
animation-cues	Animation cues	REVIEW	low	2	no	2	Animation Camera	0.80	Low-frequency unresolved label requiring editorial judgment.	pages/Score (music for film).md:7; pages/Scratch track (temp audio).md:7
animation-cycle	Animation Cycle	REVIEW	low	2	no	2	Animation Camera	0.77	Low-frequency unresolved label requiring editorial judgment.	pages/IVC (In-Vitro Capture, Puppet Testing).md:11; pages/Janky animation.md:11
animation-planning	Animation Planning	REVIEW	low	2	no	2	Animation Stand	0.73	Low-frequency unresolved label requiring editorial judgment.	pages/Gesture Drawing.md:7; pages/Guide Puppet (Animation Planning).md:7
animation-refinement	Animation refinement	REVIEW	low	2	no	2	Animation Camera	0.67	Low-frequency unresolved label requiring editorial judgment.	pages/Questionnaire (audience test screening).md:7; pages/Update pass (animation refinement).md:18
audio	Audio	REVIEW	low	2	no	2	ADR	0.50	Low-frequency unresolved label requiring editorial judgment.	pages/Audiovisual.md:6; pages/Oscilloscope (audio___video analysis).md:5
background	Background	REVIEW	low	2	no	2	Back Focus	0.60	Low-frequency unresolved label requiring editorial judgment.	pages/Key subject (composition).md:11; pages/Pattern (composition).md:6
banding-color-gradient-banding	Banding (Color/Gradient Banding)	REVIEW	low	2	no	2	Breathing (Lens Breathing)	0.62	Low-frequency unresolved label requiring editorial judgment.	pages/Jailbar effect.md:16; pages/JPG compression artifact.md:11
bird-s-eye-view	Bird’s-Eye View	REVIEW	low	2	no	2	Behind the Scenes	0.44	Low-frequency unresolved label requiring editorial judgment.	pages/High Angle Shot.md:12; pages/Overhead shot.md:14
black-and-white	Black-and-White	REVIEW	low	2	no	2	Background Plate	0.58	Low-frequency unresolved label requiring editorial judgment.	pages/Grayscale.md:10; pages/Uncolorized (archival footage).md:18
budgeting	Budgeting	REVIEW	low	2	no	2	Breathing (Lens Breathing)	0.67	Low-frequency unresolved label requiring editorial judgment.	pages/Amortization.md:6; pages/Below-the-Line.md:6
call-sheet	Call Sheet	REVIEW	low	2	no	2	Closed Set	0.60	Low-frequency unresolved label requiring editorial judgment.	pages/Job sheet (production).md:11; pages/Knock-on effect (production delays).md:12
camera-lens	Camera & Lens	REVIEW	low	2	no	2	Camera Move	0.73	Low-frequency unresolved label requiring editorial judgment.	pages/LIMNMEDIA Stop-Motion Wiki Overview.md:7; pages/Objective lens (optics).md:5
camera-movement	Camera movement	REVIEW	low	2	no	2	Camera Shake	0.59	Low-frequency unresolved label requiring editorial judgment.	pages/Rack focus.md:7; pages/Rail dolly (camera move).md:7
camera-report	Camera Report	REVIEW	low	2	no	2	Camera RAW	0.70	Low-frequency unresolved label requiring editorial judgment.	pages/Hook-Up Chart (Set Continuity).md:10; pages/Orientation (camera alignment).md:7
camera-settings	Camera settings	REVIEW	low	2	no	2	Camera Shake	0.67	Low-frequency unresolved label requiring editorial judgment.	pages/Quarter stop (exposure increment).md:13; pages/Scene file (camera setting).md:7
cinemascope	Cinemascope	REVIEW	low	2	no	2	Chiaroscuro	0.55	Low-frequency unresolved label requiring editorial judgment.	pages/Anamorphic Lens.md:6; pages/Aspect Ratio.md:6
clapboard	Clapboard	REVIEW	low	2	no	1	Capture Card	0.57	Low-frequency unresolved label requiring editorial judgment.	pages/Dual-System Sound.md:5; pages/Dual-System Sound.md:6
color-correction	Color Correction	REVIEW	low	2	no	2	Color Timing	0.64	Low-frequency unresolved label requiring editorial judgment.	pages/Kodak Wratten filters.md:11; pages/Saturation (color).md:7
color-science	Color science	REVIEW	low	2	no	2	Color Script	0.72	Low-frequency unresolved label requiring editorial judgment.	pages/Metadata (EXIF___IPTC).md:9; pages/Metamerism (color science).md:7
color-theory	Color theory	REVIEW	low	2	no	2	Color Model (RGB, CMYK, YUV)	0.61	Low-frequency unresolved label requiring editorial judgment.	pages/Additive Color.md:7; pages/Afterimage.md:6
composite-video	Composite Video	REVIEW	low	2	no	2	Crowd Simulation	0.45	Low-frequency unresolved label requiring editorial judgment.	pages/JVC (brand).md:11; pages/JVS connector.md:11
continuity-editing	Continuity Editing	REVIEW	low	2	no	2	Contrast Ratio	0.50	Low-frequency unresolved label requiring editorial judgment.	pages/Knowledge cut (documentary editing).md:16; pages/Lap dissolve.md:11
crane	Crane	REVIEW	low	2	no	2	Coverage (Film Coverage)	0.62	Low-frequency unresolved label requiring editorial judgment.	pages/Pedestal (camera support move).md:6; pages/Piggyback rig (camera mounting).md:13
crane-shot	Crane Shot	REVIEW	low	2	no	2	Cutaway Shot	0.64	Low-frequency unresolved label requiring editorial judgment.	pages/Jib arm.md:11; pages/Jib shot.md:11
delivery-spec	Delivery spec	REVIEW	low	2	no	2	Dictionary — S	0.48	Low-frequency unresolved label requiring editorial judgment.	pages/Output (render___export).md:15; pages/Output gamma.md:13
demo-reel	Demo Reel	REVIEW	low	2	no	2	[[Dope Sheet]] (Exposure Sheet, X-Sheet)	0.53	Low-frequency unresolved label requiring editorial judgment.	pages/House Puppet (Studio Asset).md:11; pages/Ident (Broadcast ID Animation).md:10
dialogue	Dialogue	REVIEW	low	2	no	2	Dailies	0.53	Low-frequency unresolved label requiring editorial judgment.	pages/Exposure Sheet (X-Sheet, Dope Sheet).md:5; pages/Non-linear editing (NLE).md:11
digital-audio	Digital audio	REVIEW	low	2	no	2	Digital Puppet	0.67	Low-frequency unresolved label requiring editorial judgment.	pages/Quantization (digital audio).md:13; pages/Resolution (audio).md:7
digital-compositing	Digital Compositing	REVIEW	low	2	no	2	Dialogue Editing	0.57	Low-frequency unresolved label requiring editorial judgment.	pages/Dictionary — D.md:18; pages/Overlay matte.md:6
digital-imaging	Digital imaging	REVIEW	low	2	no	2	Digital Puppet	0.55	Low-frequency unresolved label requiring editorial judgment.	pages/Nyquist frequency (sampling theory).md:6; pages/Pixel aspect ratio.md:13
director-s-cut	Director’s Cut	REVIEW	low	2	no	1	Dictionary — U	0.62	Low-frequency unresolved label requiring editorial judgment.	pages/Editor’s Cut.md:5; pages/Editor’s Cut.md:6
dropped-frames	Dropped Frames	REVIEW	low	2	no	1	Double-Frame (On Twos)	0.69	Low-frequency unresolved label requiring editorial judgment.	pages/Lag (animation playback).md:11; pages/Lag (animation playback).md:17
experimental-film	Experimental film	REVIEW	low	2	no	2	Environment Light (HDRI)	0.47	Low-frequency unresolved label requiring editorial judgment.	pages/Narrative disjunction (experimental animation).md:9; pages/Non-objective animation.md:9
exr-openexr	EXR (OpenEXR)	REVIEW	low	2	no	2	EG (Exposure Guide)	0.40	Low-frequency unresolved label requiring editorial judgment.	pages/Format (Image Format).md:7; pages/Image Sequence.md:10
eye-line	Eye line	REVIEW	low	2	no	1	Eye Blink (Animation Detail)	0.82	Low-frequency unresolved label requiring editorial judgment.	pages/Nose room (composition).md:6; pages/Nose room (composition).md:9
fabrication-tools	Fabrication Tools	REVIEW	low	2	no	2	Fake Motion Blur (Multipass)	0.48	Low-frequency unresolved label requiring editorial judgment.	pages/Heat Gun (Fabrication Tool).md:13; pages/Hollywood Flat (Set Construction).md:7
face-replacement	Face Replacement	REVIEW	low	2	no	2	Freeze Frame	0.50	Low-frequency unresolved label requiring editorial judgment.	pages/Head Replacement (Animation Technique).md:10; pages/Head Sculpt (Puppet Fabrication).md:8
file-format	File format	REVIEW	low	2	no	2	Film Gate (Camera Aperture)	0.60	Low-frequency unresolved label requiring editorial judgment.	pages/Metadata (EXIF___IPTC).md:9; pages/Quantization error (image compression).md:13
file-management	File management	REVIEW	low	2	no	2	Fingerprints (Set/Prop Contamination)	0.52	Low-frequency unresolved label requiring editorial judgment.	pages/Bin (Editing).md:6; pages/Upload (file transfer).md:18
film-camera	Film camera	REVIEW	low	2	no	2	Film Gate (Camera Aperture)	0.70	Low-frequency unresolved label requiring editorial judgment.	pages/Animation Camera.md:6; pages/Hand Crank Camera.md:7
film-reel	Film reel	REVIEW	low	2	no	2	Film Speed (ISO/ASA)	0.74	Low-frequency unresolved label requiring editorial judgment.	pages/Rewind (film or audio tape).md:7; pages/Upright (film editing bench).md:18
filters	Filters	REVIEW	low	2	no	1	Filter (Optical or Digital)	0.92	Low-frequency unresolved label requiring editorial judgment.	pages/Etalon (Optics).md:5; pages/Etalon (Optics).md:6
flag	Flag	REVIEW	low	2	no	2	Foil (Reflector or Diffuser)	0.50	Low-frequency unresolved label requiring editorial judgment.	pages/Barn Doors.md:6; pages/Barndoors Spill Control.md:6
flicker-lighting	Flicker (Lighting)	REVIEW	low	2	no	2	Filter (Optical or Digital)	0.62	Low-frequency unresolved label requiring editorial judgment.	pages/Hertz (Frequency).md:11; pages/HMI (Hydrargyrum Medium-Arc Iodide Light).md:10
foam-latex	Foam Latex	REVIEW	low	2	no	2	Frame Rate	0.70	Low-frequency unresolved label requiring editorial judgment.	pages/Glass Fiber Reinforced Puppet.md:7; pages/Gore-Tex Puppet Joint (Fabrication Trick).md:7
focus-check	Focus Check	REVIEW	low	2	no	2	Focus Stacking	0.64	Low-frequency unresolved label requiring editorial judgment.	pages/Electronic Viewfinder (EVF).md:6; pages/Extreme Close-Up (ECU).md:6
focus-pulling	Focus pulling	REVIEW	low	2	no	2	Focus Pull	0.87	Low-frequency unresolved label requiring editorial judgment.	pages/Autofocus.md:6; pages/Breathing (Lens Breathing).md:6
foreground	Foreground	REVIEW	low	2	no	2	Foley Sound	0.67	Low-frequency unresolved label requiring editorial judgment.	pages/Key subject (composition).md:11; pages/Pattern (composition).md:6
frame-correction	Frame correction	REVIEW	low	2	no	2	Front Projection	0.62	Low-frequency unresolved label requiring editorial judgment.	pages/Pop (exposure or audio spike).md:13; pages/Quick take (fast pickup shot).md:7
frame-by-frame-consistency	Frame-by-frame consistency	REVIEW	low	2	no	2	Foreground Miniature	0.17	Low-frequency unresolved label requiring editorial judgment.	pages/Registration (animation___film sprockets).md:7; pages/Registration pegs (2D___puppet animation).md:7
gate-check	Gate Check	REVIEW	low	2	no	2	Gait Cycle (Walk Cycle)	0.60	Low-frequency unresolved label requiring editorial judgment.	pages/Film Gate (Camera Aperture).md:6; pages/J-gate (film camera).md:11
history-of-animation	History of Animation	REVIEW	low	2	no	2	Horizontal Hold (Video Sync)	0.34	Low-frequency unresolved label requiring editorial judgment.	pages/Eadweard Muybridge (Historical Reference).md:6; pages/Flip Book Animation.md:7
imax	IMAX	REVIEW	low	2	no	1	Import (Data/Asset)	0.40	Low-frequency unresolved label requiring editorial judgment.	pages/Large format camera.md:11; pages/Large format camera.md:41
immersion	Immersion	REVIEW	low	2	no	2	Iteration (Creative Process)	0.67	Low-frequency unresolved label requiring editorial judgment.	pages/Aesthetic Distance.md:6; pages/Point of view shot (POV).md:13
iso-asa-film-speed	ISO/ASA (Film Speed)	REVIEW	low	2	no	2	Ink & Paint	0.38	Low-frequency unresolved label requiring editorial judgment.	pages/Gain (Signal___Exposure).md:7; pages/Grain (Film or Digital Noise).md:9
lidar	LiDAR	REVIEW	low	2	no	2	Layer (Compositing)	0.60	Low-frequency unresolved label requiring editorial judgment.	pages/Laser scanning (VFX___photogrammetry).md:12; pages/Photogrammetry.md:13
light-flicker	Light Flicker	REVIEW	low	2	no	2	Light Table (Cel Animation)	0.67	Low-frequency unresolved label requiring editorial judgment.	pages/Fluorescent Light.md:7; pages/Frame Averaging.md:7
lighting-control	Lighting control	REVIEW	low	2	no	2	Lighting Unit	0.76	Low-frequency unresolved label requiring editorial judgment.	pages/Barndoors Spill Control.md:6; pages/Matte box (lens accessory).md:9
lighting-setup	Lighting Setup	REVIEW	low	2	no	2	Lighting Stand	0.79	Low-frequency unresolved label requiring editorial judgment.	pages/Lighting diagram.md:11; pages/Lighting stand.md:11
limn-pipeline	LIMN-PIPELINE	REVIEW	low	2	no	2	Light Spill	0.50	Low-frequency unresolved label requiring editorial judgment.	pages/Import (Data___Asset).md:7; pages/LIMNMEDIA Stop-Motion Wiki Overview.md:40
live-action	live-action	REVIEW	low	2	no	2	Lens Whacking (Freelensing)	0.58	Low-frequency unresolved label requiring editorial judgment.	pages/Operator (camera role).md:5; pages/Overset (overbuilt miniature).md:15
log-profile	Log Profile	REVIEW	low	2	no	2	Light Spill	0.55	Low-frequency unresolved label requiring editorial judgment.	pages/Knee (video gamma control).md:11; pages/Knee point (exposure curve).md:11
long-exposure	Long exposure	REVIEW	low	2	no	2	Lens Flare	0.43	Low-frequency unresolved label requiring editorial judgment.	pages/Bulb Exposure.md:9; pages/Light painting (photographic technique).md:11
looping	Looping	REVIEW	low	2	no	2	L-Mount (Leica/Panasonic Lens Mount)	0.43	Low-frequency unresolved label requiring editorial judgment.	pages/GIF Animation.md:7; pages/Optical illusion (animation___VFX).md:14
low-angle-shot	Low Angle Shot	REVIEW	low	2	no	2	Landscape Shot	0.64	Low-frequency unresolved label requiring editorial judgment.	pages/High Angle Shot.md:12; pages/Upshot (camera angle).md:18
lut-look-up-table	LUT (Look-Up Table)	REVIEW	low	2	no	2	L-Cut (Audio Trail)	0.75	Low-frequency unresolved label requiring editorial judgment.	pages/Gamma Correction.md:7; pages/Gamut Mapping.md:7
mastering	Mastering	REVIEW	low	2	no	2	Matting (Photo/Animation Technique)	0.75	Low-frequency unresolved label requiring editorial judgment.	pages/Broadcast Safe.md:6; pages/Digital Intermediate (DI).md:6
miniature-effects	Miniature effects	REVIEW	low	2	no	2	Makeup Effects (FX)	0.71	Low-frequency unresolved label requiring editorial judgment.	pages/Practical effect.md:13; pages/Random motion (animation principle).md:7
miniature-integration	Miniature integration	REVIEW	low	2	no	2	Mixed media animation	0.43	Low-frequency unresolved label requiring editorial judgment.	pages/Rear projection.md:7; pages/Rear screen (VFX).md:7
miniature-scale	Miniature scale	REVIEW	low	2	no	1	Mirrorless camera	0.50	Low-frequency unresolved label requiring editorial judgment.	pages/Rack focus.md:5; pages/Rack focus.md:7
mitchell-camera	Mitchell camera	REVIEW	low	2	no	2	Mirrorless camera	0.62	Low-frequency unresolved label requiring editorial judgment.	logseq/.recycle/pages_Rackover (lens alignment).md:7; pages/rackover.md:7
mixing-audio	Mixing (audio)	REVIEW	low	2	no	2	Matting (Photo/Animation Technique)	0.62	Low-frequency unresolved label requiring editorial judgment.	pages/Orchestration (sound design).md:7; pages/Overdub (audio post).md:14
moiré	Moiré	REVIEW	low	2	no	2	Mixer (audio)	0.60	Low-frequency unresolved label requiring editorial judgment.	pages/Alias (Aliasing).md:6; pages/Anti-aliasing.md:6
monitor-studio-display	Monitor (Studio Display)	REVIEW	low	2	no	2	Miniature (practical effects)	0.62	Low-frequency unresolved label requiring editorial judgment.	pages/JVC (brand).md:11; pages/JVC GY-HD100 (example camera).md:11
motion-graphics	Motion Graphics	REVIEW	low	2	no	2	Motion control (MoCo)	0.55	Low-frequency unresolved label requiring editorial judgment.	pages/Kinetic typography.md:11; pages/Main title (sequence).md:9
nle	NLE	REVIEW	low	2	no	2	Noise (image/sound)	0.50	Low-frequency unresolved label requiring editorial judgment.	pages/Needle tool (editing ___ audio sync).md:6; pages/Nesting (timeline editing).md:5
on-set-audio	On-set audio	REVIEW	low	2	no	2	Offline edit	0.50	Low-frequency unresolved label requiring editorial judgment.	pages/Phantom power (microphones).md:12; pages/Radio mic.md:7
on-set-review	On-set review	REVIEW	low	2	no	2	Over-under rig (camera support)	0.44	Low-frequency unresolved label requiring editorial judgment.	pages/Playback monitor.md:13; pages/Quad split (monitoring).md:13
online-edit	Online edit	REVIEW	low	2	no	1	Offline edit	0.87	Low-frequency unresolved label requiring editorial judgment.	pages/Offline edit.md:6; pages/Offline edit.md:9
opening-credits	Opening Credits	REVIEW	low	2	no	2	Opening shot	0.67	Low-frequency unresolved label requiring editorial judgment.	pages/End Credits.md:6; pages/Main title (sequence).md:9
optical-compositing	Optical compositing	REVIEW	low	2	no	2	Optical printer	0.65	Low-frequency unresolved label requiring editorial judgment.	logseq/.recycle/pages_Rackover (lens alignment).md:7; pages/rackover.md:7
overlap	Overlap	REVIEW	low	2	no	1	Overlay (graphics/compositing)	0.86	Low-frequency unresolved label requiring editorial judgment.	pages/Drag (Animation Principle).md:5; pages/Drag (Animation Principle).md:6
overlap-animation-principle	Overlap (Animation Principle)	REVIEW	low	2	no	1	Overlay (graphics/compositing)	0.86	Low-frequency unresolved label requiring editorial judgment.	pages/Follow-Through (Animation Principle).md:7; pages/Follow-Through (Animation Principle).md:14
pan-tilt-head	Pan-Tilt Head	REVIEW	low	2	no	2	Partial model (miniature set)	0.54	Low-frequency unresolved label requiring editorial judgment.	pages/Gimbal.md:11; pages/Horizontal Stabilizer (Camera Rig).md:10
panorama	Panorama	REVIEW	low	2	no	2	Parallax	0.62	Low-frequency unresolved label requiring editorial judgment.	pages/Equirectangular Projection (360° Images).md:6; pages/Nodal slide (camera rig).md:7
pillarboxing	Pillarboxing	REVIEW	low	2	no	1	Pixelation (animation technique)	0.55	Low-frequency unresolved label requiring editorial judgment.	pages/Letterboxing.md:11; pages/Letterboxing.md:18
pivot	Pivot	REVIEW	low	2	no	2	Pilot (test episode___short)	0.80	Low-frequency unresolved label requiring editorial judgment.	pages/Anchor Point.md:6; pages/Center of Rotation.md:8
pose-to-pose-animation	Pose-to-Pose Animation	REVIEW	low	2	no	1	Photographic emulsion	0.42	Low-frequency unresolved label requiring editorial judgment.	pages/End Motion (Final Pose).md:5; pages/End Motion (Final Pose).md:6
practical-light	Practical Light	REVIEW	low	2	no	2	Practical effect	0.71	Low-frequency unresolved label requiring editorial judgment.	pages/Fluorescent Light.md:7; pages/Overhang (set building).md:13
production-design	Production design	REVIEW	low	2	no	2	Pre-production	0.65	Low-frequency unresolved label requiring editorial judgment.	pages/Backlot Set.md:6; pages/Metaphor (film language).md:7
production-management	Production management	REVIEW	low	2	no	2	Practical effect	0.49	Low-frequency unresolved label requiring editorial judgment.	pages/Availability.md:10; pages/Below-the-Line.md:6
production-notes	Production notes	REVIEW	low	2	no	2	Pre-production	0.67	Low-frequency unresolved label requiring editorial judgment.	pages/Quote board (production tracking).md:7; pages/Script supervisor.md:7
prototype-fabrication	Prototype (Fabrication)	REVIEW	low	2	no	2	Photoplay (early cinema term)	0.56	Low-frequency unresolved label requiring editorial judgment.	pages/Iteration (Creative Process).md:11; pages/IVC (In-Vitro Capture, Puppet Testing).md:11
puppet-placement	Puppet Placement	REVIEW	low	2	no	2	Playback monitor	0.44	Low-frequency unresolved label requiring editorial judgment.	pages/Hot Set.md:7; pages/Riser (set construction).md:7
puppet-scale	Puppet scale	REVIEW	low	2	no	2	Pause frame (freeze-frame)	0.52	Low-frequency unresolved label requiring editorial judgment.	pages/Scale model.md:7; pages/Scale ruler (set building).md:7
puppetry	Puppetry	REVIEW	low	2	no	2	Parody (narrative device)	0.43	Low-frequency unresolved label requiring editorial judgment.	pages/Animism.md:6; pages/Kuroko (black-clad stagehand technique).md:11
ray-tracing	Ray Tracing	REVIEW	low	2	no	2	Refraction (lens effect)	0.57	Low-frequency unresolved label requiring editorial judgment.	pages/Global Illumination (GI).md:7; pages/Photo-realism (CGI).md:13
rec-709	Rec.709	REVIEW	low	2	no	1	Recoil rig (FX gag)	0.47	Low-frequency unresolved label requiring editorial judgment.	pages/NTSC (video standard).md:7; pages/NTSC (video standard).md:10
reference-footage	Reference Footage	REVIEW	low	2	no	2	Reverse motion (animation/post trick)	0.52	Low-frequency unresolved label requiring editorial judgment.	pages/High-Speed Photography.md:10; pages/MoCap (motion capture).md:9
reflection-control	Reflection control	REVIEW	low	2	no	2	Rear projection	0.48	Low-frequency unresolved label requiring editorial judgment.	pages/Polarizer (lens filter).md:13; pages/Quench light (suppress reflection).md:7
reuse	Reuse	REVIEW	low	2	no	2	Riser (set construction)	0.60	Low-frequency unresolved label requiring editorial judgment.	pages/Archive Footage.md:6; pages/Cycle (Animation Cycle).md:6
rhythm-animation	Rhythm (animation)	REVIEW	low	2	no	2	Reshoot	0.46	Low-frequency unresolved label requiring editorial judgment.	pages/Montage.md:9; pages/Non-objective animation.md:9
rigs	Rigs	REVIEW	low	2	no	2	Rig (puppet/camera support)	0.86	Low-frequency unresolved label requiring editorial judgment.	pages/Out of frame.md:5; pages/Rig removal (VFX cleanup).md:7
room-tone	Room tone	REVIEW	low	2	no	2	Reboot (franchise/media)	0.53	Low-frequency unresolved label requiring editorial judgment.	pages/Buzz Track (Sound).md:6; pages/Resonance (sound).md:7
safe-frame	Safe Frame	REVIEW	low	2	no	1	Safe area (framing)	0.74	Low-frequency unresolved label requiring editorial judgment.	pages/Frame Line.md:5; pages/Frame Line.md:7
sample-rate	Sample rate	REVIEW	low	2	no	2	Scale ruler (set building)	0.64	Low-frequency unresolved label requiring editorial judgment.	pages/Nyquist frequency (sampling theory).md:9; pages/Quantization (digital audio).md:13
sampling	Sampling	REVIEW	low	2	no	2	Spacing	0.67	Low-frequency unresolved label requiring editorial judgment.	pages/Alias (Aliasing).md:6; pages/Anti-aliasing.md:6
secondary-motion	Secondary motion	REVIEW	low	2	no	2	Secondary action	0.88	Low-frequency unresolved label requiring editorial judgment.	pages/Random motion (animation principle).md:7; pages/Recoil rig (FX gag).md:8
sensor-size	Sensor Size	REVIEW	low	2	no	2	Scene file (camera setting)	0.57	Low-frequency unresolved label requiring editorial judgment.	pages/Image Plane.md:10; pages/Megapixel (digital camera resolution).md:9
series-bible	Series Bible	REVIEW	low	2	no	1	Set dressing	0.50	Low-frequency unresolved label requiring editorial judgment.	pages/Episodic Production.md:6; pages/Episodic Production.md:12
set-building	Set building	REVIEW	low	2	no	2	Set dressing	0.67	Low-frequency unresolved label requiring editorial judgment.	pages/On-location shooting.md:9; pages/Order of shots (storyboard).md:5
silent-film	Silent Film	REVIEW	low	2	no	2	Scene file (camera setting)	0.67	Low-frequency unresolved label requiring editorial judgment.	pages/Intertitle (Silent Film Card).md:11; pages/Photoplay (early cinema term).md:13
silicone-skin	Silicone Skin	REVIEW	low	2	no	2	Sound sync	0.52	Low-frequency unresolved label requiring editorial judgment.	pages/Glass Fiber Reinforced Puppet.md:7; pages/Gore-Tex Puppet Joint (Fabrication Trick).md:7
soft-matte	Soft Matte	REVIEW	low	2	no	1	Soft Light	0.60	Low-frequency unresolved label requiring editorial judgment.	pages/Hard Matte.md:7; pages/Hard Matte.md:14
sound	Sound	REVIEW	low	2	no	2	Sequence	0.46	Low-frequency unresolved label requiring editorial judgment.	pages/Frame rate.md:14; pages/Freeze Frame.md:5
specular-highlights	Specular highlights	REVIEW	low	2	no	2	Secondary action	0.40	Low-frequency unresolved label requiring editorial judgment.	pages/Raking light.md:7; pages/Reflection (visual element).md:7
stability	Stability	REVIEW	low	2	no	2	Soft Light	0.53	Low-frequency unresolved label requiring editorial judgment.	pages/Boil (Animation Boil).md:6; pages/Camera Shake.md:6
stage-platform	Stage Platform	REVIEW	low	2	no	2	Shadow play	0.48	Low-frequency unresolved label requiring editorial judgment.	pages/IBC (Intermediate Bulk Container, Set Use).md:10; pages/Insulation Foam (Set___Puppet Material).md:12
stage-rigging	Stage Rigging	REVIEW	low	2	no	2	Set dressing	0.48	Low-frequency unresolved label requiring editorial judgment.	pages/Four-Way Wedge (Set Building Tool).md:7; pages/Gaffer Tape.md:7
stagecraft	Stagecraft	REVIEW	low	2	no	2	Soundstage	0.50	Low-frequency unresolved label requiring editorial judgment.	pages/Hollywood Flat (Set Construction).md:7; pages/Quick change (costume___prop).md:13
stepper-motor	Stepper Motor	REVIEW	low	2	no	2	Slow motion	0.50	Low-frequency unresolved label requiring editorial judgment.	pages/Gear Ratio (Motion Control).md:7; pages/Hertz (Frequency).md:11
stop-motion-gag	Stop-motion gag	REVIEW	low	2	no	2	Set extension	0.50	Low-frequency unresolved label requiring editorial judgment.	pages/Quicksand effect (practical FX gag).md:7; pages/Recoil rig (FX gag).md:8
stop-motion-planning	Stop-motion planning	REVIEW	low	2	no	2	Silhouette animation	0.40	Low-frequency unresolved label requiring editorial judgment.	pages/Previsualization (previs).md:13; pages/Quadrant (storyboard or screen division).md:13
storage	Storage	REVIEW	low	2	no	2	Score (music for film)	0.67	Low-frequency unresolved label requiring editorial judgment.	pages/Byte.md:6; pages/Memory card (media storage).md:9
story-structure	Story structure	REVIEW	low	2	no	2	Secondary action	0.45	Low-frequency unresolved label requiring editorial judgment.	pages/Narrative beat (story timing).md:9; pages/Obstacle (narrative device).md:6
studio-asset-management	Studio Asset Management	REVIEW	low	2	no	2	Screen left / screen right	0.38	Low-frequency unresolved label requiring editorial judgment.	pages/House Puppet (Studio Asset).md:11; pages/IBC (Intermediate Bulk Container, Set Use).md:10
support-rig	Support Rig	REVIEW	low	2	no	2	Soft Light	0.57	Low-frequency unresolved label requiring editorial judgment.	pages/Lean-to rig (DIY support).md:11; pages/Nylon wire (puppet rigging).md:9
surface-texture	Surface Texture	REVIEW	low	2	no	2	Set extension	0.50	Low-frequency unresolved label requiring editorial judgment.	pages/Diffuse Reflection.md:6; pages/Dry Brush (Texture Effect).md:6
surrealism	Surrealism	REVIEW	low	2	no	2	Saturation (color)	0.50	Low-frequency unresolved label requiring editorial judgment.	pages/Elastic Stop-Motion (Experimental Style).md:6; pages/Narrative disjunction (experimental animation).md:7
suspension-of-disbelief	Suspension of disbelief	REVIEW	low	2	no	2	Silhouette animation	0.33	Low-frequency unresolved label requiring editorial judgment.	pages/Aesthetic Distance.md:6; pages/Illusionism (Art ___ Cinema).md:11
sync	Sync	REVIEW	low	2	no	2	Scrim (fixture insert)	0.44	Low-frequency unresolved label requiring editorial judgment.	pages/Horizontal Hold (Video Sync).md:11; pages/Oscilloscope (audio___video analysis).md:6
sync-sound	Sync Sound	REVIEW	low	2	no	2	Soundstage	0.50	Low-frequency unresolved label requiring editorial judgment.	pages/Dual-System Sound.md:6; pages/Event Cue (Sound ___ Music).md:6
thumbnail-sketch	Thumbnail sketch	REVIEW	low	2	no	2	Title sequence	0.47	Low-frequency unresolved label requiring editorial judgment.	pages/Outline drawing (storyboard).md:7; pages/Quick sketch (concept art).md:7
tilt-shift-lens	Tilt-shift lens	REVIEW	low	2	no	2	Telephoto lens	0.55	Low-frequency unresolved label requiring editorial judgment.	logseq/.recycle/pages_Rackover (lens alignment).md:7; pages/rackover.md:7
vfx-pipeline	VFX pipeline	REVIEW	low	2	no	2	Vanishing point	0.37	Low-frequency unresolved label requiring editorial judgment.	pages/Dictionary — V.md:51; pages/Plug-in (software add-on).md:13
video	video	REVIEW	low	2	no	2	Value	0.40	Low-frequency unresolved label requiring editorial judgment.	pages/Open matte.md:5; pages/Oscilloscope (audio___video analysis).md:6
video-signal	Video signal	REVIEW	low	2	no	2	Vanishing point	0.37	Low-frequency unresolved label requiring editorial judgment.	pages/Dictionary — V.md:21; pages/Raster scan (video signal).md:7
visual-balance	Visual balance	REVIEW	low	2	no	2	Vanishing point	0.34	Low-frequency unresolved label requiring editorial judgment.	pages/Right of frame (composition).md:7; pages/Rule of thirds.md:7
worm-gear	Worm Gear	REVIEW	low	2	no	2		0.00	Low-frequency unresolved label requiring editorial judgment.	pages/Gear Ratio (Motion Control).md:7; pages/Kip scale (engineering, rigging).md:11
zoetrope	Zoetrope	REVIEW	low	2	no	2		0.00	Low-frequency unresolved label requiring editorial judgment.	pages/Magic lantern (pre-cinema device).md:9; pages/Optical illusion (animation___VFX).md:10
zoom-lens	Zoom lens	REVIEW	low	2	no	2		0.00	Low-frequency unresolved label requiring editorial judgment.	pages/Dictionary — Z.md:28; pages/Kit lens.md:11
2k-resolution	2K Resolution	REVIEW	low	1	no	1		0.00	Low-frequency unresolved label requiring editorial judgment.	pages/HD (High Definition).md:7
360-camera	360° camera	REVIEW	low	1	no	1		0.00	Low-frequency unresolved label requiring editorial judgment.	pages/Overcapture (360___VR video term).md:5
3d-printing-animation	3D Printing (Animation)	REVIEW	low	1	no	1		0.00	Low-frequency unresolved label requiring editorial judgment.	pages/Head Replacement (Animation Technique).md:10
3d-rendering	3D rendering	REVIEW	low	1	no	1		0.00	Low-frequency unresolved label requiring editorial judgment.	pages/Pong shading (Phong shading___typo%3F).md:14
3d-scans-models	3D Scans & Models	REVIEW	low	1	no	1		0.00	Low-frequency unresolved label requiring editorial judgment.	pages/LIMNMEDIA Stop-Motion Wiki Overview.md:33
4k-resolution	4K Resolution	REVIEW	low	1	no	1		0.00	Low-frequency unresolved label requiring editorial judgment.	pages/HD (High Definition).md:7
above-the-line	Above-the-line	REVIEW	low	1	no	1	Action Line	0.56	Low-frequency unresolved label requiring editorial judgment.	pages/Below-the-Line.md:6
aces-academy-color-encoding-system	ACES (Academy Color Encoding System)	REVIEW	low	1	no	1	ACEScg	0.80	Low-frequency unresolved label requiring editorial judgment.	pages/Gamut Mapping.md:7
acoustics	Acoustics	REVIEW	low	1	no	1	ACEScg	0.53	Low-frequency unresolved label requiring editorial judgment.	pages/Resonance (sound).md:7
acting	Acting	REVIEW	low	1	no	1	Analog	0.50	Low-frequency unresolved label requiring editorial judgment.	pages/Business (Animation Action).md:6
add-on	Add-on	REVIEW	low	1	no	1	ADR	0.44	Low-frequency unresolved label requiring editorial judgment.	pages/Plug-in (software add-on).md:13
advanced-guides	Advanced Guides	REVIEW	low	1	no	1	Anchor Point	0.37	Low-frequency unresolved label requiring editorial judgment.	pages/LIMNMEDIA Stop-Motion Wiki Overview.md:25
aerial-photography	Aerial photography	REVIEW	low	1	no	1	Aerial Perspective	0.50	Low-frequency unresolved label requiring editorial judgment.	pages/Quadcopter (drone cinematography).md:7
ambient-occlusion-ao	Ambient Occlusion (AO)	REVIEW	low	1	no	1	Ambient Light	0.67	Low-frequency unresolved label requiring editorial judgment.	pages/Global Illumination (GI).md:7
ampere-electrical-current	Ampere (Electrical Current)	REVIEW	low	1	no	1	Aperture	0.71	Low-frequency unresolved label requiring editorial judgment.	pages/Kilowatt (lighting power).md:11
analog-audio	Analog audio	REVIEW	low	1	no	1	Axial Cut	0.48	Low-frequency unresolved label requiring editorial judgment.	pages/Quarter-inch tape (audio legacy).md:13
analogue	Analogue	REVIEW	low	1	no	1	Analog	0.86	Low-frequency unresolved label requiring editorial judgment.	pages/Analog.md:6
animation-curves	Animation Curves	REVIEW	low	1	no	1	Animation Camera	0.75	Low-frequency unresolved label requiring editorial judgment.	pages/Graph Editor (Animation Curves).md:7
animation-pass	Animation pass	REVIEW	low	1	no	1	Animation Stand	0.76	Low-frequency unresolved label requiring editorial judgment.	pages/Polish pass (animation refinement).md:13
animation-principle-timing	Animation Principle: Timing	REVIEW	low	1	no	1		0.00	Low-frequency unresolved label requiring editorial judgment.	pages/Fake Motion Blur (Multipass).md:6
animation-scheduling	Animation scheduling	REVIEW	low	1	no	1	Animation Stand	0.69	Low-frequency unresolved label requiring editorial judgment.	pages/Quick strike (short schedule project).md:7
animation-style	Animation style	REVIEW	low	1	no	1	Animation Stand	0.80	Low-frequency unresolved label requiring editorial judgment.	pages/Quirky motion (style in animation).md:7
animation-table	Animation table	REVIEW	low	1	no	1	Animation Stand	0.80	Low-frequency unresolved label requiring editorial judgment.	pages/Vacuum hold-down (animation table).md:13
animation-techniques	Animation Techniques	REVIEW	low	1	no	1	Animation Stand	0.69	Low-frequency unresolved label requiring editorial judgment.	pages/LIMNMEDIA Stop-Motion Wiki Overview.md:13
animation-test	Animation Test	REVIEW	low	1	no	1	Animation Stand	0.83	Low-frequency unresolved label requiring editorial judgment.	pages/House Puppet (Studio Asset).md:11
animation-timing	Animation timing	REVIEW	low	1	no	1	Animation Stand	0.77	Low-frequency unresolved label requiring editorial judgment.	pages/Quicksand effect (practical FX gag).md:7
animator-s-tools	Animator’s tools	REVIEW	low	1	no	1	Animation Stand	0.65	Low-frequency unresolved label requiring editorial judgment.	pages/Out of frame.md:5
anthropomorphism	Anthropomorphism	REVIEW	low	1	no	1	Anamorphic Lens	0.58	Low-frequency unresolved label requiring editorial judgment.	pages/Animism.md:6
apprentice-union-rank	Apprentice (Union Rank)	REVIEW	low	1	no	1	Artifact	0.56	Low-frequency unresolved label requiring editorial judgment.	pages/Journeyman (union rank).md:11
archival-master	Archival Master	REVIEW	low	1	no	1	Archive Footage	0.53	Low-frequency unresolved label requiring editorial judgment.	pages/Generation Loss.md:7
archival-workflow	Archival workflow	REVIEW	low	1	no	1	Archive Footage	0.44	Low-frequency unresolved label requiring editorial judgment.	pages/Newton rings (scanning artifact).md:9
archiving	Archiving	REVIEW	low	1	no	1	Action Line	0.50	Low-frequency unresolved label requiring editorial judgment.	pages/Digitize.md:6
arcs	Arcs	REVIEW	low	1	no	1	Arc	0.86	Low-frequency unresolved label requiring editorial judgment.	pages/LIMNMEDIA Stop-Motion Wiki Overview.md:14
area-light	Area light	REVIEW	low	1	no	1	Ambient Light	0.70	Low-frequency unresolved label requiring editorial judgment.	pages/Point light (CG___VFX term).md:13
armature-design	Armature Design	REVIEW	low	1	no	1	Articulation	0.44	Low-frequency unresolved label requiring editorial judgment.	pages/LIMNMEDIA Stop-Motion Wiki Overview.md:17
art-department	Art Department	REVIEW	low	1	no	1	Articulation	0.46	Low-frequency unresolved label requiring editorial judgment.	pages/Greensperson (Set Dressing Crew).md:7
asa-iso-film-speed	ASA/ISO (Film Speed)	REVIEW	low	1	no	1	Axis	0.55	Low-frequency unresolved label requiring editorial judgment.	pages/Notch system (film sprockets).md:9
asset-reuse	Asset reuse	REVIEW	low	1	no	1	Aperture	0.53	Low-frequency unresolved label requiring editorial judgment.	pages/Amortization.md:6
asset-tracking	Asset Tracking	REVIEW	low	1	no	1	Aspect Ratio	0.62	Low-frequency unresolved label requiring editorial judgment.	pages/LIMNMEDIA Stop-Motion Wiki Overview.md:41
attribution	Attribution	REVIEW	low	1	no	1	Articulation	0.70	Low-frequency unresolved label requiring editorial judgment.	pages/Creative Commons.md:6
audience-feedback	Audience feedback	REVIEW	low	1	no	1	Additive Color	0.39	Low-frequency unresolved label requiring editorial judgment.	pages/Questionnaire (audience test screening).md:7
audio-archiving	Audio archiving	REVIEW	low	1	no	1	Anti-aliasing	0.57	Low-frequency unresolved label requiring editorial judgment.	pages/Quarter-inch tape (audio legacy).md:13
audio-cable	Audio Cable	REVIEW	low	1	no	1	Audio Sync	0.67	Low-frequency unresolved label requiring editorial judgment.	pages/J-cable.md:11
audio-capture	Audio capture	REVIEW	low	1	no	1	Auto Exposure	0.62	Low-frequency unresolved label requiring editorial judgment.	pages/Recording head (audio).md:7
audio-fades	Audio Fades	REVIEW	low	1	no	1	Audio Sync	0.67	Low-frequency unresolved label requiring editorial judgment.	pages/Fade In ___ Fade Out.md:12
audio-level	Audio level	REVIEW	low	1	no	1	Audio Sync	0.57	Low-frequency unresolved label requiring editorial judgment.	pages/Mixer (audio).md:9
audio-mix	Audio mix	REVIEW	low	1	no	1	Audio Sync	0.63	Low-frequency unresolved label requiring editorial judgment.	pages/Release print (film distribution).md:7
audio-preamp	Audio preamp	REVIEW	low	1	no	1	Auto Exposure	0.56	Low-frequency unresolved label requiring editorial judgment.	pages/Phantom power (microphones).md:12
audio-recording	Audio recording	REVIEW	low	1	no	1	Additive Color	0.48	Low-frequency unresolved label requiring editorial judgment.	pages/Nyquist frequency (sampling theory).md:5
audio-spike	Audio spike	REVIEW	low	1	no	1	Audio Sync	0.67	Low-frequency unresolved label requiring editorial judgment.	pages/Pop (exposure or audio spike).md:13
audio-tape	Audio tape	REVIEW	low	1	no	1	Audio Sync	0.60	Low-frequency unresolved label requiring editorial judgment.	pages/Rewind (film or audio tape).md:7
authorship	Authorship	REVIEW	low	1	no	1	Automask	0.56	Low-frequency unresolved label requiring editorial judgment.	pages/Auteur Theory.md:6
background-animation	Background Animation	REVIEW	low	1	no	1	Background Plate	0.72	Low-frequency unresolved label requiring editorial judgment.	pages/Cycle (Animation Cycle).md:6
backup	Backup	REVIEW	low	1	no	1	Backlight	0.53	Low-frequency unresolved label requiring editorial judgment.	pages/Safety shot.md:7
ball-head	ball head	REVIEW	low	1	no	1	Bar Sheet (Exposure Sheet)	0.56	Low-frequency unresolved label requiring editorial judgment.	pages/Pan head (tripod).md:12
ball-joint	Ball joint	REVIEW	low	1	no	1	Blocking (Animation)	0.56	Low-frequency unresolved label requiring editorial judgment.	pages/Neck joint (puppet armature).md:10
ball-and-socket-joint	Ball-and-Socket Joint	REVIEW	low	1	no	1	Ball-and-Socket Armature	0.76	Low-frequency unresolved label requiring editorial judgment.	pages/Hinge Joint (Armature).md:7
batch-processing	Batch processing	REVIEW	low	1	no	1	Batch Rendering	0.71	Low-frequency unresolved label requiring editorial judgment.	pages/Queue (render jobs).md:13
battery	Battery	REVIEW	low	1	no	1	Byte	0.55	Low-frequency unresolved label requiring editorial judgment.	pages/Anode.md:6
beam-spread	Beam Spread	REVIEW	low	1	no	1	Beam Splitter	0.67	Low-frequency unresolved label requiring editorial judgment.	pages/Fixture (Lighting Unit).md:5
beginner-animation	Beginner animation	REVIEW	low	1	no	1	Burnt-In Timecode	0.40	Low-frequency unresolved label requiring editorial judgment.	pages/Brick Film (Lego Animation).md:6
beginner-guides	Beginner Guides	REVIEW	low	1	no	1	Bézier Curve	0.52	Low-frequency unresolved label requiring editorial judgment.	pages/LIMNMEDIA Stop-Motion Wiki Overview.md:25
behind-the-scenes-photos	Behind-the-Scenes Photos	REVIEW	low	1	no	1	Bracketed Exposure	0.38	Low-frequency unresolved label requiring editorial judgment.	pages/LIMNMEDIA Stop-Motion Wiki Overview.md:32
best-boy	Best Boy	REVIEW	low	1	no	1	Bust Shot	0.59	Low-frequency unresolved label requiring editorial judgment.	pages/Gaffer.md:7
betacam	Betacam	REVIEW	low	1	no	1	Buzz Track (Sound)	0.47	Low-frequency unresolved label requiring editorial judgment.	pages/Laserdisc (video format).md:11
bit	Bit	REVIEW	low	1	no	1	Bin (Editing)	0.67	Low-frequency unresolved label requiring editorial judgment.	pages/Byte.md:6
bitmap	Bitmap	REVIEW	low	1	no	1	Bump Map	0.57	Low-frequency unresolved label requiring editorial judgment.	pages/Raster (image grid).md:7
blend-shape	Blend Shape	REVIEW	low	1	no	1	Beam Splitter	0.50	Low-frequency unresolved label requiring editorial judgment.	pages/Expression Control (Rigging___CG).md:11
blend-shapes	Blend Shapes	REVIEW	low	1	no	1	Blocking Pass (Rough Animation Pass)	0.48	Low-frequency unresolved label requiring editorial judgment.	pages/Expression Control (Rigging___CG).md:7
blender-ynput-flamenco-integrations	Blender / Ynput / Flamenco Integrations	REVIEW	low	1	no	1		0.00	Low-frequency unresolved label requiring editorial judgment.	pages/LIMNMEDIA Stop-Motion Wiki Overview.md:43
blood-effect-fx	Blood Effect (FX)	REVIEW	low	1	no	1	Backlot Set	0.52	Low-frequency unresolved label requiring editorial judgment.	pages/IV (Intravenous Fake Tube, FX).md:11
blueprint	Blueprint	REVIEW	low	1	no	1	Burn-In (Image Burn or Overlay)	0.62	Low-frequency unresolved label requiring editorial judgment.	pages/Arrangement Drawing.md:6
blueprints	Blueprints	REVIEW	low	1	no	1	Burn-In (Image Burn or Overlay)	0.59	Low-frequency unresolved label requiring editorial judgment.	pages/Orthographic view (animation___3D).md:14
broadcast	broadcast	REVIEW	low	1	no	1	Broad Light	0.60	Low-frequency unresolved label requiring editorial judgment.	pages/Oscilloscope (audio___video analysis).md:6
broadcast-schedule	Broadcast schedule	REVIEW	low	1	no	1	Broadcast Safe	0.75	Low-frequency unresolved label requiring editorial judgment.	pages/Queue sheet (broadcast or festival play order).md:7
broadcast-standard	Broadcast standard	REVIEW	low	1	no	1	Broadcast Safe	0.75	Low-frequency unresolved label requiring editorial judgment.	pages/ATSC Standard.md:6
broadway-flat	Broadway Flat	REVIEW	low	1	no	1	Broad Light	0.67	Low-frequency unresolved label requiring editorial judgment.	pages/Hollywood Flat (Set Construction).md:7
budget	budget	REVIEW	low	1	no	1	Bit Depth	0.53	Low-frequency unresolved label requiring editorial judgment.	pages/Overrun (production delay).md:7
bumper-broadcast	Bumper (Broadcast)	REVIEW	low	1	no	1	Bump Map	0.57	Low-frequency unresolved label requiring editorial judgment.	pages/Ident (Broadcast ID Animation).md:10
cad	CAD	REVIEW	low	1	no	1	Clamp (Animation Curve)	0.50	Low-frequency unresolved label requiring editorial judgment.	pages/Orthographic view (animation___3D).md:14
camera-angles	Camera angles	REVIEW	low	1	no	1	Camera Axis	0.75	Low-frequency unresolved label requiring editorial judgment.	pages/Orthographic view (animation___3D).md:10
camera-assistant	camera assistant	REVIEW	low	1	no	1	Camera Shake	0.57	Low-frequency unresolved label requiring editorial judgment.	pages/Operator (camera role).md:13
camera-coverage	Camera coverage	REVIEW	low	1	no	1	Camera Shake	0.59	Low-frequency unresolved label requiring editorial judgment.	pages/Quadrant (storyboard or screen division).md:13
camera-distance	Camera Distance	REVIEW	low	1	no	1	Camera Shake	0.74	Low-frequency unresolved label requiring editorial judgment.	pages/Depth of Field.md:5
camera-feeds	Camera feeds	REVIEW	low	1	no	1	Camera Move	0.70	Low-frequency unresolved label requiring editorial judgment.	pages/Quad split (monitoring).md:13
camera-magazine-mag	Camera magazine (Mag)	REVIEW	low	1	no	1	Camera Shake	0.67	Low-frequency unresolved label requiring editorial judgment.	pages/Notch system (film sprockets).md:9
camera-monitor	Camera monitor	REVIEW	low	1	no	1	Camera Move	0.72	Low-frequency unresolved label requiring editorial judgment.	pages/Playback monitor.md:13
camera-motor	Camera motor	REVIEW	low	1	no	1	Camera Move	0.78	Low-frequency unresolved label requiring editorial judgment.	pages/Quartz timer (camera motor).md:13
camera-mounting	Camera mounting	REVIEW	low	1	no	1	Camera Shake	0.52	Low-frequency unresolved label requiring editorial judgment.	pages/Quick release plate (tripod).md:13
camera-rigging	Camera Rigging	REVIEW	low	1	no	1	Camera Axis	0.64	Low-frequency unresolved label requiring editorial judgment.	pages/Horizontal Stabilizer (Camera Rig).md:10
camera-sensor	Camera Sensor	REVIEW	low	1	no	1	Camera Shake	0.72	Low-frequency unresolved label requiring editorial judgment.	pages/HD (High Definition).md:7
camera-setup	Camera setup	REVIEW	low	1	no	1	Camera Shake	0.75	Low-frequency unresolved label requiring editorial judgment.	pages/Order of shots (storyboard).md:5
camera-supports	Camera Supports	REVIEW	low	1	no	1	Camera Shake	0.59	Low-frequency unresolved label requiring editorial judgment.	pages/Emergency Backup Rig.md:5
camera-trigger	Camera Trigger	REVIEW	low	1	no	1	Camera Move	0.64	Low-frequency unresolved label requiring editorial judgment.	pages/Lanc remote (camera control).md:11
camera-types	Camera types	REVIEW	low	1	no	1	Camera Move	0.70	Low-frequency unresolved label requiring editorial judgment.	pages/Rangefinder (camera type).md:7
capture-software	Capture Software	REVIEW	low	1	no	1	Capture Card	0.71	Low-frequency unresolved label requiring editorial judgment.	pages/iStopMotion (Software).md:11
carpentry-tools-stage	Carpentry Tools (Stage)	REVIEW	low	1	no	1	Center of Rotation	0.48	Low-frequency unresolved label requiring editorial judgment.	pages/Four-Way Wedge (Set Building Tool).md:7
cathode	Cathode	REVIEW	low	1	no	1	Crossfade (Audio)	0.50	Low-frequency unresolved label requiring editorial judgment.	pages/Anode.md:6
cg-physical-hybrid-pipelines	CG/Physical Hybrid Pipelines	REVIEW	low	1	no	1	📊 Color Gamut Plotter — Usage Guide	0.34	Low-frequency unresolved label requiring editorial judgment.	pages/LIMNMEDIA Stop-Motion Wiki Overview.md:19
cgi-integration	CGI integration	REVIEW	low	1	no	1	Center of Rotation	0.61	Low-frequency unresolved label requiring editorial judgment.	pages/Plate (background plate for VFX).md:13
chaos	Chaos	REVIEW	low	1	no	1	contents	0.46	Low-frequency unresolved label requiring editorial judgment.	pages/Random motion (animation principle).md:7
character-perspective	Character perspective	REVIEW	low	1	no	1	Character Animation	0.60	Low-frequency unresolved label requiring editorial judgment.	pages/Rashomon effect (narrative device).md:7
character-redesign	Character redesign	REVIEW	low	1	no	1	Character Animation	0.65	Low-frequency unresolved label requiring editorial judgment.	pages/Reboot (franchise___media).md:7
clapperboard	Clapperboard	REVIEW	low	1	no	1	Capture Card	0.58	Low-frequency unresolved label requiring editorial judgment.	pages/Marker (slate ___ editing mark).md:9
clay-animation	Clay Animation	REVIEW	low	1	no	1	Cel Animation	0.89	Low-frequency unresolved label requiring editorial judgment.	pages/Elastic Stop-Motion (Experimental Style).md:6
codec	Codec	REVIEW	low	1	no	1	contents	0.46	Low-frequency unresolved label requiring editorial judgment.	pages/Compression (Video Compression).md:6
color-calibration	Color calibration	REVIEW	low	1	no	1	Color Grading	0.67	Low-frequency unresolved label requiring editorial judgment.	pages/Neutral gray card (exposure).md:9
color-charts	Color charts	REVIEW	low	1	no	1	Color Script	0.75	Low-frequency unresolved label requiring editorial judgment.	pages/Metamerism (color science).md:16
color-depth	Color depth	REVIEW	low	1	no	1	Color Model (RGB, CMYK, YUV)	0.73	Low-frequency unresolved label requiring editorial judgment.	pages/Bit Depth.md:6
color-management	Color management	REVIEW	low	1	no	1	Color Timing	0.64	Low-frequency unresolved label requiring editorial judgment.	pages/Output gamma.md:5
color-reference	Color reference	REVIEW	low	1	no	1	Color Balance	0.64	Low-frequency unresolved label requiring editorial judgment.	pages/Quince (color tone reference).md:7
color-temperature-references	Color Temperature References	REVIEW	low	1	no	1	📊 Color Gamut Plotter — Usage Guide	0.44	Low-frequency unresolved label requiring editorial judgment.	pages/LIMNMEDIA Stop-Motion Wiki Overview.md:12
commercial-work	Commercial Work	REVIEW	low	1	no	1	Camera Shake	0.52	Low-frequency unresolved label requiring editorial judgment.	pages/LIMNMEDIA Stop-Motion Wiki Overview.md:45
community	Community	REVIEW	low	1	no	1	Continuity	0.63	Low-frequency unresolved label requiring editorial judgment.	pages/Brick Film (Lego Animation).md:6
composite	composite	REVIEW	low	1	no	1	Composition (Visual Framing)	0.80	Low-frequency unresolved label requiring editorial judgment.	pages/Parallax error (camera alignment).md:6
compositing-strategies	Compositing Strategies	REVIEW	low	1	no	1	Color Temperature	0.41	Low-frequency unresolved label requiring editorial judgment.	pages/LIMNMEDIA Stop-Motion Wiki Overview.md:19
compressed-video	Compressed video	REVIEW	low	1	no	1	Cross Processing (Effect)	0.50	Low-frequency unresolved label requiring editorial judgment.	pages/Uncompressed video.md:18
computer-vision	Computer Vision	REVIEW	low	1	no	1	Conversion Lens	0.53	Low-frequency unresolved label requiring editorial judgment.	pages/Machine vision (VFX ___ capture).md:19
condenser-mic	Condenser mic	REVIEW	low	1	no	1	Convention (Genre Convention)	0.52	Low-frequency unresolved label requiring editorial judgment.	pages/Vacuum tube mic (sound recording).md:18
condenser-microphone	Condenser microphone	REVIEW	low	1	no	1	Center of Rotation	0.53	Low-frequency unresolved label requiring editorial judgment.	pages/Phantom power (microphones).md:12
conflict	Conflict	REVIEW	low	1	no	1	Continuity	0.56	Low-frequency unresolved label requiring editorial judgment.	pages/Obstacle (narrative device).md:9
consistency	Consistency	REVIEW	low	1	no	1	contents	0.63	Low-frequency unresolved label requiring editorial judgment.	pages/Balance (White Balance).md:6
contact-print	Contact Print	REVIEW	low	1	no	1	Control Point	0.69	Low-frequency unresolved label requiring editorial judgment.	pages/Laboratory timer (exposure control).md:11
continuity-check	Continuity check	REVIEW	low	1	no	1	Control Point	0.48	Low-frequency unresolved label requiring editorial judgment.	pages/Playback monitor.md:13
contributor-guidelines	Contributor Guidelines	REVIEW	low	1	no	1	Center of Interest	0.45	Low-frequency unresolved label requiring editorial judgment.	pages/LIMNMEDIA Stop-Motion Wiki Overview.md:52
coordinate-system	Coordinate System	REVIEW	low	1	no	1	Color Temperature	0.47	Low-frequency unresolved label requiring editorial judgment.	pages/Ground Plane (Reference in CG___Set).md:7
costume	costume	REVIEW	low	1	no	1	Close-Up	0.53	Low-frequency unresolved label requiring editorial judgment.	pages/Parody (narrative device).md:13
counterweight-systems	Counterweight systems	REVIEW	low	1	no	1	Center of Interest	0.41	Low-frequency unresolved label requiring editorial judgment.	pages/Over-under rig (camera support).md:13
coverage-shot	Coverage shot	REVIEW	low	1	no	1	Convergence (Stereoscopic)	0.58	Low-frequency unresolved label requiring editorial judgment.	pages/Utility shot (coverage footage).md:18
crew-scheduling	crew scheduling	REVIEW	low	1	no	1	Crowd Simulation	0.58	Low-frequency unresolved label requiring editorial judgment.	pages/Overrun (production delay).md:7
cross-cutting	cross-cutting	REVIEW	low	1	no	1	Cross Processing (Effect)	0.69	Low-frequency unresolved label requiring editorial judgment.	pages/Parallel action (editing).md:7
crowdfunding	Crowdfunding	REVIEW	low	1	no	1	Cloud Rendering	0.52	Low-frequency unresolved label requiring editorial judgment.	pages/Kickstarter (animation funding).md:12
crt-monitor	CRT Monitor	REVIEW	low	1	no	1	Convention (Genre Convention)	0.48	Low-frequency unresolved label requiring editorial judgment.	pages/Horizontal Hold (Video Sync).md:11
cue-sheet	Cue Sheet	REVIEW	low	1	no	1	Closed Set	0.63	Low-frequency unresolved label requiring editorial judgment.	pages/Hit Point (Action Cue).md:10
cut	Cut	REVIEW	low	1	no	1	CGI (Computer-Generated Imagery)	0.33	Low-frequency unresolved label requiring editorial judgment.	pages/Axial Cut.md:6
cut-editing	Cut (Editing)	REVIEW	low	1	no	1	CGI (Computer-Generated Imagery)	0.33	Low-frequency unresolved label requiring editorial judgment.	pages/Linear editing.md:11
dark-frame	Dark Frame	REVIEW	low	1	no	1	Dead Frame	0.80	Low-frequency unresolved label requiring editorial judgment.	pages/Lens cap.md:11
darkroom	Darkroom	REVIEW	low	1	no	1	Dolly Zoom	0.44	Low-frequency unresolved label requiring editorial judgment.	pages/Photographic emulsion.md:13
data-rate	Data rate	REVIEW	low	1	no	1	Dead Frame	0.63	Low-frequency unresolved label requiring editorial judgment.	pages/Byte.md:6
daw	DAW	REVIEW	low	1	no	1	Drag (Animation Principle)	0.57	Low-frequency unresolved label requiring editorial judgment.	pages/Needle tool (editing ___ audio sync).md:6
daylight-simulation	Daylight Simulation	REVIEW	low	1	no	1	Dynamic Simulation	0.76	Low-frequency unresolved label requiring editorial judgment.	pages/HMI (Hydrargyrum Medium-Arc Iodide Light).md:10
decay-effect-practical-fx	Decay Effect (Practical FX)	REVIEW	low	1	no	1	[[Dope Sheet]] (Exposure Sheet, X-Sheet)	0.55	Low-frequency unresolved label requiring editorial judgment.	pages/Half-Life (Lighting ___ Radioactive Reference).md:10
decibel-db	Decibel (dB)	REVIEW	low	1	no	1	Dresser (Set Dresser)	0.43	Low-frequency unresolved label requiring editorial judgment.	pages/Level (sound).md:11
deformation-rig	Deformation Rig	REVIEW	low	1	no	1	Directional Light	0.56	Low-frequency unresolved label requiring editorial judgment.	pages/Elastic Deformation (Rigging ___ CG).md:7
deleted-scene	Deleted scene	REVIEW	low	1	no	1	Depth Pass (Z-Depth)	0.43	Low-frequency unresolved label requiring editorial judgment.	pages/Outtake.md:15
design	design	REVIEW	low	1	no	1	Diffusion (Lighting)	0.53	Low-frequency unresolved label requiring editorial judgment.	pages/Parody (narrative device).md:13
design-principle	Design principle	REVIEW	low	1	no	1	Design Bible	0.71	Low-frequency unresolved label requiring editorial judgment.	pages/Repetition (design principle).md:7
dialogue-recording	Dialogue recording	REVIEW	low	1	no	1	Dialogue Editing	0.82	Low-frequency unresolved label requiring editorial judgment.	pages/Post sync (ADR).md:13
dialogue-tracking	Dialogue tracking	REVIEW	low	1	no	1	Dialogue Editing	0.79	Low-frequency unresolved label requiring editorial judgment.	pages/Quote board (production tracking).md:7
diffuse-pass	Diffuse pass	REVIEW	low	1	no	1	Depth Pass (Z-Depth)	0.64	Low-frequency unresolved label requiring editorial judgment.	pages/Render pass.md:7
digital	Digital	REVIEW	low	1	no	1	Digitize	0.67	Low-frequency unresolved label requiring editorial judgment.	pages/Analog.md:6
digital-artifacts	Digital artifacts	REVIEW	low	1	no	1	Digital Puppet	0.58	Low-frequency unresolved label requiring editorial judgment.	pages/Quantization error (image compression).md:13
digital-asset	Digital asset	REVIEW	low	1	no	1	Digital Puppet	0.74	Low-frequency unresolved label requiring editorial judgment.	pages/Photogrammetry.md:13
digital-asset-management	Digital Asset Management	REVIEW	low	1	no	1	Digital Intermediate (DI)	0.55	Low-frequency unresolved label requiring editorial judgment.	pages/Embedded Metadata (EXIF, IPTC).md:6
digital-camera	Digital camera	REVIEW	low	1	no	1	Digital Puppet	0.64	Low-frequency unresolved label requiring editorial judgment.	pages/Noise grain (film look).md:5
digital-capture	Digital capture	REVIEW	low	1	no	1	Digital Puppet	0.69	Low-frequency unresolved label requiring editorial judgment.	pages/Raster scan (video signal).md:7
digital-cinema-package	Digital Cinema Package	REVIEW	low	1	no	1	Digital Intermediate (DI)	0.67	Low-frequency unresolved label requiring editorial judgment.	pages/Release print (film distribution).md:7
digital-cleanup	Digital cleanup	REVIEW	low	1	no	1	Digital Puppet	0.69	Low-frequency unresolved label requiring editorial judgment.	pages/Restoration (film___digital).md:7
digital-distribution	Digital Distribution	REVIEW	low	1	no	1	Digital Intermediate (DI)	0.55	Low-frequency unresolved label requiring editorial judgment.	pages/GIF Animation.md:7
digital-double	Digital double	REVIEW	low	1	no	1	Digital Puppet	0.71	Low-frequency unresolved label requiring editorial judgment.	pages/Base Mesh (CG Model Base).md:6
digital-formats	digital formats	REVIEW	low	1	no	1	Digital Puppet	0.62	Low-frequency unresolved label requiring editorial judgment.	pages/Pan-and-scan.md:7
digital-grading	Digital grading	REVIEW	low	1	no	1	Data Wrangler	0.57	Low-frequency unresolved label requiring editorial judgment.	pages/Quince (color tone reference).md:7
digital-image	Digital image	REVIEW	low	1	no	1	Digital Puppet	0.67	Low-frequency unresolved label requiring editorial judgment.	pages/Raster (image grid).md:7
digital-painting	Digital painting	REVIEW	low	1	no	1	Digital Puppet	0.67	Low-frequency unresolved label requiring editorial judgment.	pages/Brush Pass (Texture Painting).md:6
digital-sensor	Digital sensor	REVIEW	low	1	no	1	Digital Puppet	0.64	Low-frequency unresolved label requiring editorial judgment.	pages/Readout noise (digital sensor).md:7
direct-animation	Direct animation	REVIEW	low	1	no	1	Directing Animator	0.82	Low-frequency unresolved label requiring editorial judgment.	pages/Non-objective animation.md:9
director-of-photography-dp	director of photography (DP)	REVIEW	low	1	no	1	Dictionary of Stop-Motion	0.58	Low-frequency unresolved label requiring editorial judgment.	pages/Operator (camera role).md:13
director-s-notes	Director’s Notes	REVIEW	low	1	no	1	Dictionary — T	0.57	Low-frequency unresolved label requiring editorial judgment.	pages/Journal (production log).md:12
displacement-map	Displacement map	REVIEW	low	1	no	1	Duplicate-Frame	0.45	Low-frequency unresolved label requiring editorial judgment.	pages/Bump Map.md:6
displacement-mapping	displacement mapping	REVIEW	low	1	no	1	Dialogue Editing	0.50	Low-frequency unresolved label requiring editorial judgment.	pages/Parallax mapping (VFX___3D).md:12
display-formats	Display formats	REVIEW	low	1	no	1	Day-for-Night	0.57	Low-frequency unresolved label requiring editorial judgment.	pages/Safe area (framing).md:7
documentary	Documentary	REVIEW	low	1	no	1	Dictionary — Z	0.52	Low-frequency unresolved label requiring editorial judgment.	pages/Archive Footage.md:6
documentation	Documentation	REVIEW	low	1	no	1	Dynamation	0.61	Low-frequency unresolved label requiring editorial judgment.	pages/Behind the Scenes.md:6
down-angle	Down angle	REVIEW	low	1	no	1	Dynamic Range	0.61	Low-frequency unresolved label requiring editorial judgment.	pages/Up angle (low-angle shot).md:18
download	Download	REVIEW	low	1	no	1	Downshooter (Animation Stand)	0.53	Low-frequency unresolved label requiring editorial judgment.	pages/Upload (file transfer).md:18
downmix	Downmix	REVIEW	low	1	no	1	Dynamics (Physics Engine)	0.53	Low-frequency unresolved label requiring editorial judgment.	pages/Upmix (audio channels).md:18
downscaling	Downscaling	REVIEW	low	1	no	1	Dynamic Range	0.50	Low-frequency unresolved label requiring editorial judgment.	pages/Quad (image resolution multiple).md:13
downshot	Downshot	REVIEW	low	1	no	1	Downshooter (Animation Stand)	0.84	Low-frequency unresolved label requiring editorial judgment.	pages/Upshot (camera angle).md:18
downstage	Downstage	REVIEW	low	1	no	1	Downshooter (Animation Stand)	0.70	Low-frequency unresolved label requiring editorial judgment.	pages/Upstage (blocking term).md:18
drone	Drone	REVIEW	low	1	no	1	Dry Run (Rehearsal)	0.50	Low-frequency unresolved label requiring editorial judgment.	pages/Quadcopter (drone cinematography).md:7
drop-frame	Drop frame	REVIEW	low	1	no	1	Dragonframe	0.76	Low-frequency unresolved label requiring editorial judgment.	pages/Phantom frame (editing error).md:12
dslr	DSLR	REVIEW	low	1	no	1	Dresser (Set Dresser)	0.55	Low-frequency unresolved label requiring editorial judgment.	pages/Noise grain (film look).md:5
dslr-camera	DSLR camera	REVIEW	low	1	no	1	Double-Frame (On Twos)	0.52	Low-frequency unresolved label requiring editorial judgment.	pages/Mirrorless camera.md:10
durability-test	Durability Test	REVIEW	low	1	no	1	Dual-System Sound	0.50	Low-frequency unresolved label requiring editorial judgment.	pages/IVC (In-Vitro Capture, Puppet Testing).md:11
dvd	DVD	REVIEW	low	1	no	1	DPI (Dots Per Inch)	0.33	Low-frequency unresolved label requiring editorial judgment.	pages/Laserdisc (video format).md:11
dye-transfer-historical-color-process	Dye Transfer (Historical Color Process)	REVIEW	low	1	no	1	Dynamic Range	0.56	Low-frequency unresolved label requiring editorial judgment.	pages/Dictionary — D.md:48
early-cinema	Early cinema	REVIEW	low	1	no	1	Eyeline Match	0.56	Low-frequency unresolved label requiring editorial judgment.	pages/Photoplay (early cinema term).md:13
easter-egg	Easter egg	REVIEW	low	1	no	1	Ease Curve (Interpolation)	0.60	Low-frequency unresolved label requiring editorial judgment.	pages/Quotation (intertextual reference).md:7
edge-code	Edge Code	REVIEW	low	1	no	1	Edge Blend	0.63	Low-frequency unresolved label requiring editorial judgment.	pages/Key number (film edge code).md:11
edit-decision-list-edl	Edit decision list (EDL)	REVIEW	low	1	no	1	Extreme Long Shot (ELS)	0.46	Low-frequency unresolved label requiring editorial judgment.	pages/Offline edit.md:9
editing-continuity	Editing continuity	REVIEW	low	1	no	1	Establishing Shot	0.46	Low-frequency unresolved label requiring editorial judgment.	pages/Narrative continuity.md:6
education-stop-motion	Education (Stop-Motion)	REVIEW	low	1	no	1	End Motion (Final Pose)	0.63	Low-frequency unresolved label requiring editorial judgment.	pages/iStopMotion (Software).md:11
eisenstein-montage-theory	Eisenstein Montage Theory	REVIEW	low	1	no	1	Extended Depth of Field (EDOF)	0.38	Low-frequency unresolved label requiring editorial judgment.	pages/Kuleshov montage experiment.md:19
electric-lighting-crew	Electric (Lighting Crew)	REVIEW	low	1	no	1	Eye Trace (Editing Continuity)	0.59	Low-frequency unresolved label requiring editorial judgment.	pages/Dictionary — E.md:14
electronics	Electronics	REVIEW	low	1	no	1	Eye Trace (Editing Continuity)	0.50	Low-frequency unresolved label requiring editorial judgment.	pages/Anode.md:6
eng-electronic-news-gathering	ENG (Electronic News Gathering)	REVIEW	low	1	no	1	EG (Exposure Guide)	0.80	Low-frequency unresolved label requiring editorial judgment.	pages/EFP (Electronic Field Production).md:6
environmental-animation	Environmental animation	REVIEW	low	1	no	1	Equirectangular Projection (360° Images)	0.49	Low-frequency unresolved label requiring editorial judgment.	pages/Random motion (animation principle).md:7
erpnext	ERPNext	REVIEW	low	1	no	1	Element (Compositing Element)	0.43	Low-frequency unresolved label requiring editorial judgment.	pages/Import (Data___Asset).md:7
exaggeration	Exaggeration	REVIEW	low	1	no	1	End Motion (Final Pose)	0.45	Low-frequency unresolved label requiring editorial judgment.	pages/Quirky motion (style in animation).md:7
exif-camera-metadata	EXIF / Camera Metadata	REVIEW	low	1	no	1	Embedded Metadata (EXIF, IPTC)	0.65	Low-frequency unresolved label requiring editorial judgment.	pages/LIMNMEDIA Stop-Motion Wiki Overview.md:36
exif-metadata	EXIF Metadata	REVIEW	low	1	no	1	Eyeline Match	0.46	Low-frequency unresolved label requiring editorial judgment.	pages/Machine vision (VFX ___ capture).md:12
export	Export	REVIEW	low	1	no	1	Exposure	0.71	Low-frequency unresolved label requiring editorial judgment.	pages/Import (Data___Asset).md:11
expository-mode	Expository Mode	REVIEW	low	1	no	1	Exposure Latitude	0.56	Low-frequency unresolved label requiring editorial judgment.	pages/Knowledge cut (documentary editing).md:10
exposure-bracketing	Exposure Bracketing	REVIEW	low	1	no	1	Exposure Latitude	0.67	Low-frequency unresolved label requiring editorial judgment.	pages/Dictionary — E.md:30
exposure-compensation	Exposure Compensation	REVIEW	low	1	no	1	Exposure Latitude	0.63	Low-frequency unresolved label requiring editorial judgment.	pages/Dictionary — E.md:31
exposure-control	Exposure control	REVIEW	low	1	no	1	Expression Control (Rigging/CG)	0.76	Low-frequency unresolved label requiring editorial judgment.	pages/Scrim (lighting).md:7
exposure-test	Exposure test	REVIEW	low	1	no	1	Exposure Sheet (X-Sheet, Dope Sheet)	0.74	Low-frequency unresolved label requiring editorial judgment.	pages/Quick frame (single test frame).md:7
exposure-time	Exposure time	REVIEW	low	1	no	1	Exposure Sheet (X-Sheet, Dope Sheet)	0.74	Low-frequency unresolved label requiring editorial judgment.	pages/Motion blur.md:9
expressionism-art-cinema	Expressionism (Art / Cinema)	REVIEW	low	1	no	1	Exposure Sheet (X-Sheet, Dope Sheet)	0.44	Low-frequency unresolved label requiring editorial judgment.	pages/Impressionism (Lighting___Design Influence).md:11
extension	Extension	REVIEW	low	1	no	1	Emulsion (Film Stock)	0.59	Low-frequency unresolved label requiring editorial judgment.	pages/Plug-in (software add-on).md:13
external-links-references	External Links & References	REVIEW	low	1	no	1	Effective Focal Length (EFL)	0.38	Low-frequency unresolved label requiring editorial judgment.	pages/LIMNMEDIA Stop-Motion Wiki Overview.md:54
eyepiece-lens	Eyepiece lens	REVIEW	low	1	no	1	Edge Blend	0.52	Low-frequency unresolved label requiring editorial judgment.	pages/Objective lens (optics).md:6
facial-tracking	Facial tracking	REVIEW	low	1	no	1	Focus Stacking	0.69	Low-frequency unresolved label requiring editorial judgment.	pages/Performance capture.md:12
fair-use	Fair Use	REVIEW	low	1	no	1	Film Speed (ISO/ASA)	0.56	Low-frequency unresolved label requiring editorial judgment.	pages/Creative Commons.md:6
falloff	Falloff	REVIEW	low	1	no	1	Flop (Reverse Image)	0.55	Low-frequency unresolved label requiring editorial judgment.	pages/Hot Spot (Light Intensity).md:7
far-focus-limit-dof	Far focus limit (DOF)	REVIEW	low	1	no	1	Focus Distance	0.55	Low-frequency unresolved label requiring editorial judgment.	pages/Near focus limit (DOF).md:9
festival-circuit	Festival Circuit	REVIEW	low	1	no	1	Final Render	0.43	Low-frequency unresolved label requiring editorial judgment.	pages/Kickstarter (animation funding).md:12
festival-programming	Festival programming	REVIEW	low	1	no	1	Front Projection	0.44	Low-frequency unresolved label requiring editorial judgment.	pages/Queue sheet (broadcast or festival play order).md:7
file-size	File size	REVIEW	low	1	no	1	Film Speed (ISO/ASA)	0.63	Low-frequency unresolved label requiring editorial judgment.	pages/Byte.md:6
film-distribution	Film distribution	REVIEW	low	1	no	1	Focus Distance	0.45	Low-frequency unresolved label requiring editorial judgment.	pages/Release print (film distribution).md:7
film-gauge	Film gauge	REVIEW	low	1	no	1	Film Gate (Camera Aperture)	0.84	Low-frequency unresolved label requiring editorial judgment.	pages/Notch system (film sprockets).md:9
film-laboratory	Film Laboratory	REVIEW	low	1	no	1	Flatbed Editor (Historical Editing Device)	0.48	Low-frequency unresolved label requiring editorial judgment.	pages/Laboratory timer (exposure control).md:11
film-look	Film look	REVIEW	low	1	no	1	Film Gate (Camera Aperture)	0.56	Low-frequency unresolved label requiring editorial judgment.	pages/Bypass (Bleach Bypass Effect).md:6
film-preservation	Film preservation	REVIEW	low	1	no	1	Front Projection	0.55	Low-frequency unresolved label requiring editorial judgment.	pages/Restoration (film___digital).md:7
film-terminology	Film terminology	REVIEW	low	1	no	1	Frame Averaging	0.52	Low-frequency unresolved label requiring editorial judgment.	pages/Photoplay (early cinema term).md:13
film-texture	Film texture	REVIEW	low	1	no	1	Film Gate (Camera Aperture)	0.67	Low-frequency unresolved label requiring editorial judgment.	pages/Noise grain (film look).md:9
film-theory	Film theory	REVIEW	low	1	no	1	Film Gate (Camera Aperture)	0.70	Low-frequency unresolved label requiring editorial judgment.	pages/Auteur Theory.md:6
fixed-pattern-noise	Fixed Pattern Noise	REVIEW	low	1	no	1	Forced Perspective	0.49	Low-frequency unresolved label requiring editorial judgment.	pages/Jailbar effect.md:11
flamenco-render-manager	Flamenco (Render Manager)	REVIEW	low	1	no	1	Frame	0.62	Low-frequency unresolved label requiring editorial judgment.	pages/Java-based render manager.md:11
flip-book	flip book	REVIEW	low	1	no	1	Foley Sound	0.40	Low-frequency unresolved label requiring editorial judgment.	pages/Optical illusion (animation___VFX).md:10
fluid-head	fluid head	REVIEW	low	1	no	1	Field of View (FOV)	0.43	Low-frequency unresolved label requiring editorial judgment.	pages/Pan head (tripod).md:6
flying-rig	Flying rig	REVIEW	low	1	no	1	Flex Rig (Support Rig)	0.67	Low-frequency unresolved label requiring editorial judgment.	pages/Nylon wire (puppet rigging).md:9
focal-plane-shutter	Focal Plane Shutter	REVIEW	low	1	no	1	Full-Scale Puppet	0.44	Low-frequency unresolved label requiring editorial judgment.	pages/Leaf shutter.md:11
focus-chart	Focus chart	REVIEW	low	1	no	1	Focus Pull	0.57	Low-frequency unresolved label requiring editorial judgment.	pages/Out of focus.md:12
force-motion-balance	Force, Motion & Balance	REVIEW	low	1	no	1	Fake Motion Blur (Multipass)	0.67	Low-frequency unresolved label requiring editorial judgment.	pages/Kinetics of puppetry (stop-motion physics).md:12
forward-kinematics-fk	Forward Kinematics (FK)	REVIEW	low	1	no	1	Foreground Miniature	0.53	Low-frequency unresolved label requiring editorial judgment.	pages/Inverse Kinematics (IK).md:11
found-object	Found object	REVIEW	low	1	no	1	Foot Candle (Light Measurement)	0.43	Low-frequency unresolved label requiring editorial judgment.	pages/Assemblage.md:6
found-object-animation	Found Object Animation	REVIEW	low	1	no	1	Flip Book Animation	0.63	Low-frequency unresolved label requiring editorial judgment.	pages/Kitbash (model___prop building).md:12
frame-review	Frame review	REVIEW	low	1	no	1	Frame Rate	0.73	Low-frequency unresolved label requiring editorial judgment.	pages/Rewind (film or audio tape).md:7
frame-sequences	Frame Sequences	REVIEW	low	1	no	1	Frame Blending	0.55	Low-frequency unresolved label requiring editorial judgment.	pages/LIMNMEDIA Stop-Motion Wiki Overview.md:36
frame-sequencing	Frame sequencing	REVIEW	low	1	no	1	Frame Blending	0.73	Low-frequency unresolved label requiring editorial judgment.	pages/Reverse motion (animation___post trick).md:7
frame-size	Frame size	REVIEW	low	1	no	1	Frame Line	0.80	Low-frequency unresolved label requiring editorial judgment.	pages/Pixel aspect ratio.md:13
frame-by-frame	Frame-by-frame	REVIEW	low	1	no	1	Freeze Frame	0.69	Low-frequency unresolved label requiring editorial judgment.	pages/Onion skinning.md:9
frame-by-frame-animation	Frame-by-frame animation	REVIEW	low	1	no	1	Flip Book Animation	0.60	Low-frequency unresolved label requiring editorial judgment.	pages/Pixelation (animation technique).md:13
frames-per-second	Frames per second	REVIEW	low	1	no	1	False Perspective (Forced Perspective)	0.59	Low-frequency unresolved label requiring editorial judgment.	pages/Rate (frame rate).md:7
framing-composition	Framing (Composition)	REVIEW	low	1	no	1	Frame Line	0.71	Low-frequency unresolved label requiring editorial judgment.	pages/Jack-in-the-box shot.md:11
franchise	Franchise	REVIEW	low	1	no	1	Fog Machine	0.60	Low-frequency unresolved label requiring editorial judgment.	pages/Reboot (franchise___media).md:7
frequency	Frequency	REVIEW	low	1	no	1	Fire Effect (Practical or VFX)	0.50	Low-frequency unresolved label requiring editorial judgment.	pages/Resonance (sound).md:7
frequency-response	Frequency Response	REVIEW	low	1	no	1	Forced Perspective	0.44	Low-frequency unresolved label requiring editorial judgment.	pages/Hertz (Frequency).md:11
frontal-lighting	Frontal lighting	REVIEW	low	1	no	1	Flat Lighting	0.76	Low-frequency unresolved label requiring editorial judgment.	pages/Butterfly Lighting.md:6
fur-animation	Fur Animation	REVIEW	low	1	no	1	Fast Motion (Undercranking)	0.58	Low-frequency unresolved label requiring editorial judgment.	pages/Hair Rig (Puppet Rigging).md:10
gamma	Gamma	REVIEW	low	1	no	1	Gamut (Color Range)	0.60	Low-frequency unresolved label requiring editorial judgment.	pages/Response curve (sensor___film).md:7
geared-head	Geared Head	REVIEW	low	1	no	1	Gear Ratio (Motion Control)	0.57	Low-frequency unresolved label requiring editorial judgment.	pages/Manfrotto (tripod brand).md:9
genre	Genre	REVIEW	low	1	no	1	Gantry (Camera Support)	0.55	Low-frequency unresolved label requiring editorial judgment.	pages/Convention (Genre Convention).md:6
georges-méliès	Georges Méliès	REVIEW	low	1	no	1	Gyro Stabilizer	0.34	Low-frequency unresolved label requiring editorial judgment.	pages/Photoplay (early cinema term).md:13
glass	Glass	REVIEW	low	1	no	1	Gel (Lighting Filter)	0.50	Low-frequency unresolved label requiring editorial judgment.	pages/Refraction (lens effect).md:7
gouraud-shading	Gouraud shading	REVIEW	low	1	no	1	Ground Shadow Pass	0.55	Low-frequency unresolved label requiring editorial judgment.	pages/Pong shading (Phong shading___typo%3F).md:14
gradual-change	Gradual change	REVIEW	low	1	no	1	Ground Plane (Reference in CG/Set)	0.54	Low-frequency unresolved label requiring editorial judgment.	pages/Ramp (exposure or motion change).md:7
graphic-design	Graphic design	REVIEW	low	1	no	1	Greensperson (Set Dressing Crew)	0.46	Low-frequency unresolved label requiring editorial judgment.	pages/Screentone (graphic shading).md:7
handles	Handles	REVIEW	low	1	no	1	Half-Life (Lighting / Radioactive Reference)	0.50	Low-frequency unresolved label requiring editorial judgment.	pages/Buffer Frame.md:6
harmonics	Harmonics	REVIEW	low	1	no	1	Hemicube (Rendering)	0.47	Low-frequency unresolved label requiring editorial judgment.	pages/Overtone (sound design).md:7
haze	Haze	REVIEW	low	1	no	1	Hue	0.57	Low-frequency unresolved label requiring editorial judgment.	pages/Backscatter (Lighting Effect).md:6
hero-puppet	Hero Puppet	REVIEW	low	1	no	1	House Puppet (Studio Asset)	0.78	Low-frequency unresolved label requiring editorial judgment.	pages/Guide Puppet (Animation Planning).md:7
high-resolution-frames	High-resolution frames	REVIEW	low	1	no	1	High-Speed Photography	0.50	Low-frequency unresolved label requiring editorial judgment.	pages/Render farm.md:7
holdout-matte	holdout matte	REVIEW	low	1	no	1	Hard Matte	0.70	Low-frequency unresolved label requiring editorial judgment.	pages/Overlay matte.md:7
homage	Homage	REVIEW	low	1	no	1	Hot Set	0.46	Low-frequency unresolved label requiring editorial judgment.	pages/Quotation (intertextual reference).md:7
human-factors	Human Factors	REVIEW	low	1	no	1	Haptic Feedback (Animation Controls)	0.43	Low-frequency unresolved label requiring editorial judgment.	pages/Haptic Feedback (Animation Controls).md:10
hybrid-animation	Hybrid Animation	REVIEW	low	1	no	1	Hybrid Workflow (Practical + Digital)	0.52	Low-frequency unresolved label requiring editorial judgment.	pages/Hand Puppet.md:7
hybrid-cg	Hybrid CG	REVIEW	low	1	no	1	Hard Light	0.53	Low-frequency unresolved label requiring editorial judgment.	pages/Uncanny valley (animation concept).md:18
image-compression	Image compression	REVIEW	low	1	no	1	Impressionism (Lighting/Design Influence)	0.67	Low-frequency unresolved label requiring editorial judgment.	pages/Quantization error (image compression).md:13
image-libraries	Image Libraries	REVIEW	low	1	no	1	Image Sequence	0.48	Low-frequency unresolved label requiring editorial judgment.	pages/LIMNMEDIA Stop-Motion Wiki Overview.md:31
image-resolution	Image resolution	REVIEW	low	1	no	1	Interpolation (Animation Curves)	0.62	Low-frequency unresolved label requiring editorial judgment.	pages/Quad (image resolution multiple).md:13
image-size	Image size	REVIEW	low	1	no	1	Image Plane	0.67	Low-frequency unresolved label requiring editorial judgment.	pages/Resolution (image size).md:7
image-based-lighting-ibl	Image-Based Lighting (IBL)	REVIEW	low	1	no	1	Indirect Lighting	0.59	Low-frequency unresolved label requiring editorial judgment.	pages/Environment Light (HDRI).md:6
independent-animation	Independent Animation	REVIEW	low	1	no	1	Indirect Lighting	0.53	Low-frequency unresolved label requiring editorial judgment.	pages/Kickstarter (animation funding).md:12
inking	Inking	REVIEW	low	1	no	1	Ink & Paint	0.67	Low-frequency unresolved label requiring editorial judgment.	pages/Quill pen (animation inking).md:7
input-transform	Input transform	REVIEW	low	1	no	1	Insulation Foam (Set/Puppet Material)	0.53	Low-frequency unresolved label requiring editorial judgment.	pages/Output gamma.md:14
interlacing	Interlacing	REVIEW	low	1	no	1	Intercutting	0.78	Low-frequency unresolved label requiring editorial judgment.	pages/Raster scan (video signal).md:7
interocular-distance	Interocular Distance	REVIEW	low	1	no	1	Interlaced Video	0.50	Low-frequency unresolved label requiring editorial judgment.	pages/Convergence (Stereoscopic).md:6
intertextuality	Intertextuality	REVIEW	low	1	no	1	Interactive Light (FX / Compositing)	0.62	Low-frequency unresolved label requiring editorial judgment.	pages/Quotation (intertextual reference).md:7
intervalometer	Intervalometer	REVIEW	low	1	no	1	Integration (Live-Action + Stop-Mo)	0.56	Low-frequency unresolved label requiring editorial judgment.	pages/Magic Lantern (Canon firmware add-on).md:10
inverse-square-law	Inverse square law	REVIEW	low	1	no	1	Inverse Kinematics (IK)	0.50	Low-frequency unresolved label requiring editorial judgment.	pages/Quadratic falloff (light physics).md:13
iso-asa	ISO/ASA	REVIEW	low	1	no	1	Ink & Paint	0.38	Low-frequency unresolved label requiring editorial judgment.	pages/Photographic grain.md:13
joint-compound-set-building	Joint compound (set building)	REVIEW	low	1	no	1	Joint Failure (Mechanical Wear)	0.52	Low-frequency unresolved label requiring editorial judgment.	pages/Dictionary — J.md:20
joint-lubricant-armatures	Joint lubricant (armatures)	REVIEW	low	1	no	1	Joint Failure (Mechanical Wear)	0.64	Low-frequency unresolved label requiring editorial judgment.	pages/Dictionary — J.md:46
joint-tension	Joint Tension	REVIEW	low	1	no	1	Joint Lock (Armature Tension)	0.61	Low-frequency unresolved label requiring editorial judgment.	pages/Hinge Joint (Armature).md:7
jointing-puppets	Jointing (Puppets)	REVIEW	low	1	no	1	Joint (Armature)	0.77	Low-frequency unresolved label requiring editorial judgment.	pages/Gore-Tex Puppet Joint (Fabrication Trick).md:7
joystick-controller	Joystick Controller	REVIEW	low	1	no	1	Juxtaposition of Scale (Stop-Motion Sets)	0.49	Low-frequency unresolved label requiring editorial judgment.	pages/Haptic Feedback (Animation Controls).md:10
kilovolt-lighting-k-units	Kilovolt lighting (K units)	REVIEW	low	1	no	1	Kuleshov Workshop (Pedagogical Term)	0.35	Low-frequency unresolved label requiring editorial judgment.	pages/Dictionary — K.md:11
knockout-matte-generation	Knockout (matte generation)	REVIEW	low	1	no	1	Knockback (Exposure or Audio Term)	0.59	Low-frequency unresolved label requiring editorial judgment.	pages/Dictionary — K.md:40
led	LED	REVIEW	low	1	no	1	Leader (Film Strip Head/Tail)	0.67	Low-frequency unresolved label requiring editorial judgment.	pages/Anode.md:6
led-lighting	LED lighting	REVIEW	low	1	no	1	Lighting Unit	0.64	Low-frequency unresolved label requiring editorial judgment.	pages/Quasar light (LED tube brand).md:7
led-panel-lighting	LED Panel (Lighting)	REVIEW	low	1	no	1	Leader (Film Strip Head/Tail)	0.53	Low-frequency unresolved label requiring editorial judgment.	pages/Kino Flo (fluorescent lighting).md:12
led-wall-virtual-production	LED Wall (Virtual Production)	REVIEW	low	1	no	1	Lens Cap	0.50	Low-frequency unresolved label requiring editorial judgment.	pages/Genlock (Synchronization).md:7
left-of-frame	Left of frame	REVIEW	low	1	no	1	Lens Flare	0.52	Low-frequency unresolved label requiring editorial judgment.	pages/Right of frame (composition).md:7
lens-breathing-charts	Lens Breathing Charts	REVIEW	low	1	no	1	Large Format Camera	0.50	Low-frequency unresolved label requiring editorial judgment.	pages/LIMNMEDIA Stop-Motion Wiki Overview.md:9
lens-calibration-tables	Lens Calibration Tables	REVIEW	low	1	no	1	Large Format Camera	0.33	Low-frequency unresolved label requiring editorial judgment.	pages/LIMNMEDIA Stop-Motion Wiki Overview.md:36
lens-filter	Lens filter	REVIEW	low	1	no	1	Lens Flare	0.76	Low-frequency unresolved label requiring editorial judgment.	pages/Polarizer (lens filter).md:13
lens-maps	Lens Maps	REVIEW	low	1	no	1	Lens Cap	0.82	Low-frequency unresolved label requiring editorial judgment.	pages/LIMNMEDIA Stop-Motion Wiki Overview.md:8
lighting-check	Lighting check	REVIEW	low	1	no	1	Lighting Unit	0.67	Low-frequency unresolved label requiring editorial judgment.	pages/Quick frame (single test frame).md:7
lighting-design	Lighting design	REVIEW	low	1	no	1	Lighting Diagram	0.77	Low-frequency unresolved label requiring editorial judgment.	pages/Rim light.md:7
lighting-techniques	Lighting techniques	REVIEW	low	1	no	1	Lighting Diagram	0.57	Low-frequency unresolved label requiring editorial judgment.	pages/Quartz lamp (lighting).md:13
lighting-test	Lighting test	REVIEW	low	1	no	1	Lighting Stand	0.81	Low-frequency unresolved label requiring editorial judgment.	pages/Bracketed Exposure.md:6
limn-lens	LIMN-LENS	REVIEW	low	1	no	1	Line Test (Animation)	0.67	Low-frequency unresolved label requiring editorial judgment.	pages/LIMNMEDIA Stop-Motion Wiki Overview.md:43
line-art	Line art	REVIEW	low	1	no	1	Line Test (Animation)	0.71	Low-frequency unresolved label requiring editorial judgment.	pages/Quill pen (animation inking).md:7
line-level	Line Level	REVIEW	low	1	no	1	Line Test (Animation)	0.63	Low-frequency unresolved label requiring editorial judgment.	pages/Impedance (Audio ___ Electronics).md:10
line-of-action	Line of Action	REVIEW	low	1	no	1	Live Action Plate (VFX)	0.65	Low-frequency unresolved label requiring editorial judgment.	pages/Gesture Drawing.md:7
live-view	Live View	REVIEW	low	1	no	1	Line Test (Animation)	0.56	Low-frequency unresolved label requiring editorial judgment.	pages/Electronic Viewfinder (EVF).md:6
live-action-integration	Live-action integration	REVIEW	low	1	no	1	Large Format Camera	0.38	Low-frequency unresolved label requiring editorial judgment.	pages/Pixelation (animation technique).md:13
live-action-puppetry	Live-Action Puppetry	REVIEW	low	1	no	1	Live Action Plate (VFX)	0.76	Low-frequency unresolved label requiring editorial judgment.	pages/Hand Puppet.md:7
load-bearing	Load Bearing	REVIEW	low	1	no	1	Lens Breathing	0.62	Low-frequency unresolved label requiring editorial judgment.	pages/Kip scale (engineering, rigging).md:11
log-encoding	Log encoding	REVIEW	low	1	no	1	Lens Whacking (Freelensing)	0.56	Low-frequency unresolved label requiring editorial judgment.	pages/Negative (film).md:7
logo-animation	Logo Animation	REVIEW	low	1	no	1	Light Painting (Photographic Technique)	0.57	Low-frequency unresolved label requiring editorial judgment.	pages/Ident (Broadcast ID Animation).md:10
logseq	Logseq	REVIEW	low	1	no	1	Lag (Animation Playback)	0.44	Low-frequency unresolved label requiring editorial judgment.	pages/Import (Data___Asset).md:9
long-shot	Long Shot	REVIEW	low	1	no	1	Library Shot (Stock Footage)	0.57	Low-frequency unresolved label requiring editorial judgment.	pages/Medium shot (MS).md:9
long-take	Long take	REVIEW	low	1	no	1	Light Table (Cel Animation)	0.60	Low-frequency unresolved label requiring editorial judgment.	pages/Observation shot.md:9
loop-lighting	loop lighting	REVIEW	low	1	no	1	Lighting Unit	0.62	Low-frequency unresolved label requiring editorial judgment.	pages/Paramount lighting (butterfly lighting).md:14
low-angle-lighting	Low-angle lighting	REVIEW	low	1	no	1	Lighting Stand	0.50	Low-frequency unresolved label requiring editorial judgment.	pages/Raking light.md:7
low-light-photography	Low-light photography	REVIEW	low	1	no	1	Lighting Diagram	0.49	Low-frequency unresolved label requiring editorial judgment.	pages/Readout noise (digital sensor).md:7
lut	LUT	REVIEW	low	1	no	1	L-Cut (Audio Trail)	0.75	Low-frequency unresolved label requiring editorial judgment.	pages/Output gamma.md:7
lux-light-measurement	Lux (Light Measurement)	REVIEW	low	1	no	1	L-Cut (Audio Trail)	0.50	Low-frequency unresolved label requiring editorial judgment.	pages/Foot Candle (Light Measurement).md:7
mag-stock-magnetic-audio-tape	Mag stock (magnetic audio tape)	REVIEW	low	1	no	1	Magic Hour (Cinematography)	0.53	Low-frequency unresolved label requiring editorial judgment.	pages/Dictionary — M.md:9
magnetic-tape	Magnetic tape	REVIEW	low	1	no	1	Magic Lantern (Pre-Cinema Device)	0.62	Low-frequency unresolved label requiring editorial judgment.	pages/Quarter-inch tape (audio legacy).md:13
making-of	Making-of	REVIEW	low	1	no	1	Masking (Set Painting / Exposure)	0.75	Low-frequency unresolved label requiring editorial judgment.	pages/Behind the Scenes.md:6
maquette	Maquette	REVIEW	low	1	no	1	Matte (VFX Compositing)	0.77	Low-frequency unresolved label requiring editorial judgment.	pages/Quarter scale (miniature___maquette).md:13
master-craft-rank	Master (Craft Rank)	REVIEW	low	1	no	1	Matte (VFX Compositing)	0.73	Low-frequency unresolved label requiring editorial judgment.	pages/Journeyman (union rank).md:11
master-copy	Master copy	REVIEW	low	1	no	1	Matte Box (Lens Accessory)	0.60	Low-frequency unresolved label requiring editorial judgment.	pages/Release print (film distribution).md:7
matchmoving-live-action-integration	Matchmoving (Live-Action Integration)	REVIEW	low	1	no	1	Match Move	0.76	Low-frequency unresolved label requiring editorial judgment.	pages/Harryhausen (Ray Harryhausen Technique).md:7
materials	Materials	REVIEW	low	1	no	1	Metamerism (Color Science)	0.63	Low-frequency unresolved label requiring editorial judgment.	pages/Epoxy Putty (Puppet Fabrication).md:6
maya	Maya	REVIEW	low	1	no	1	Mat (Set Building Material)	0.57	Low-frequency unresolved label requiring editorial judgment.	pages/Orientation (camera alignment).md:14
measurement	Measurement	REVIEW	low	1	no	1	Model sheet (animation reference)	0.55	Low-frequency unresolved label requiring editorial judgment.	pages/Scale ruler (set building).md:7
mechanical-effects	Mechanical Effects	REVIEW	low	1	no	1	Makeup Effects (FX)	0.62	Low-frequency unresolved label requiring editorial judgment.	pages/Eccentric Cam (Rigging).md:6
mechanical-rig	Mechanical Rig	REVIEW	low	1	no	1	Magnification (Optics)	0.52	Low-frequency unresolved label requiring editorial judgment.	pages/Hydraulic Rig (FX Support).md:11
media-property	Media property	REVIEW	low	1	no	1	Medium Shot (MS)	0.56	Low-frequency unresolved label requiring editorial judgment.	pages/Reboot (franchise___media).md:7
medium-specificity	Medium specificity	REVIEW	low	1	no	1	Medium Close-Up (MCU)	0.55	Low-frequency unresolved label requiring editorial judgment.	pages/Aesthetic Distance.md:6
merchandising	Merchandising	REVIEW	low	1	no	1	Machine Vision (VFX / Capture)	0.59	Low-frequency unresolved label requiring editorial judgment.	pages/Kickstarter (animation funding).md:12
mesh	Mesh	REVIEW	low	1	no	1	M/E Bus (Video Switcher)	0.55	Low-frequency unresolved label requiring editorial judgment.	pages/Resolution (3D scan).md:7
metal-rod-rig	Metal rod rig	REVIEW	low	1	no	1	Metamerism (Color Science)	0.52	Low-frequency unresolved label requiring editorial judgment.	pages/Nylon wire (puppet rigging).md:6
metric-montage	Metric montage	REVIEW	low	1	no	1	Magic Lantern (Pre-Cinema Device)	0.52	Low-frequency unresolved label requiring editorial judgment.	pages/Overtone montage.md:7
miniature-construction	Miniature construction	REVIEW	low	1	no	1	Mixed media animation	0.42	Low-frequency unresolved label requiring editorial judgment.	pages/Quick build (set construction shorthand).md:7
miniature-layout	Miniature layout	REVIEW	low	1	no	1	Material Library (3D / VFX)	0.44	Low-frequency unresolved label requiring editorial judgment.	pages/Radial symmetry (design).md:7
miniature-lighting	Miniature lighting	REVIEW	low	1	no	1	Machine Vision (VFX / Capture)	0.50	Low-frequency unresolved label requiring editorial judgment.	pages/Q-beam (lighting term).md:13
miniature-rigging	Miniature rigging	REVIEW	low	1	no	1	Machine Vision (VFX / Capture)	0.52	Low-frequency unresolved label requiring editorial judgment.	pages/Recoil rig (FX gag).md:8
miniature-sound	Miniature sound	REVIEW	low	1	no	1	Machine Vision (VFX / Capture)	0.55	Low-frequency unresolved label requiring editorial judgment.	pages/Resonance (sound).md:7
mirror	mirror	REVIEW	low	1	no	1	Mixer (audio)	0.55	Low-frequency unresolved label requiring editorial judgment.	pages/Optical illusion (animation___VFX).md:11
mixed-media	Mixed media	REVIEW	low	1	no	1	M-Camera (Multi-Camera Setup)	0.53	Low-frequency unresolved label requiring editorial judgment.	pages/Assemblage.md:6
mixing-sound-vs-video	Mixing (Sound vs. Video)	REVIEW	low	1	no	1	Matting (Photo/Animation Technique)	0.62	Low-frequency unresolved label requiring editorial judgment.	pages/M___E bus (video switcher).md:10
mixing-sound	Mixing (Sound)	REVIEW	low	1	no	1	Matting (Photo/Animation Technique)	0.62	Low-frequency unresolved label requiring editorial judgment.	pages/Foley Sound.md:7
modeling	Modeling	REVIEW	low	1	no	1	Matting (Photo/Animation Technique)	0.53	Low-frequency unresolved label requiring editorial judgment.	pages/Orthographic view (animation___3D).md:5
mold-making	Mold Making	REVIEW	low	1	no	1	M-Camera (Multi-Camera Setup)	0.42	Low-frequency unresolved label requiring editorial judgment.	pages/Head Sculpt (Puppet Fabrication).md:10
monitor	Monitor	REVIEW	low	1	no	1	Miniature (practical effects)	0.62	Low-frequency unresolved label requiring editorial judgment.	pages/Raster scan (video signal).md:7
monitoring	Monitoring	REVIEW	low	1	no	1	Montage	0.59	Low-frequency unresolved label requiring editorial judgment.	pages/Capture Card.md:6
morphing	Morphing	REVIEW	low	1	no	1	Microphone	0.56	Low-frequency unresolved label requiring editorial judgment.	pages/Grid Warp (Compositing Tool).md:7
motion-capture	Motion capture	REVIEW	low	1	no	1	Motion blur	0.72	Low-frequency unresolved label requiring editorial judgment.	pages/Performance capture.md:12
motion-control-rig	motion control rig	REVIEW	low	1	no	1	Motion control (MoCo)	0.88	Low-frequency unresolved label requiring editorial judgment.	pages/Operator (camera role).md:9
motion-exaggeration	Motion exaggeration	REVIEW	low	1	no	1	Mixed media animation	0.40	Low-frequency unresolved label requiring editorial judgment.	pages/Quiver (character motion jitter).md:7
motion-path	Motion path	REVIEW	low	1	no	1	Motion control (MoCo)	0.64	Low-frequency unresolved label requiring editorial judgment.	pages/Bezier Curve.md:6
motion-reference	Motion reference	REVIEW	low	1	no	1	Motion control (MoCo)	0.53	Low-frequency unresolved label requiring editorial judgment.	pages/Quadcopter (drone cinematography).md:7
motion-study	Motion study	REVIEW	low	1	no	1	Motion blur	0.70	Low-frequency unresolved label requiring editorial judgment.	pages/Non-objective animation.md:9
motion-tracking	Motion tracking	REVIEW	low	1	no	1	Motion control (MoCo)	0.62	Low-frequency unresolved label requiring editorial judgment.	pages/Rotoscoping.md:7
motivation	Motivation	REVIEW	low	1	no	1	Magnification (Optics)	0.61	Low-frequency unresolved label requiring editorial judgment.	pages/MacGuffin (storytelling term).md:11
mov	MOV	REVIEW	low	1	no	1	MoCap (motion capture)	0.50	Low-frequency unresolved label requiring editorial judgment.	pages/Quicktime (media format).md:7
moviola	Moviola	REVIEW	low	1	no	1	MoCap (motion capture)	0.50	Low-frequency unresolved label requiring editorial judgment.	pages/Flatbed Editor (Historical Editing Device).md:12
moviola-historical-editing-device	Moviola (Historical Editing Device)	REVIEW	low	1	no	1	MoCap (motion capture)	0.50	Low-frequency unresolved label requiring editorial judgment.	pages/Flatbed Editor (Historical Editing Device).md:7
multi-camera	Multi-camera	REVIEW	low	1	no	1	Metamerism (Color Science)	0.55	Low-frequency unresolved label requiring editorial judgment.	pages/Quad rig (multi-cam mount).md:7
multichannel-audio	Multichannel audio	REVIEW	low	1	no	1	Match Dissolve	0.50	Low-frequency unresolved label requiring editorial judgment.	pages/Quad track (multichannel audio).md:7
multipass-composite-workflows	Multipass/Composite Workflows	REVIEW	low	1	no	1		0.00	Low-frequency unresolved label requiring editorial judgment.	pages/LIMNMEDIA Stop-Motion Wiki Overview.md:15
multiple-exposure	Multiple exposure	REVIEW	low	1	no	1	Mirrorless camera	0.41	Low-frequency unresolved label requiring editorial judgment.	pages/Quadruple exposure (experimental film).md:13
multitrack-recording	Multitrack recording	REVIEW	low	1	no	1	Magnetic Ball Joint (Armature)	0.41	Low-frequency unresolved label requiring editorial judgment.	pages/Recording head (audio).md:7
music	Music	REVIEW	low	1	no	1	Masking (Set Painting / Exposure)	0.50	Low-frequency unresolved label requiring editorial judgment.	pages/Mixer (audio).md:5
music-cues	Music Cues	REVIEW	low	1	no	1	Match Cut	0.53	Low-frequency unresolved label requiring editorial judgment.	pages/Exposure Sheet (X-Sheet, Dope Sheet).md:5
music-score	Music score	REVIEW	low	1	no	1	Magic Hour (Cinematography)	0.57	Low-frequency unresolved label requiring editorial judgment.	pages/Orchestration (sound design).md:5
music-scoring	Music scoring	REVIEW	low	1	no	1	Magic Hour (Cinematography)	0.52	Low-frequency unresolved label requiring editorial judgment.	pages/Quintuplet timing (music___sound sync).md:7
narrative	Narrative	REVIEW	low	1	no	1	Narration	0.78	Low-frequency unresolved label requiring editorial judgment.	pages/Convention (Genre Convention).md:6
narrative-structure	Narrative structure	REVIEW	low	1	no	1	Narrative disjunction (experimental animation)	0.70	Low-frequency unresolved label requiring editorial judgment.	pages/Rashomon effect (narrative device).md:7
negative-cutter	Negative Cutter	REVIEW	low	1	no	1	Negative space (composition)	0.76	Low-frequency unresolved label requiring editorial judgment.	pages/Joiner (editorial splice).md:11
night-for-day-shooting-technique	Night-for-day (shooting technique)	REVIEW	low	1	no	1	Night-for-night (cinematography)	0.71	Low-frequency unresolved label requiring editorial judgment.	pages/Dictionary — N.md:31
nodal-zero-viewer	Nodal Zero Viewer	REVIEW	low	1	no	1	Nodal alignment (camera move calibration)	0.44	Low-frequency unresolved label requiring editorial judgment.	pages/LIMNMEDIA Stop-Motion Wiki Overview.md:43
normal-map	Normal map	REVIEW	low	1	no	1	Normal lens (50mm equiv.)	0.67	Low-frequency unresolved label requiring editorial judgment.	pages/Bump Map.md:6
on-twos-double-frame	On Twos (Double-Frame)	REVIEW	low	1	no	1	Ones (animating on 1s)	0.55	Low-frequency unresolved label requiring editorial judgment.	pages/Hold Frame.md:11
on-set-protocol	On-set protocol	REVIEW	low	1	no	1	Out of focus	0.44	Low-frequency unresolved label requiring editorial judgment.	pages/Quiet on set (call).md:7
open-source	Open Source	REVIEW	low	1	no	1	Opening shot	0.61	Low-frequency unresolved label requiring editorial judgment.	pages/Creative Commons.md:6
open-source-software	Open Source Software	REVIEW	low	1	no	1	Overtone montage	0.50	Low-frequency unresolved label requiring editorial judgment.	pages/EULA (End User License Agreement).md:6
optical-effects	Optical effects	REVIEW	low	1	no	1	Optical center (lens)	0.69	Low-frequency unresolved label requiring editorial judgment.	pages/Beam Splitter.md:6
orthographic-projection	Orthographic Projection	REVIEW	low	1	no	1	Overlapping action (animation principle)	0.54	Low-frequency unresolved label requiring editorial judgment.	pages/Isometric Projection.md:11
overhead-lighting	Overhead Lighting	REVIEW	low	1	no	1	Overhead shot	0.73	Low-frequency unresolved label requiring editorial judgment.	pages/Helium Balloon Light.md:7
oversampling	Oversampling	REVIEW	low	1	no	1	Overcrank (slow motion capture)	0.57	Low-frequency unresolved label requiring editorial judgment.	pages/Nyquist frequency (sampling theory).md:9
oversized-puppet	Oversized Puppet	REVIEW	low	1	no	1	Overhead shot	0.55	Low-frequency unresolved label requiring editorial judgment.	pages/Full-Scale Puppet.md:7
overtime	Overtime	REVIEW	low	1	no	1	Overtone (sound design)	0.75	Low-frequency unresolved label requiring editorial judgment.	pages/Knock-on effect (production delays).md:12
oxberry-downshooter	Oxberry Downshooter	REVIEW	low	1	no	1	Observation shot	0.51	Low-frequency unresolved label requiring editorial judgment.	pages/J-gate (film camera).md:11
pal-video-standard	PAL (video standard)	REVIEW	low	1	no	1	Panel (storyboard frame)	0.75	Low-frequency unresolved label requiring editorial judgment.	pages/NTSC (video standard).md:10
particle-system	Particle System	REVIEW	low	1	no	1	Practical effect	0.52	Low-frequency unresolved label requiring editorial judgment.	pages/Dynamics (Physics Engine).md:6
patreon	Patreon	REVIEW	low	1	no	1	Pattern (composition)	0.71	Low-frequency unresolved label requiring editorial judgment.	pages/Kickstarter (animation funding).md:12
payoff	Payoff	REVIEW	low	1	no	1	Parody (narrative device)	0.50	Low-frequency unresolved label requiring editorial judgment.	pages/Obstacle (narrative device).md:17
perception	Perception	REVIEW	low	1	no	1	Pixelation (animation technique)	0.60	Low-frequency unresolved label requiring editorial judgment.	pages/Just noticeable difference (JND).md:12
performance-animation	Performance (animation)	REVIEW	low	1	no	1	Peel-off matte (compositing)	0.48	Low-frequency unresolved label requiring editorial judgment.	pages/Narrative rhythm (editing pace).md:15
perspective-view	Perspective view	REVIEW	low	1	no	1	Perspective grid	0.81	Low-frequency unresolved label requiring editorial judgment.	pages/Orthographic view (animation___3D).md:13
phenakistoscope	Phenakistoscope	REVIEW	low	1	no	1	Phantom power (microphones)	0.50	Low-frequency unresolved label requiring editorial judgment.	pages/Magic lantern (pre-cinema device).md:9
phoneme	Phoneme	REVIEW	low	1	no	1	Panel (storyboard frame)	0.50	Low-frequency unresolved label requiring editorial judgment.	pages/Lip sync (animation).md:11
phosphorescence	Phosphorescence	REVIEW	low	1	no	1	Photo-realism (CGI)	0.50	Low-frequency unresolved label requiring editorial judgment.	pages/Half-Life (Lighting ___ Radioactive Reference).md:10
photochemical-workflow	Photochemical Workflow	REVIEW	low	1	no	1	Photographic emulsion	0.47	Low-frequency unresolved label requiring editorial judgment.	pages/Latent image (photography).md:11
physical-simulation	Physical simulation	REVIEW	low	1	no	1	Previsualization (previs)	0.57	Low-frequency unresolved label requiring editorial judgment.	pages/Quicksand effect (practical FX gag).md:7
physics-simulation	Physics simulation	REVIEW	low	1	no	1	Path animation (CGI)	0.62	Low-frequency unresolved label requiring editorial judgment.	pages/Recoil rig (FX gag).md:8
pin-registration	Pin registration	REVIEW	low	1	no	1	Previsualization (previs)	0.62	Low-frequency unresolved label requiring editorial judgment.	pages/Registration (animation___film sprockets).md:7
pixel	Pixel	REVIEW	low	1	no	1	Pilot (test episode___short)	0.60	Low-frequency unresolved label requiring editorial judgment.	pages/Raster (image grid).md:7
pixels	Pixels	REVIEW	low	1	no	1	Pilot (test episode___short)	0.55	Low-frequency unresolved label requiring editorial judgment.	pages/Resolution (image size).md:7
pixilation-live-action-stop-motion	Pixilation (live-action stop-motion)	REVIEW	low	1	no	1	Pixelation (animation technique)	0.90	Low-frequency unresolved label requiring editorial judgment.	pages/Dictionary — P.md:37
plate-photography	Plate photography	REVIEW	low	1	no	1	Photogrammetry	0.58	Low-frequency unresolved label requiring editorial judgment.	pages/On-location shooting.md:9
play-order	Play order	REVIEW	low	1	no	1	Polarizer (lens filter)	0.63	Low-frequency unresolved label requiring editorial judgment.	pages/Queue sheet (broadcast or festival play order).md:7
plot-device	Plot Device	REVIEW	low	1	no	1	Post sync (ADR)	0.50	Low-frequency unresolved label requiring editorial judgment.	pages/MacGuffin (storytelling term).md:11
png-image-format	PNG (Image Format)	REVIEW	low	1	no	1	Pan (camera move)	0.67	Low-frequency unresolved label requiring editorial judgment.	pages/JPEG (image format).md:11
point-cloud	Point cloud	REVIEW	low	1	no	1	Point light (CG___VFX term)	0.64	Low-frequency unresolved label requiring editorial judgment.	pages/Resolution (3D scan).md:7
pose-to-pose	Pose-to-Pose	REVIEW	low	1	no	1	Phantom power (microphones)	0.56	Low-frequency unresolved label requiring editorial judgment.	pages/LIMNMEDIA Stop-Motion Wiki Overview.md:14
positive-print	Positive print	REVIEW	low	1	no	1	Post-production	0.62	Low-frequency unresolved label requiring editorial judgment.	pages/Negative (film).md:9
positive-space	Positive space	REVIEW	low	1	no	1	Polish pass (animation refinement)	0.48	Low-frequency unresolved label requiring editorial judgment.	pages/Negative space (composition).md:7
post-processing	Post-processing	REVIEW	low	1	no	1	Post-production	0.73	Low-frequency unresolved label requiring editorial judgment.	pages/Readout noise (digital sensor).md:7
poster-film-poster	Poster (Film Poster)	REVIEW	low	1	no	1	Pattern (composition)	0.62	Low-frequency unresolved label requiring editorial judgment.	pages/Key art (marketing imagery).md:12
postproduction-effects	Postproduction Effects	REVIEW	low	1	no	1	Pixel aspect ratio	0.35	Low-frequency unresolved label requiring editorial judgment.	pages/Cross Processing (Effect).md:6
power-distribution	power distribution	REVIEW	low	1	no	1	Post-production	0.61	Low-frequency unresolved label requiring editorial judgment.	pages/On-location shooting.md:15
practical-light-on-set	Practical Light (On-Set)	REVIEW	low	1	no	1	Practical effect	0.71	Low-frequency unresolved label requiring editorial judgment.	pages/Juno lighting (brand).md:11
pre-cinema	Pre-cinema	REVIEW	low	1	no	1	Perspective (drawing___camera)	0.57	Low-frequency unresolved label requiring editorial judgment.	pages/Magic lantern (pre-cinema device).md:9
precision-drive	Precision Drive	REVIEW	low	1	no	1	Previsualization (previs)	0.52	Low-frequency unresolved label requiring editorial judgment.	pages/Gear Ratio (Motion Control).md:7
prime-lens	Prime Lens	REVIEW	low	1	no	1	Partial model (miniature set)	0.52	Low-frequency unresolved label requiring editorial judgment.	pages/Kit lens.md:11
prism	Prism	REVIEW	low	1	no	1	Pole rig (puppet support)	0.46	Low-frequency unresolved label requiring editorial judgment.	pages/Refraction (lens effect).md:7
procedural-generation	Procedural Generation	REVIEW	low	1	no	1	Previsualization (previs)	0.59	Low-frequency unresolved label requiring editorial judgment.	pages/L-system (procedural generation in VFX).md:11
production	Production	REVIEW	low	1	no	1	Pixelation (animation technique)	0.50	Low-frequency unresolved label requiring editorial judgment.	pages/Behind the Scenes.md:6
production-bible	Production Bible	REVIEW	low	1	no	1	Pre-production	0.67	Low-frequency unresolved label requiring editorial judgment.	pages/Journal (production log).md:12
production-call	Production call	REVIEW	low	1	no	1	Pre-production	0.69	Low-frequency unresolved label requiring editorial judgment.	pages/Quiet on set (call).md:7
production-case-studies	Production Case Studies	REVIEW	low	1	no	1	Performance capture	0.48	Low-frequency unresolved label requiring editorial judgment.	pages/LIMNMEDIA Stop-Motion Wiki Overview.md:44
production-efficiency	Production efficiency	REVIEW	low	1	no	1	Practical effect	0.54	Low-frequency unresolved label requiring editorial judgment.	pages/Amortization.md:6
production-schedule	Production schedule	REVIEW	low	1	no	1	Post-production	0.59	Low-frequency unresolved label requiring editorial judgment.	pages/Quick turnaround (post schedule).md:7
progressive-scan	Progressive Scan	REVIEW	low	1	no	1	Pong shading (Phong shading___typo%3F)	0.50	Low-frequency unresolved label requiring editorial judgment.	pages/Interlaced Video.md:11
projection	Projection	REVIEW	low	1	no	1	Pixelation (animation technique)	0.60	Low-frequency unresolved label requiring editorial judgment.	pages/Magic lantern (pre-cinema device).md:9
projection-plane	Projection Plane	REVIEW	low	1	no	1	Pre-production	0.53	Low-frequency unresolved label requiring editorial judgment.	pages/Image Plane.md:10
prop-set-stage	Prop (Set/Stage)	REVIEW	low	1	no	1	Pop (exposure or audio spike)	0.86	Low-frequency unresolved label requiring editorial judgment.	pages/MacGuffin (storytelling term).md:11
prop-design	Prop design	REVIEW	low	1	no	1	Pong shading (Phong shading___typo%3F)	0.52	Low-frequency unresolved label requiring editorial judgment.	pages/Quotidian imagery (everyday objects in animation).md:7
prop-fabrication	Prop Fabrication	REVIEW	low	1	no	1	Path animation (CGI)	0.60	Low-frequency unresolved label requiring editorial judgment.	pages/IV (Intravenous Fake Tube, FX).md:11
prop-master	Prop master	REVIEW	low	1	no	1	Peel-off matte (compositing)	0.56	Low-frequency unresolved label requiring editorial judgment.	pages/Quartermaster (prop___wardrobe role, historical).md:13
prototype-set	Prototype set	REVIEW	low	1	no	1	Photo-realism (CGI)	0.46	Low-frequency unresolved label requiring editorial judgment.	pages/Quick build (set construction shorthand).md:7
proxy-media	Proxy media	REVIEW	low	1	no	1	Pong shading (Phong shading___typo%3F)	0.43	Low-frequency unresolved label requiring editorial judgment.	pages/Offline edit.md:9
publicity-still	Publicity Still	REVIEW	low	1	no	1	Picture lock	0.44	Low-frequency unresolved label requiring editorial judgment.	pages/Key art (marketing imagery).md:12
puppet-miniature-references	Puppet / Miniature References	REVIEW	low	1	no	1	Photographic emulsion	0.17	Low-frequency unresolved label requiring editorial judgment.	pages/LIMNMEDIA Stop-Motion Wiki Overview.md:32
puppet-animation	Puppet animation	REVIEW	low	1	no	1	Path animation (CGI)	0.80	Low-frequency unresolved label requiring editorial judgment.	pages/Rack focus.md:7
puppet-armature	Puppet armature	REVIEW	low	1	no	1	Pixel aspect ratio	0.48	Low-frequency unresolved label requiring editorial judgment.	pages/Rig (puppet___camera support).md:7
puppet-design	Puppet design	REVIEW	low	1	no	1	Pixelation (animation technique)	0.43	Low-frequency unresolved label requiring editorial judgment.	pages/Rembrandt lighting.md:7
puppet-performance	Puppet performance	REVIEW	low	1	no	1	Performance capture	0.59	Low-frequency unresolved label requiring editorial judgment.	pages/Performance capture.md:12
puppet-replacement	Puppet Replacement	REVIEW	low	1	no	1	Pixel aspect ratio	0.44	Low-frequency unresolved label requiring editorial judgment.	pages/Emergency Backup Rig.md:6
puppet-rigging	Puppet rigging	REVIEW	low	1	no	1	Path animation (CGI)	0.43	Low-frequency unresolved label requiring editorial judgment.	pages/Quadruped animation (puppet walk cycles).md:7
puppeteer	Puppeteer	REVIEW	low	1	no	1	Pattern (composition)	0.50	Low-frequency unresolved label requiring editorial judgment.	pages/Animator.md:6
puppetry-live-action-integration	Puppetry (Live-Action Integration)	REVIEW	low	1	no	1	Parody (narrative device)	0.43	Low-frequency unresolved label requiring editorial judgment.	pages/Go Motion.md:9
puppets	Puppets	REVIEW	low	1	no	1	Pedestal (camera support move)	0.40	Low-frequency unresolved label requiring editorial judgment.	pages/LIMNMEDIA Stop-Motion Wiki Overview.md:34
quadruped-gait	Quadruped gait	REVIEW	low	1	no	1	Quasar light (LED tube brand)	0.54	Low-frequency unresolved label requiring editorial judgment.	pages/Quadruped animation (puppet walk cycles).md:7
quartz-halogen	Quartz-halogen	REVIEW	low	1	no	1	Quarter scale (miniature___maquette)	0.67	Low-frequency unresolved label requiring editorial judgment.	pages/Quartz lamp (lighting).md:13
radiosity	Radiosity	REVIEW	low	1	no	1	Radio mic	0.67	Low-frequency unresolved label requiring editorial judgment.	pages/Hemicube (Rendering).md:10
rapid-production	Rapid production	REVIEW	low	1	no	1	Rear projection	0.71	Low-frequency unresolved label requiring editorial judgment.	pages/Quick strike (short schedule project).md:7
raw-camera-file	RAW (Camera File)	REVIEW	low	1	no	1	Rag (lighting diffusion)	0.67	Low-frequency unresolved label requiring editorial judgment.	pages/Format (Image Format).md:7
re-recording-mixer	Re-Recording Mixer	REVIEW	low	1	no	1	Recording head (audio)	0.69	Low-frequency unresolved label requiring editorial judgment.	pages/Jockey (sound mixer role).md:17
realism	Realism	REVIEW	low	1	no	1	Ramp (exposure or motion change)	0.55	Low-frequency unresolved label requiring editorial judgment.	pages/Illusionism (Art ___ Cinema).md:11
reference-layer	Reference Layer	REVIEW	low	1	no	1	Reverse angle shot	0.48	Low-frequency unresolved label requiring editorial judgment.	pages/Dragonframe.md:6
reference-layers	Reference Layers	REVIEW	low	1	no	1	Release print (film distribution)	0.41	Low-frequency unresolved label requiring editorial judgment.	pages/Dragonframe.md:5
reference-material	Reference material	REVIEW	low	1	no	1	Reverse motion (animation/post trick)	0.56	Low-frequency unresolved label requiring editorial judgment.	pages/Archive Footage.md:6
reference-materials	Reference Materials	REVIEW	low	1	no	1	Reverse angle shot	0.43	Low-frequency unresolved label requiring editorial judgment.	pages/Creative Commons.md:6
reference-monitor	Reference Monitor	REVIEW	low	1	no	1	Reverse motion (animation/post trick)	0.58	Low-frequency unresolved label requiring editorial judgment.	pages/LCD monitor.md:11
refinement	Refinement	REVIEW	low	1	no	1	References	0.60	Low-frequency unresolved label requiring editorial judgment.	pages/Polish pass (animation refinement).md:13
reflected-light	Reflected light	REVIEW	low	1	no	1	Rembrandt lighting	0.55	Low-frequency unresolved label requiring editorial judgment.	pages/Refraction (lens effect).md:7
reflection-pass	Reflection pass	REVIEW	low	1	no	1	Reaction shot	0.64	Low-frequency unresolved label requiring editorial judgment.	pages/Render pass.md:7
registration-pin	Registration Pin	REVIEW	low	1	no	1	Registration (animation/film sprockets)	0.86	Low-frequency unresolved label requiring editorial judgment.	pages/J-gate (film camera).md:11
rehearsal	Rehearsal	REVIEW	low	1	no	1	Redhead (tungsten lamp)	0.62	Low-frequency unresolved label requiring editorial judgment.	pages/Dry Run (Rehearsal).md:6
rehearsal-dry-run	Rehearsal (Dry Run)	REVIEW	low	1	no	1	Redhead (tungsten lamp)	0.62	Low-frequency unresolved label requiring editorial judgment.	pages/Guide Puppet (Animation Planning).md:7
reimagining	Reimagining	REVIEW	low	1	no	1	Rendering	0.60	Low-frequency unresolved label requiring editorial judgment.	pages/Reboot (franchise___media).md:7
reinforcement	Reinforcement	REVIEW	low	1	no	1	Rear screen (VFX)	0.58	Low-frequency unresolved label requiring editorial judgment.	pages/Glass Fiber Reinforced Puppet.md:7
relatability	Relatability	REVIEW	low	1	no	1	Raking light	0.50	Low-frequency unresolved label requiring editorial judgment.	pages/Quotidian imagery (everyday objects in animation).md:7
remake	Remake	REVIEW	low	1	no	1	Resonance (sound)	0.53	Low-frequency unresolved label requiring editorial judgment.	pages/Reboot (franchise___media).md:7
reverb	Reverb	REVIEW	low	1	no	1	Rackover	0.57	Low-frequency unresolved label requiring editorial judgment.	pages/Echo (Sound Effect).md:6
rgb	RGB	REVIEW	low	1	no	1	Rig (puppet/camera support)	0.67	Low-frequency unresolved label requiring editorial judgment.	pages/Additive Color.md:7
rhythmic-montage	Rhythmic montage	REVIEW	low	1	no	1	Reaction shot	0.41	Low-frequency unresolved label requiring editorial judgment.	pages/Overtone montage.md:7
rigging-hardware	Rigging hardware	REVIEW	low	1	no	1	Recording head (audio)	0.53	Low-frequency unresolved label requiring editorial judgment.	pages/Nylon screw (armature building).md:9
rolling-shutter	Rolling Shutter	REVIEW	low	1	no	1	Recording head (audio)	0.55	Low-frequency unresolved label requiring editorial judgment.	pages/Jailbar effect.md:11
rotational-blur	Rotational blur	REVIEW	low	1	no	1	Registration (animation/film sprockets)	0.52	Low-frequency unresolved label requiring editorial judgment.	pages/Radial blur (VFX).md:7
rough-animation	Rough animation	REVIEW	low	1	no	1	Registration (animation/film sprockets)	0.59	Low-frequency unresolved label requiring editorial judgment.	pages/Pencil test (2D animation).md:6
rough-assembly	Rough assembly	REVIEW	low	1	no	1	Rig removal (VFX cleanup)	0.48	Low-frequency unresolved label requiring editorial judgment.	pages/Rough cut (editing).md:7
safety-stagecraft	Safety (Stagecraft)	REVIEW	low	1	no	1	Set	0.67	Low-frequency unresolved label requiring editorial judgment.	pages/Junction box (studio wiring).md:11
safety-protocols	Safety Protocols	REVIEW	low	1	no	1	Security copy	0.48	Low-frequency unresolved label requiring editorial judgment.	pages/E-stop (Emergency Stop).md:6
sample-data	Sample Data	REVIEW	low	1	no	1	Safe area (framing)	0.60	Low-frequency unresolved label requiring editorial judgment.	pages/LIMNMEDIA Stop-Motion Wiki Overview.md:35
sampling-rate	Sampling rate	REVIEW	low	1	no	1	Single frame	0.64	Low-frequency unresolved label requiring editorial judgment.	pages/Resolution (audio).md:7
satire	satire	REVIEW	low	1	no	1	Slate	0.73	Low-frequency unresolved label requiring editorial judgment.	pages/Parody (narrative device).md:7
scale-composition	Scale & Composition	REVIEW	low	1	no	1	Screen direction	0.55	Low-frequency unresolved label requiring editorial judgment.	pages/LIMNMEDIA Stop-Motion Wiki Overview.md:27
scale-miniatures	Scale (Miniatures)	REVIEW	low	1	no	1	Slate	0.60	Low-frequency unresolved label requiring editorial judgment.	pages/Magnification (optics).md:9
scale-modeling	Scale modeling	REVIEW	low	1	no	1	Scale model	0.88	Low-frequency unresolved label requiring editorial judgment.	pages/Quarter scale (miniature___maquette).md:13
scratch-build	Scratch Build	REVIEW	low	1	no	1	Scratch track (temp audio)	0.62	Low-frequency unresolved label requiring editorial judgment.	pages/Kitbash (model___prop building).md:12
script-breakdown	Script Breakdown	REVIEW	low	1	no	1	Scene breakdown	0.77	Low-frequency unresolved label requiring editorial judgment.	pages/Notation (storyboard___score).md:10
sculpting	Sculpting	REVIEW	low	1	no	1	Spacing	0.62	Low-frequency unresolved label requiring editorial judgment.	pages/Base Mesh (CG Model Base).md:6
sensor	Sensor	REVIEW	low	1	no	1	Smear	0.55	Low-frequency unresolved label requiring editorial judgment.	pages/Interference Pattern (Moire).md:11
sensor-calibration	Sensor calibration	REVIEW	low	1	no	1	Secondary action	0.59	Low-frequency unresolved label requiring editorial judgment.	pages/Response curve (sensor___film).md:7
series-development	Series development	REVIEW	low	1	no	1	Screen direction	0.47	Low-frequency unresolved label requiring editorial judgment.	pages/Pilot (test episode___short).md:13
set-puppet	Set & Puppet	REVIEW	low	1	no	1	Set scale	0.53	Low-frequency unresolved label requiring editorial judgment.	pages/LIMNMEDIA Stop-Motion Wiki Overview.md:16
set-dressing-crew	Set Dressing Crew	REVIEW	low	1	no	1	Set extension	0.53	Low-frequency unresolved label requiring editorial judgment.	pages/Kuroko (black-clad stagehand technique).md:11
set-edges	set edges	REVIEW	low	1	no	1	Set dressing	0.67	Low-frequency unresolved label requiring editorial judgment.	pages/Open matte.md:12
set-management	Set management	REVIEW	low	1	no	1	Shutter angle	0.52	Low-frequency unresolved label requiring editorial judgment.	pages/Quartermaster (prop___wardrobe role, historical).md:13
set-pieces	Set Pieces	REVIEW	low	1	no	1	Sequence	0.56	Low-frequency unresolved label requiring editorial judgment.	pages/LIMNMEDIA Stop-Motion Wiki Overview.md:34
set-rigging	Set rigging	REVIEW	low	1	no	1	Set dressing	0.70	Low-frequency unresolved label requiring editorial judgment.	pages/Non-slip base (set rigging).md:9
shader	Shader	REVIEW	low	1	no	1	Shake	0.73	Low-frequency unresolved label requiring editorial judgment.	pages/Material library (3D ___ VFX).md:9
shadow-matte	Shadow Matte	REVIEW	low	1	no	1	Shadow play	0.70	Low-frequency unresolved label requiring editorial judgment.	pages/Ground Shadow Pass.md:7
shadow-quality	Shadow Quality	REVIEW	low	1	no	1	Shadow play	0.72	Low-frequency unresolved label requiring editorial judgment.	pages/Fixture (Lighting Unit).md:5
sharpen	Sharpen	REVIEW	low	1	no	1	Sharpness	0.75	Low-frequency unresolved label requiring editorial judgment.	pages/Unsharp mask (image processing).md:18
short-films	Short Films	REVIEW	low	1	no	1	Shot list	0.70	Low-frequency unresolved label requiring editorial judgment.	pages/LIMNMEDIA Stop-Motion Wiki Overview.md:45
short-light	Short light	REVIEW	low	1	no	1	Soft Light	0.86	Low-frequency unresolved label requiring editorial judgment.	pages/Broad Light.md:6
short-production	Short production	REVIEW	low	1	no	1	Secondary action	0.56	Low-frequency unresolved label requiring editorial judgment.	pages/Quick strike (short schedule project).md:7
shot-composition	Shot composition	REVIEW	low	1	no	1	Silhouette animation	0.56	Low-frequency unresolved label requiring editorial judgment.	pages/Reaction shot.md:7
shot-planning	Shot Planning	REVIEW	low	1	no	1	Soft Light	0.61	Low-frequency unresolved label requiring editorial judgment.	pages/LIMNMEDIA Stop-Motion Wiki Overview.md:41
shot-size	shot size	REVIEW	low	1	no	1	Shot list	0.67	Low-frequency unresolved label requiring editorial judgment.	pages/Panel (storyboard frame).md:6
shot-tracking	Shot tracking	REVIEW	low	1	no	1	Scratch track (temp audio)	0.62	Low-frequency unresolved label requiring editorial judgment.	pages/Quarter-hour timing (production scheduling).md:13
shotgun-mic	Shotgun mic	REVIEW	low	1	no	1	Shot list	0.60	Low-frequency unresolved label requiring editorial judgment.	pages/Unidirectional mic.md:18
shrink-tubing	Shrink Tubing	REVIEW	low	1	no	1	Shutter angle	0.46	Low-frequency unresolved label requiring editorial judgment.	pages/Heat Gun (Fabrication Tool).md:13
shutter-release	Shutter Release	REVIEW	low	1	no	1	Shutter speed	0.71	Low-frequency unresolved label requiring editorial judgment.	pages/Lanc remote (camera control).md:11
side-lighting	Side lighting	REVIEW	low	1	no	1	Soft Light	0.61	Low-frequency unresolved label requiring editorial judgment.	pages/Oblique lighting.md:9
signal	signal	REVIEW	low	1	no	1	Spacing	0.46	Low-frequency unresolved label requiring editorial judgment.	pages/Oscilloscope (audio___video analysis).md:6
signal-conversion	Signal Conversion	REVIEW	low	1	no	1	Secondary action	0.48	Low-frequency unresolved label requiring editorial judgment.	pages/JVS connector.md:11
signal-processing	Signal processing	REVIEW	low	1	no	1	Selective focus	0.38	Low-frequency unresolved label requiring editorial judgment.	pages/Upconverter (signal processing).md:18
silent-era	Silent Era	REVIEW	low	1	no	1	Single frame	0.64	Low-frequency unresolved label requiring editorial judgment.	pages/Hand Crank Camera.md:7
slider	Slider	REVIEW	low	1	no	1	Smear	0.55	Low-frequency unresolved label requiring editorial judgment.	pages/Rail dolly (camera move).md:7
smooth-animation	Smooth Animation	REVIEW	low	1	no	1	Silhouette animation	0.72	Low-frequency unresolved label requiring editorial judgment.	pages/Janky animation.md:11
snoot	Snoot	REVIEW	low	1	no	1	Shot	0.67	Low-frequency unresolved label requiring editorial judgment.	pages/Grid (Lighting Accessory).md:7
sound-bridge	Sound Bridge	REVIEW	low	1	no	1	Soundstage	0.64	Low-frequency unresolved label requiring editorial judgment.	pages/L-cut (audio trail).md:11
sound-designer	Sound Designer	REVIEW	low	1	no	1	Set dressing	0.54	Low-frequency unresolved label requiring editorial judgment.	pages/Jockey (sound mixer role).md:17
sound-editing	Sound Editing	REVIEW	low	1	no	1	Sound sync	0.61	Low-frequency unresolved label requiring editorial judgment.	pages/Crossfade (Audio).md:6
sound-fidelity	Sound fidelity	REVIEW	low	1	no	1	Shadow play	0.40	Low-frequency unresolved label requiring editorial judgment.	pages/Resolution (audio).md:7
sound-mixing	Sound Mixing	REVIEW	low	1	no	1	Sound sync	0.64	Low-frequency unresolved label requiring editorial judgment.	pages/Lavalier mic.md:11
soundtrack	Soundtrack	REVIEW	low	1	no	1	Soundstage	0.70	Low-frequency unresolved label requiring editorial judgment.	pages/Score (music for film).md:7
special-effects-fx	Special Effects (FX)	REVIEW	low	1	no	1	Selective focus	0.47	Low-frequency unresolved label requiring editorial judgment.	pages/Kirlian effect (visual effect).md:11
special-effects-practical	Special Effects (Practical)	REVIEW	low	1	no	1	Selective focus	0.47	Low-frequency unresolved label requiring editorial judgment.	pages/Makeup effects (FX).md:9
specular-pass	Specular pass	REVIEW	low	1	no	1	Security copy	0.54	Low-frequency unresolved label requiring editorial judgment.	pages/Render pass.md:7
speed-effect	Speed effect	REVIEW	low	1	no	1	Screen test	0.52	Low-frequency unresolved label requiring editorial judgment.	pages/Radial blur (VFX).md:7
speed-ramp	Speed ramp	REVIEW	low	1	no	1	Skip frame	0.60	Low-frequency unresolved label requiring editorial judgment.	pages/Ramp (exposure or motion change).md:7
spill	Spill	REVIEW	low	1	no	1	Scroll (animation/graphics move)	0.55	Low-frequency unresolved label requiring editorial judgment.	pages/Barndoors Spill Control.md:6
splicer	Splicer	REVIEW	low	1	no	1	Smear	0.50	Low-frequency unresolved label requiring editorial judgment.	pages/Joiner (editorial splice).md:11
spline	Spline	REVIEW	low	1	no	1	Spacing	0.62	Low-frequency unresolved label requiring editorial judgment.	pages/Bezier Curve.md:6
split-screen	split-screen	REVIEW	low	1	no	1	Set scale	0.57	Low-frequency unresolved label requiring editorial judgment.	pages/Parallax error (camera alignment).md:5
spot-light	Spot light	REVIEW	low	1	no	1	Soft Light	0.90	Low-frequency unresolved label requiring editorial judgment.	pages/Point light (CG___VFX term).md:13
spot-meter	Spot Meter	REVIEW	low	1	no	1	Shutter	0.59	Low-frequency unresolved label requiring editorial judgment.	pages/Light meter.md:12
spotlight	Spotlight	REVIEW	low	1	no	1	Soft Light	0.84	Low-frequency unresolved label requiring editorial judgment.	pages/Q-beam (lighting term).md:13
sprocket-hole	Sprocket hole	REVIEW	low	1	no	1	Scene file (camera setting)	0.52	Low-frequency unresolved label requiring editorial judgment.	pages/Notch system (film sprockets).md:9
sprocket-holes	Sprocket holes	REVIEW	low	1	no	1	Screen test	0.48	Low-frequency unresolved label requiring editorial judgment.	pages/Registration (animation___film sprockets).md:7
squib-practical-fx	Squib (Practical FX)	REVIEW	low	1	no	1	Sequence	0.46	Low-frequency unresolved label requiring editorial judgment.	pages/Gunshot Effect (Practical FX).md:7
stage-alignment	Stage alignment	REVIEW	low	1	no	1	Single frame	0.52	Low-frequency unresolved label requiring editorial judgment.	pages/Rack focus.md:5
stage-construction	Stage construction	REVIEW	low	1	no	1	Secondary action	0.65	Low-frequency unresolved label requiring editorial judgment.	pages/Non-slip base (set rigging).md:9
stage-direction	Stage direction	REVIEW	low	1	no	1	Screen direction	0.77	Low-frequency unresolved label requiring editorial judgment.	pages/Que (cue, stage direction).md:13
stage-equipment	Stage Equipment	REVIEW	low	1	no	1	Single frame	0.44	Low-frequency unresolved label requiring editorial judgment.	pages/E-stop (Emergency Stop).md:6
stage-floor	Stage floor	REVIEW	low	1	no	1	Scale ruler (set building)	0.55	Low-frequency unresolved label requiring editorial judgment.	pages/Nuts and bolts (armature hardware).md:13
stage-layouts	Stage Layouts	REVIEW	low	1	no	1	Shadow play	0.50	Low-frequency unresolved label requiring editorial judgment.	pages/LIMNMEDIA Stop-Motion Wiki Overview.md:17
stage-left	Stage left	REVIEW	low	1	no	1	Scale ruler (set building)	0.57	Low-frequency unresolved label requiring editorial judgment.	pages/Upstage (blocking term).md:18
stage-lighting	Stage Lighting	REVIEW	low	1	no	1	Screen direction	0.47	Low-frequency unresolved label requiring editorial judgment.	pages/House Light.md:7
stage-line-up	Stage line-up	REVIEW	low	1	no	1	Scale ruler (set building)	0.50	Low-frequency unresolved label requiring editorial judgment.	pages/Rack focus.md:7
stage-management	Stage management	REVIEW	low	1	no	1	Shutter angle	0.55	Low-frequency unresolved label requiring editorial judgment.	pages/Usher (theater role, historical).md:18
stage-right	Stage right	REVIEW	low	1	no	1	Soft Light	0.67	Low-frequency unresolved label requiring editorial judgment.	pages/Upstage (blocking term).md:18
stage-technician	Stage Technician	REVIEW	low	1	no	1	Set extension	0.55	Low-frequency unresolved label requiring editorial judgment.	pages/Grip (Crew).md:7
stereoscopic-3d	Stereoscopic 3D	REVIEW	low	1	no	1	Set dressing	0.44	Low-frequency unresolved label requiring editorial judgment.	pages/Convergence (Stereoscopic).md:6
stereoscopy	Stereoscopy	REVIEW	low	1	no	1	Security copy	0.50	Low-frequency unresolved label requiring editorial judgment.	pages/Beam Splitter.md:6
stock-footage	Stock footage	REVIEW	low	1	no	1	Soundstage	0.52	Low-frequency unresolved label requiring editorial judgment.	pages/Archive Footage.md:6
stop-motion-audio	Stop-motion audio	REVIEW	low	1	no	1	Set extension	0.47	Low-frequency unresolved label requiring editorial judgment.	pages/Quiescent noise (low-level sound floor).md:7
stop-motion-camera	Stop-Motion Camera	REVIEW	low	1	no	1	Silhouette animation	0.42	Low-frequency unresolved label requiring editorial judgment.	pages/Interpolation (Animation Curves).md:10
stop-motion-design	Stop-motion design	REVIEW	low	1	no	1	Silhouette animation	0.42	Low-frequency unresolved label requiring editorial judgment.	pages/Quick sketch (concept art).md:7
stop-motion-history	Stop-motion history	REVIEW	low	1	no	1	Silhouette animation	0.41	Low-frequency unresolved label requiring editorial judgment.	pages/Photoplay (early cinema term).md:13
stop-motion-multipass	Stop-Motion Multipass	REVIEW	low	1	no	1	Silhouette animation	0.39	Low-frequency unresolved label requiring editorial judgment.	pages/IV (Intravenous Fake Tube, FX).md:18
stop-motion-principles	Stop-motion principles	REVIEW	low	1	no	1	Silhouette animation	0.38	Low-frequency unresolved label requiring editorial judgment.	pages/Random motion (animation principle).md:7
stop-motion-set	Stop-motion set	REVIEW	low	1	no	1	Set extension	0.50	Low-frequency unresolved label requiring editorial judgment.	pages/Quotidian imagery (everyday objects in animation).md:7
stop-motion-set-design	Stop-motion set design	REVIEW	low	1	no	1	Screen left / screen right	0.39	Low-frequency unresolved label requiring editorial judgment.	pages/Quince (color tone reference).md:7
stop-motion-vfx	Stop-motion VFX	REVIEW	low	1	no	1	Set extension	0.50	Low-frequency unresolved label requiring editorial judgment.	pages/Quick matte (fast compositing mask).md:7
stopwatch	Stopwatch	REVIEW	low	1	no	1	Spacing	0.50	Low-frequency unresolved label requiring editorial judgment.	pages/Metronome (timing aid).md:14
story-evaluation	Story evaluation	REVIEW	low	1	no	1	Secondary action	0.62	Low-frequency unresolved label requiring editorial judgment.	pages/Questionnaire (audience test screening).md:7
string-puppet	String Puppet	REVIEW	low	1	no	1	Single frame	0.48	Low-frequency unresolved label requiring editorial judgment.	pages/Marionette (puppet).md:9
studio	Studio	REVIEW	low	1	no	1	Setup	0.55	Low-frequency unresolved label requiring editorial judgment.	pages/Utility room (studio facility).md:18
studio-shooting	Studio shooting	REVIEW	low	1	no	1	Set dressing	0.52	Low-frequency unresolved label requiring editorial judgment.	pages/On-location shooting.md:9
style-guide	Style Guide	REVIEW	low	1	no	1	Scale ruler (set building)	0.55	Low-frequency unresolved label requiring editorial judgment.	pages/Design Bible.md:6
stylization	Stylization	REVIEW	low	1	no	1	Saturation (color)	0.67	Low-frequency unresolved label requiring editorial judgment.	pages/Quasi-realism (stylistic approach).md:7
stylized-look	Stylized look	REVIEW	low	1	no	1	Selective focus	0.43	Low-frequency unresolved label requiring editorial judgment.	pages/Quirky lens (toy lens aesthetic).md:7
subjective-perspective	Subjective perspective	REVIEW	low	1	no	1	Shot reverse shot	0.41	Low-frequency unresolved label requiring editorial judgment.	pages/Rashomon effect (narrative device).md:7
subjective-shot	Subjective shot	REVIEW	low	1	no	1	Selective focus	0.60	Low-frequency unresolved label requiring editorial judgment.	pages/Point of view shot (POV).md:13
subtle-movement	Subtle movement	REVIEW	low	1	no	1	Shutter speed	0.50	Low-frequency unresolved label requiring editorial judgment.	pages/Quiver (character motion jitter).md:7
superimposition	Superimposition	REVIEW	low	1	no	1	Secondary action	0.45	Low-frequency unresolved label requiring editorial judgment.	pages/Overlay (graphics___compositing).md:14
surface-treatment	Surface treatment	REVIEW	low	1	no	1	Scratch track (temp audio)	0.53	Low-frequency unresolved label requiring editorial judgment.	pages/Brush Pass (Texture Painting).md:6
symbolism	Symbolism	REVIEW	low	1	no	1	Shot list	0.56	Low-frequency unresolved label requiring editorial judgment.	pages/Metaphor (film language).md:15
symmetry	Symmetry	REVIEW	low	1	no	1	Smear	0.62	Low-frequency unresolved label requiring editorial judgment.	pages/Radial symmetry (design).md:7
tags-taxonomy	Tags & Taxonomy	REVIEW	low	1	no	1	Transition	0.52	Low-frequency unresolved label requiring editorial judgment.	pages/LIMNMEDIA Stop-Motion Wiki Overview.md:56
tape-recorder	Tape recorder	REVIEW	low	1	no	1	Tripod spreader	0.57	Low-frequency unresolved label requiring editorial judgment.	pages/Recording head (audio).md:7
technical-drawing	Technical drawing	REVIEW	low	1	no	1	Temporal aliasing (strobing)	0.53	Low-frequency unresolved label requiring editorial judgment.	pages/Arrangement Drawing.md:6
temporary-audio	Temporary audio	REVIEW	low	1	no	1	Temporal aliasing (strobing)	0.62	Low-frequency unresolved label requiring editorial judgment.	pages/Scratch track (temp audio).md:7
test-animation	Test Animation	REVIEW	low	1	no	1	Texture map	0.48	Low-frequency unresolved label requiring editorial judgment.	pages/GIF Animation.md:7
test-screening	Test screening	REVIEW	low	1	no	1	Time remapping	0.57	Low-frequency unresolved label requiring editorial judgment.	pages/Questionnaire (audience test screening).md:7
tethered-capture	Tethered capture	REVIEW	low	1	no	1	Title sequence	0.40	Low-frequency unresolved label requiring editorial judgment.	pages/Mirrorless camera.md:10
texture-effect	Texture Effect	REVIEW	low	1	no	1	Texture map	0.64	Low-frequency unresolved label requiring editorial judgment.	pages/Heat Gun (Fabrication Tool).md:13
texture-overlay	Texture Overlay	REVIEW	low	1	no	1	Tentacle rig	0.44	Low-frequency unresolved label requiring editorial judgment.	pages/Film Grain (Texture or Effect).md:7
theory-philosophy	Theory & Philosophy	REVIEW	low	1	no	1	Three-point system (TPS)	0.46	Low-frequency unresolved label requiring editorial judgment.	pages/LIMNMEDIA Stop-Motion Wiki Overview.md:26
three-act-structure	Three-Act Structure	REVIEW	low	1	no	1	Three-quarter shot	0.59	Low-frequency unresolved label requiring editorial judgment.	pages/Inciting Incident (Storytelling).md:10
through-the-lens-focus	Through-the-lens focus	REVIEW	low	1	no	1	Three-dimensional animation	0.41	Low-frequency unresolved label requiring editorial judgment.	pages/Rangefinder (camera type).md:7
tie-down	Tie-down	REVIEW	low	1	no	1	Time code	0.59	Low-frequency unresolved label requiring editorial judgment.	pages/Non-slip base (set rigging).md:9
tilt-shot	tilt shot	REVIEW	low	1	no	1	Tilt-shift	0.84	Low-frequency unresolved label requiring editorial judgment.	pages/Pan shot.md:13
time-management	Time management	REVIEW	low	1	no	1	Time remapping	0.62	Low-frequency unresolved label requiring editorial judgment.	pages/Quarter-hour timing (production scheduling).md:13
time-manipulation	Time manipulation	REVIEW	low	1	no	1	Tabletop animation	0.63	Low-frequency unresolved label requiring editorial judgment.	pages/Reverse motion (animation___post trick).md:7
timing-chart	Timing Chart	REVIEW	low	1	no	1	Talking head	0.58	Low-frequency unresolved label requiring editorial judgment.	pages/Notation (storyboard___score).md:10
tonal-montage	Tonal montage	REVIEW	low	1	no	1	Turnaround	0.43	Low-frequency unresolved label requiring editorial judgment.	pages/Overtone montage.md:7
tone-mapping	Tone mapping	REVIEW	low	1	no	1	Time remapping	0.77	Low-frequency unresolved label requiring editorial judgment.	pages/S-curve (tone___contrast).md:7
tool-guides	Tool Guides	REVIEW	low	1	no	1	Tool kit	0.63	Low-frequency unresolved label requiring editorial judgment.	pages/LIMNMEDIA Stop-Motion Wiki Overview.md:42
top-shot	Top shot	REVIEW	low	1	no	1	Top light	0.71	Low-frequency unresolved label requiring editorial judgment.	pages/Overhead shot.md:14
topology	Topology	REVIEW	low	1	no	1	Top light	0.59	Low-frequency unresolved label requiring editorial judgment.	pages/Base Mesh (CG Model Base).md:6
toy-animation-pixilation	Toy Animation (Pixilation)	REVIEW	low	1	no	1	Transition	0.70	Low-frequency unresolved label requiring editorial judgment.	pages/Jointed doll animation.md:11
toy-camera	Toy camera	REVIEW	low	1	no	1	Tone curve	0.50	Low-frequency unresolved label requiring editorial judgment.	pages/Quirky lens (toy lens aesthetic).md:7
tps	TPS	REVIEW	low	1	no	1	Twos	0.57	Low-frequency unresolved label requiring editorial judgment.	pages/Rack focus.md:7
tps-three-point-system	TPS (Three Point System)	REVIEW	low	1	no	1	Twos	0.57	Low-frequency unresolved label requiring editorial judgment.	pages/Nodal point (lens).md:18
tps-alignment-guides	TPS Alignment Guides	REVIEW	low	1	no	1	Traveling matte	0.40	Low-frequency unresolved label requiring editorial judgment.	pages/LIMNMEDIA Stop-Motion Wiki Overview.md:8
tps-desktop	TPS Desktop	REVIEW	low	1	no	1	Test shot	0.50	Low-frequency unresolved label requiring editorial judgment.	pages/LIMNMEDIA Stop-Motion Wiki Overview.md:43
tps-methodology	TPS Methodology	REVIEW	low	1	no	1	Telephoto lens	0.41	Low-frequency unresolved label requiring editorial judgment.	pages/LIMNMEDIA Stop-Motion Wiki Overview.md:27
tps-workflow-integration	TPS Workflow Integration	REVIEW	low	1	no	1	Three-point lighting	0.45	Low-frequency unresolved label requiring editorial judgment.	pages/LIMNMEDIA Stop-Motion Wiki Overview.md:41
tracking	tracking	REVIEW	low	1	no	1	Track	0.77	Low-frequency unresolved label requiring editorial judgment.	pages/Open matte.md:13
tracking-matchmove	Tracking (Matchmove)	REVIEW	low	1	no	1	Track	0.77	Low-frequency unresolved label requiring editorial judgment.	pages/Ground Plane (Reference in CG___Set).md:7
troubleshooting-notes	Troubleshooting Notes	REVIEW	low	1	no	1	Three-point lighting	0.44	Low-frequency unresolved label requiring editorial judgment.	pages/LIMNMEDIA Stop-Motion Wiki Overview.md:45
tungsten-light	Tungsten light	REVIEW	low	1	no	1	Tentacle rig	0.46	Low-frequency unresolved label requiring editorial judgment.	pages/Redhead (tungsten lamp).md:7
tutorials	Tutorials	REVIEW	low	1	no	1	Troika	0.53	Low-frequency unresolved label requiring editorial judgment.	pages/LIMNMEDIA Stop-Motion Wiki Overview.md:24
two-shot	Two-Shot	REVIEW	low	1	no	1	Test shot	0.71	Low-frequency unresolved label requiring editorial judgment.	pages/Group Shot.md:7
typography	Typography	REVIEW	low	1	no	1	Transparency	0.45	Low-frequency unresolved label requiring editorial judgment.	pages/Intertitle (Silent Film Card).md:11
typography-design	Typography (Design)	REVIEW	low	1	no	1	Transparency	0.45	Low-frequency unresolved label requiring editorial judgment.	pages/Kinetic typography.md:11
typography-film	Typography (Film)	REVIEW	low	1	no	1	Transparency	0.45	Low-frequency unresolved label requiring editorial judgment.	pages/Main title (sequence).md:9
undercranking	Undercranking	REVIEW	low	1	no	1	Undercrank	0.87	Low-frequency unresolved label requiring editorial judgment.	pages/Hand Crank Camera.md:7
underwater-lighting	Underwater lighting	REVIEW	low	1	no	1	Underwater filming	0.81	Low-frequency unresolved label requiring editorial judgment.	pages/Underwater filming.md:18
union-film-animation	Union (Film/Animation)	REVIEW	low	1	no	1	Unison	0.91	Low-frequency unresolved label requiring editorial judgment.	pages/Journeyman (union rank).md:11
uv-light	UV Light	REVIEW	low	1	no	1	Upright	0.67	Low-frequency unresolved label requiring editorial judgment.	pages/Glow Paint (UV___FX).md:7
uv-mapping	UV mapping	REVIEW	low	1	no	1	Up angle (low-angle shot)	0.56	Low-frequency unresolved label requiring editorial judgment.	pages/Atlas (Texture Atlas).md:6
value-study	Value Study	REVIEW	low	1	no	1	Vacuum forming (prop___puppet fabrication)	0.32	Low-frequency unresolved label requiring editorial judgment.	pages/Grayscale.md:10
vantage-point-camera-angle	Vantage point (camera angle)	REVIEW	low	1	no	1	Vanishing point	0.71	Low-frequency unresolved label requiring editorial judgment.	pages/Dictionary — V.md:6
variac-dimmer-control	Variac (dimmer control)	REVIEW	low	1	no	1	Value	0.36	Low-frequency unresolved label requiring editorial judgment.	pages/Dictionary — V.md:7
variation-animation-principle	Variation (animation principle)	REVIEW	low	1	no	1		0.00	Low-frequency unresolved label requiring editorial judgment.	pages/Dictionary — V.md:8
vector-motion-graphic-element	Vector (motion/graphic element)	REVIEW	low	1	no	1	Value	0.36	Low-frequency unresolved label requiring editorial judgment.	pages/Dictionary — V.md:9
vector-scope-color-monitoring	Vector scope (color monitoring)	REVIEW	low	1	no	1	Vacuum forming (prop___puppet fabrication)	0.31	Low-frequency unresolved label requiring editorial judgment.	pages/Dictionary — V.md:10
vectorscope	Vectorscope	REVIEW	low	1	no	1	Vacuum forming (prop___puppet fabrication)	0.32	Low-frequency unresolved label requiring editorial judgment.	pages/Oscilloscope (audio___video analysis).md:15
vehicle-rig-miniature-animation	Vehicle rig (miniature animation)	REVIEW	low	1	no	1	Vacuum forming (prop___puppet fabrication)	0.24	Low-frequency unresolved label requiring editorial judgment.	pages/Dictionary — V.md:11
velcro-rigging-set-prop-fix	Velcro rigging (set/prop fix)	REVIEW	low	1	no	1	Vacuum forming (prop___puppet fabrication)	0.43	Low-frequency unresolved label requiring editorial judgment.	pages/Dictionary — V.md:12
vellum-storyboard-drawing-material	Vellum (storyboard/drawing material)	REVIEW	low	1	no	1	Value	0.55	Low-frequency unresolved label requiring editorial judgment.	pages/Dictionary — V.md:13
verisimilitude-cinematic-realism	Verisimilitude (cinematic realism)	REVIEW	low	1	no	1	Vanishing point	0.41	Low-frequency unresolved label requiring editorial judgment.	pages/Dictionary — V.md:14
vertical-hold-legacy-video-control	Vertical hold (legacy video control)	REVIEW	low	1	no	1	Vacuum hold-down (hobbyist technique)	0.48	Low-frequency unresolved label requiring editorial judgment.	pages/Dictionary — V.md:15
vertical-movement-camera-or-puppet	Vertical movement (camera or puppet)	REVIEW	low	1	no	1	Vanishing point	0.38	Low-frequency unresolved label requiring editorial judgment.	pages/Dictionary — V.md:16
vertical-pan-tilt-move	Vertical pan (tilt move)	REVIEW	low	1	no	1	Vanishing point	0.37	Low-frequency unresolved label requiring editorial judgment.	pages/Dictionary — V.md:17
vfx-supervisor	VFX supervisor	REVIEW	low	1	no	1	Vacuum tube mic	0.34	Low-frequency unresolved label requiring editorial judgment.	pages/Dictionary — V.md:50
vfx-workflow	VFX workflow	REVIEW	low	1	no	1	Vacuum forming (prop___puppet fabrication)	0.31	Low-frequency unresolved label requiring editorial judgment.	pages/Quad (image resolution multiple).md:13
vibration-isolation	Vibration Isolation	REVIEW	low	1	no	1	Vanishing point	0.41	Low-frequency unresolved label requiring editorial judgment.	pages/Gyro Stabilizer.md:10
video-assist-on-set-playback	Video assist (on-set playback)	REVIEW	low	1	no	1	Vanishing point	0.37	Low-frequency unresolved label requiring editorial judgment.	pages/Dictionary — V.md:18
video-cassette-vhs	Video Cassette (VHS)	REVIEW	low	1	no	1	Vanishing point	0.28	Low-frequency unresolved label requiring editorial judgment.	pages/Laserdisc (video format).md:11
video-codec	Video codec	REVIEW	low	1	no	1	Vacuum forming (prop___puppet fabrication)	0.16	Low-frequency unresolved label requiring editorial judgment.	pages/Dictionary — V.md:19
video-compression	Video compression	REVIEW	low	1	no	1	Vanishing point	0.31	Low-frequency unresolved label requiring editorial judgment.	pages/Dictionary — V.md:20
video-file	Video file	REVIEW	low	1	no	1		0.00	Low-frequency unresolved label requiring editorial judgment.	pages/Quicktime (media format).md:7
video-formats	Video formats	REVIEW	low	1	no	1	Vacuum forming (prop___puppet fabrication)	0.44	Low-frequency unresolved label requiring editorial judgment.	pages/Upconverter (signal processing).md:18
video-standard	Video standard	REVIEW	low	1	no	1	Vacuum hold-down (hobbyist technique)	0.27	Low-frequency unresolved label requiring editorial judgment.	pages/Rate (frame rate).md:7
video-village-set-monitor-area	Video village (set monitor area)	REVIEW	low	1	no	1	Vanishing point	0.29	Low-frequency unresolved label requiring editorial judgment.	pages/Dictionary — V.md:22
viewfinder	Viewfinder	REVIEW	low	1	no	1		0.00	Low-frequency unresolved label requiring editorial judgment.	pages/Dictionary — V.md:23
viewing-angle	Viewing angle	REVIEW	low	1	no	1	Vanishing point	0.50	Low-frequency unresolved label requiring editorial judgment.	pages/Dictionary — V.md:24
vignetting-lens-shading	Vignetting (lens shading)	REVIEW	low	1	no	1		0.00	Low-frequency unresolved label requiring editorial judgment.	pages/Dictionary — V.md:25
violence-staged-action-film-rating	Violence (staged action, film rating)	REVIEW	low	1	no	1	Value	0.46	Low-frequency unresolved label requiring editorial judgment.	pages/Dictionary — V.md:26
virtual-camera-cgi	Virtual camera (CGI)	REVIEW	low	1	no	1	Vacuum tube mic	0.34	Low-frequency unresolved label requiring editorial judgment.	pages/Dictionary — V.md:27
virtual-puppeteering	Virtual Puppeteering	REVIEW	low	1	no	1	Vanishing point	0.29	Low-frequency unresolved label requiring editorial judgment.	pages/Haptic Feedback (Animation Controls).md:10
virtual-set-vfx	Virtual set (VFX)	REVIEW	low	1	no	1	Vacuum forming (prop___puppet fabrication)	0.16	Low-frequency unresolved label requiring editorial judgment.	pages/Dictionary — V.md:29
visual	Visual	REVIEW	low	1	no	1	Value	0.55	Low-frequency unresolved label requiring editorial judgment.	pages/Audiovisual.md:6
visual-continuity	Visual continuity	REVIEW	low	1	no	1	Vanishing point	0.44	Low-frequency unresolved label requiring editorial judgment.	pages/Narrative continuity.md:6
visual-development-concept-art	Visual development (concept art)	REVIEW	low	1	no	1	Vanishing point	0.42	Low-frequency unresolved label requiring editorial judgment.	pages/Dictionary — V.md:30
visual-effect-vfx	Visual effect (VFX)	REVIEW	low	1	no	1	Vanishing point	0.36	Low-frequency unresolved label requiring editorial judgment.	pages/Dictionary — V.md:31
visual-effects	Visual effects	REVIEW	low	1	no	1	Vanishing point	0.34	Low-frequency unresolved label requiring editorial judgment.	pages/Practical effect.md:13
visual-identity	Visual Identity	REVIEW	low	1	no	1	Vanishing point	0.47	Low-frequency unresolved label requiring editorial judgment.	pages/Key art (marketing imagery).md:12
visual-metaphor-storytelling	Visual metaphor (storytelling)	REVIEW	low	1	no	1	Vacuum forming (prop___puppet fabrication)	0.34	Low-frequency unresolved label requiring editorial judgment.	pages/Dictionary — V.md:32
visual-noise-image-clutter	Visual noise (image clutter)	REVIEW	low	1	no	1	Vanishing point	0.44	Low-frequency unresolved label requiring editorial judgment.	pages/Dictionary — V.md:33
visual-reference	Visual reference	REVIEW	low	1	no	1	Vanishing point	0.32	Low-frequency unresolved label requiring editorial judgment.	pages/Quotation (intertextual reference).md:7
visual-rhythm	Visual rhythm	REVIEW	low	1	no	1	Vanishing point	0.36	Low-frequency unresolved label requiring editorial judgment.	pages/Repetition (design principle).md:7
visual-rhythm-editing-animation	Visual rhythm (editing/animation)	REVIEW	low	1	no	1	Vanishing point	0.36	Low-frequency unresolved label requiring editorial judgment.	pages/Dictionary — V.md:34
visual-style	Visual style	REVIEW	low	1	no	1	Vanishing point	0.37	Low-frequency unresolved label requiring editorial judgment.	pages/Dictionary — V.md:36
voice-acting	Voice acting	REVIEW	low	1	no	1	Vacuum forming (prop___puppet fabrication)	0.46	Low-frequency unresolved label requiring editorial judgment.	pages/Dictionary — V.md:37
voiceover-vo	Voiceover (VO)	REVIEW	low	1	no	1		0.00	Low-frequency unresolved label requiring editorial judgment.	pages/Dictionary — V.md:38
volume-3d-space-in-composition	Volume (3D space in composition)	REVIEW	low	1	no	1	Value	0.73	Low-frequency unresolved label requiring editorial judgment.	pages/Dictionary — V.md:39
volume-light-cgi-fog-effect	Volume light (CGI/fog effect)	REVIEW	low	1	no	1	Vacuum forming (prop___puppet fabrication)	0.46	Low-frequency unresolved label requiring editorial judgment.	pages/Dictionary — V.md:40
volumetric-capture	Volumetric capture	REVIEW	low	1	no	1	Vacuum tube mic	0.36	Low-frequency unresolved label requiring editorial judgment.	pages/Dictionary — V.md:41
volumetric-lighting	Volumetric lighting	REVIEW	low	1	no	1	Vanishing point	0.35	Low-frequency unresolved label requiring editorial judgment.	pages/Dictionary — V.md:42
vox-pop-interview-footage	Vox pop (interview footage)	REVIEW	low	1	no	1	Value	0.17	Low-frequency unresolved label requiring editorial judgment.	pages/Dictionary — V.md:43
vr-virtual-reality	VR (virtual reality)	REVIEW	low	1	no	1	Value	0.29	Low-frequency unresolved label requiring editorial judgment.	pages/Dictionary — V.md:44
vr-headset	VR headset	REVIEW	low	1	no	1		0.00	Low-frequency unresolved label requiring editorial judgment.	pages/Dictionary — V.md:45
vr180-stereo-video	VR180 (stereo video)	REVIEW	low	1	no	1	Value	0.20	Low-frequency unresolved label requiring editorial judgment.	pages/Dictionary — V.md:46
vr360-immersive-video	VR360 (immersive video)	REVIEW	low	1	no	1	Value	0.20	Low-frequency unresolved label requiring editorial judgment.	pages/Dictionary — V.md:47
vtr-video-tape-recorder-legacy	VTR (video tape recorder, legacy)	REVIEW	low	1	no	1	Value	0.25	Low-frequency unresolved label requiring editorial judgment.	pages/Dictionary — V.md:48
vu-meter-audio-level	VU meter (audio level)	REVIEW	low	1	no	1	Value	0.46	Low-frequency unresolved label requiring editorial judgment.	pages/Dictionary — V.md:49
walk-cycle-animation-principle	Walk cycle (animation principle)	REVIEW	low	1	no	1		0.00	Low-frequency unresolved label requiring editorial judgment.	pages/Dictionary — W.md:1
wall-spreader-grip-rigging	Wall spreader (grip rigging)	REVIEW	low	1	no	1		0.00	Low-frequency unresolved label requiring editorial judgment.	pages/Dictionary — W.md:2
wardrobe	Wardrobe	REVIEW	low	1	no	1		0.00	Low-frequency unresolved label requiring editorial judgment.	pages/Quick change (costume___prop).md:13
wardrobe-costume-department	Wardrobe (costume department)	REVIEW	low	1	no	1		0.00	Low-frequency unresolved label requiring editorial judgment.	pages/Dictionary — W.md:3
wardrobe-supervisor	Wardrobe supervisor	REVIEW	low	1	no	1		0.00	Low-frequency unresolved label requiring editorial judgment.	pages/Quartermaster (prop___wardrobe role, historical).md:13
wardrobe-test-costume-fitting	Wardrobe test (costume fitting)	REVIEW	low	1	no	1		0.00	Low-frequency unresolved label requiring editorial judgment.	pages/Dictionary — W.md:49
warm-light-color-temperature	Warm light (color temperature)	REVIEW	low	1	no	1		0.00	Low-frequency unresolved label requiring editorial judgment.	pages/Dictionary — W.md:4
warm-cool-contrast-lighting-design	Warm/cool contrast (lighting design)	REVIEW	low	1	no	1		0.00	Low-frequency unresolved label requiring editorial judgment.	pages/Dictionary — W.md:50
wash-broad-light	Wash (broad light)	REVIEW	low	1	no	1		0.00	Low-frequency unresolved label requiring editorial judgment.	pages/Dictionary — W.md:5
waste-footage-unused-takes	Waste footage (unused takes)	REVIEW	low	1	no	1		0.00	Low-frequency unresolved label requiring editorial judgment.	pages/Dictionary — W.md:6
watchthrough-review-screening	Watchthrough (review screening)	REVIEW	low	1	no	1		0.00	Low-frequency unresolved label requiring editorial judgment.	pages/Dictionary — W.md:7
water-effects	Water effects	REVIEW	low	1	no	1		0.00	Low-frequency unresolved label requiring editorial judgment.	pages/Refraction (lens effect).md:7
wavelength-color-science	Wavelength (color science)	REVIEW	low	1	no	1		0.00	Low-frequency unresolved label requiring editorial judgment.	pages/Dictionary — W.md:10
wavetable-sound-design	Wavetable (sound design)	REVIEW	low	1	no	1		0.00	Low-frequency unresolved label requiring editorial judgment.	pages/Dictionary — W.md:9
wax-model-puppet-material	Wax (model/puppet material)	REVIEW	low	1	no	1		0.00	Low-frequency unresolved label requiring editorial judgment.	pages/Dictionary — W.md:11
weathering-set-prop-aging	Weathering (set/prop aging)	REVIEW	low	1	no	1		0.00	Low-frequency unresolved label requiring editorial judgment.	pages/Dictionary — W.md:12
web-series	Web series	REVIEW	low	1	no	1		0.00	Low-frequency unresolved label requiring editorial judgment.	pages/Dictionary — W.md:13
wedge-test-lighting-exposure-test	Wedge test (lighting/exposure test)	REVIEW	low	1	no	1		0.00	Low-frequency unresolved label requiring editorial judgment.	pages/Dictionary — W.md:47
weight-shift-puppet-animation	Weight shift (puppet animation)	REVIEW	low	1	no	1		0.00	Low-frequency unresolved label requiring editorial judgment.	pages/Dictionary — W.md:14
wet-gate-film-scanning	Wet gate (film scanning)	REVIEW	low	1	no	1		0.00	Low-frequency unresolved label requiring editorial judgment.	pages/Dictionary — W.md:15
whip-pan-fast-pan-move	Whip pan (fast pan move)	REVIEW	low	1	no	1		0.00	Low-frequency unresolved label requiring editorial judgment.	pages/Dictionary — W.md:16
whip-zoom	Whip zoom	REVIEW	low	1	no	1		0.00	Low-frequency unresolved label requiring editorial judgment.	pages/Dictionary — W.md:17
whisper-track-low-level-audio	Whisper track (low-level audio)	REVIEW	low	1	no	1		0.00	Low-frequency unresolved label requiring editorial judgment.	pages/Dictionary — W.md:48
white-card-lighting-reference	White card (lighting reference)	REVIEW	low	1	no	1		0.00	Low-frequency unresolved label requiring editorial judgment.	pages/Dictionary — W.md:19
white-clip-signal-limit	White clip (signal limit)	REVIEW	low	1	no	1		0.00	Low-frequency unresolved label requiring editorial judgment.	pages/Dictionary — W.md:20
white-noise-audio	White noise (audio)	REVIEW	low	1	no	1		0.00	Low-frequency unresolved label requiring editorial judgment.	pages/Dictionary — W.md:21
wide-dynamic-range-wdr	Wide dynamic range (WDR)	REVIEW	low	1	no	1		0.00	Low-frequency unresolved label requiring editorial judgment.	pages/Dictionary — W.md:51
wide-shot-ws	Wide shot (WS)	REVIEW	low	1	no	1		0.00	Low-frequency unresolved label requiring editorial judgment.	pages/Dictionary — W.md:23
widescreen	Widescreen	REVIEW	low	1	no	1		0.00	Low-frequency unresolved label requiring editorial judgment.	pages/Dictionary — W.md:24
wiki-philosophy	Wiki Philosophy	REVIEW	low	1	no	1		0.00	Low-frequency unresolved label requiring editorial judgment.	pages/LIMNMEDIA Stop-Motion Wiki Overview.md:49
wild-track-audio-recording	Wild track (audio recording)	REVIEW	low	1	no	1		0.00	Low-frequency unresolved label requiring editorial judgment.	pages/Dictionary — W.md:25
wind-machine-fx	Wind machine (FX)	REVIEW	low	1	no	1		0.00	Low-frequency unresolved label requiring editorial judgment.	pages/Dictionary — W.md:26
wind-up-camera-bolex-style	Wind-up camera (Bolex style)	REVIEW	low	1	no	1		0.00	Low-frequency unresolved label requiring editorial judgment.	pages/Dictionary — W.md:27
wipe-transition	Wipe Transition	REVIEW	low	1	no	1		0.00	Low-frequency unresolved label requiring editorial judgment.	pages/Hyperspace Wipe (Transition Effect).md:10
wire-removal	Wire removal	REVIEW	low	1	no	1		0.00	Low-frequency unresolved label requiring editorial judgment.	pages/Pole rig (puppet support).md:13
wire-removal-vfx	Wire removal (VFX)	REVIEW	low	1	no	1		0.00	Low-frequency unresolved label requiring editorial judgment.	pages/Dictionary — W.md:28
wire-rig-puppet-support	Wire rig (puppet support)	REVIEW	low	1	no	1		0.00	Low-frequency unresolved label requiring editorial judgment.	pages/Dictionary — W.md:29
wireless-microphone	Wireless microphone	REVIEW	low	1	no	1		0.00	Low-frequency unresolved label requiring editorial judgment.	pages/Radio mic.md:7
witness-camera-motion-control-reference	Witness camera (motion control reference)	REVIEW	low	1	no	1		0.00	Low-frequency unresolved label requiring editorial judgment.	pages/Dictionary — W.md:30
wobble-camera-shake-effect	Wobble (camera shake effect)	REVIEW	low	1	no	1		0.00	Low-frequency unresolved label requiring editorial judgment.	pages/Dictionary — W.md:31
workflow-production-pipeline	Workflow (production pipeline)	REVIEW	low	1	no	1		0.00	Low-frequency unresolved label requiring editorial judgment.	pages/Dictionary — W.md:33
working-print-film-editing	Working print (film editing)	REVIEW	low	1	no	1		0.00	Low-frequency unresolved label requiring editorial judgment.	pages/Dictionary — W.md:32
workprint-animation-film	Workprint (animation/film)	REVIEW	low	1	no	1		0.00	Low-frequency unresolved label requiring editorial judgment.	pages/Dictionary — W.md:34
workspace-editing-software	Workspace (editing software)	REVIEW	low	1	no	1		0.00	Low-frequency unresolved label requiring editorial judgment.	pages/Dictionary — W.md:35
wrap-end-of-shoot-call	Wrap (end of shoot call)	REVIEW	low	1	no	1		0.00	Low-frequency unresolved label requiring editorial judgment.	pages/Dictionary — W.md:36
wrap-party	Wrap party	REVIEW	low	1	no	1		0.00	Low-frequency unresolved label requiring editorial judgment.	pages/Dictionary — W.md:37
wraparound-set-design	Wraparound (set design)	REVIEW	low	1	no	1		0.00	Low-frequency unresolved label requiring editorial judgment.	pages/Dictionary — W.md:38
wreckage-set-miniature-effect	Wreckage set (miniature effect)	REVIEW	low	1	no	1		0.00	Low-frequency unresolved label requiring editorial judgment.	pages/Dictionary — W.md:39
wrist-joint-armature	Wrist joint (armature)	REVIEW	low	1	no	1		0.00	Low-frequency unresolved label requiring editorial judgment.	pages/Dictionary — W.md:40
write-on-animation-effect	Write-on (animation effect)	REVIEW	low	1	no	1		0.00	Low-frequency unresolved label requiring editorial judgment.	pages/Dictionary — W.md:41
writer-s-block-creative-process	Writer’s block (creative process)	REVIEW	low	1	no	1		0.00	Low-frequency unresolved label requiring editorial judgment.	pages/Dictionary — W.md:42
writing-room-script-development	Writing room (script development)	REVIEW	low	1	no	1		0.00	Low-frequency unresolved label requiring editorial judgment.	pages/Dictionary — W.md:43
wrought-iron-prop-set-material	Wrought iron (prop/set material)	REVIEW	low	1	no	1		0.00	Low-frequency unresolved label requiring editorial judgment.	pages/Dictionary — W.md:44
wtf-cut-jarring-edit	WTF cut (jarring edit)	REVIEW	low	1	no	1		0.00	Low-frequency unresolved label requiring editorial judgment.	pages/Dictionary — W.md:45
wysiwyg-software-interface	WYSIWYG (software interface)	REVIEW	low	1	no	1		0.00	Low-frequency unresolved label requiring editorial judgment.	pages/Dictionary — W.md:46
x-key-keyboard-shortcut-editing-animation-software	X key (keyboard shortcut, editing/animation software)	REVIEW	low	1	no	1		0.00	Low-frequency unresolved label requiring editorial judgment.	pages/Dictionary — X.md:18
x-acto-knife-prop-set-tool	X-acto knife (prop/set tool)	REVIEW	low	1	no	1		0.00	Low-frequency unresolved label requiring editorial judgment.	pages/Dictionary — X.md:1
x-axis-camera-animation-movement	X-axis (camera/animation movement)	REVIEW	low	1	no	1		0.00	Low-frequency unresolved label requiring editorial judgment.	pages/Dictionary — X.md:2
x-axis-lock-rig-control	X-axis lock (rig control)	REVIEW	low	1	no	1		0.00	Low-frequency unresolved label requiring editorial judgment.	pages/Dictionary — X.md:22
x-cam-secondary-witness-camera	X-cam (secondary witness camera)	REVIEW	low	1	no	1		0.00	Low-frequency unresolved label requiring editorial judgment.	pages/Dictionary — X.md:25
x-dolly-multi-axis-camera-dolly	X-dolly (multi-axis camera dolly)	REVIEW	low	1	no	1		0.00	Low-frequency unresolved label requiring editorial judgment.	pages/Dictionary — X.md:16
x-frame-cross-brace-in-set-rigging	X-frame (cross brace in set rigging)	REVIEW	low	1	no	1		0.00	Low-frequency unresolved label requiring editorial judgment.	pages/Dictionary — X.md:23
x-gate-camera-aperture-element	X-gate (camera aperture element)	REVIEW	low	1	no	1		0.00	Low-frequency unresolved label requiring editorial judgment.	pages/Dictionary — X.md:15
x-hatch-crosshatching-for-shading	X-hatch (crosshatching for shading)	REVIEW	low	1	no	1		0.00	Low-frequency unresolved label requiring editorial judgment.	pages/Dictionary — X.md:17
x-lens-experimental-optical-element	X-lens (experimental optical element)	REVIEW	low	1	no	1		0.00	Low-frequency unresolved label requiring editorial judgment.	pages/Dictionary — X.md:28
x-model-experimental-maquette	X-model (experimental maquette)	REVIEW	low	1	no	1		0.00	Low-frequency unresolved label requiring editorial judgment.	pages/Dictionary — X.md:24
x-overs-crossover-edit-montage	X-overs (crossover edit/montage)	REVIEW	low	1	no	1		0.00	Low-frequency unresolved label requiring editorial judgment.	pages/Dictionary — X.md:26
x-pose-neutral-puppet-rig-pose	X-pose (neutral puppet/rig pose)	REVIEW	low	1	no	1		0.00	Low-frequency unresolved label requiring editorial judgment.	pages/Dictionary — X.md:21
x-position-coordinate-system-term	X-position (coordinate system term)	REVIEW	low	1	no	1		0.00	Low-frequency unresolved label requiring editorial judgment.	pages/Dictionary — X.md:29
x-ray-effect-visual-gimmick	X-ray effect (visual gimmick)	REVIEW	low	1	no	1		0.00	Low-frequency unresolved label requiring editorial judgment.	pages/Dictionary — X.md:8
x-ray-film-archival-material	X-ray film (archival material)	REVIEW	low	1	no	1		0.00	Low-frequency unresolved label requiring editorial judgment.	pages/Dictionary — X.md:9
x-ray-lighting-backlit-silhouette	X-ray lighting (backlit silhouette)	REVIEW	low	1	no	1		0.00	Low-frequency unresolved label requiring editorial judgment.	pages/Dictionary — X.md:10
x-render-experimental-render-pass	X-render (experimental render pass)	REVIEW	low	1	no	1		0.00	Low-frequency unresolved label requiring editorial judgment.	pages/Dictionary — X.md:30
x-sheet	X-sheet	REVIEW	low	1	no	1		0.00	Low-frequency unresolved label requiring editorial judgment.	pages/Dope Sheet (Exposure Sheet, X-Sheet).md:5
x-sheet-exposure-sheet-in-animation	X-sheet (exposure sheet in animation)	REVIEW	low	1	no	1		0.00	Low-frequency unresolved label requiring editorial judgment.	pages/Dictionary — X.md:3
x-sheet-timing-stop-motion-planning	X-sheet timing (stop-motion planning)	REVIEW	low	1	no	1		0.00	Low-frequency unresolved label requiring editorial judgment.	pages/Dictionary — X.md:19
x-shot-placeholder-framing-in-storyboards	X-shot (placeholder framing in storyboards)	REVIEW	low	1	no	1		0.00	Low-frequency unresolved label requiring editorial judgment.	pages/Dictionary — X.md:20
x-synchronization-flash-sync	X-synchronization (flash sync)	REVIEW	low	1	no	1		0.00	Low-frequency unresolved label requiring editorial judgment.	pages/Dictionary — X.md:11
x-title-placeholder-title-card	X-title (placeholder title card)	REVIEW	low	1	no	1		0.00	Low-frequency unresolved label requiring editorial judgment.	pages/Dictionary — X.md:31
xenography-experimental-animation	Xenography (experimental animation)	REVIEW	low	1	no	1		0.00	Low-frequency unresolved label requiring editorial judgment.	pages/Dictionary — X.md:12
xenolith-texture-inspiration-design-reference	Xenolith (texture inspiration, design reference)	REVIEW	low	1	no	1		0.00	Low-frequency unresolved label requiring editorial judgment.	pages/Dictionary — X.md:27
xenon-lamp-projection-lighting	Xenon lamp (projection/lighting)	REVIEW	low	1	no	1		0.00	Low-frequency unresolved label requiring editorial judgment.	pages/Dictionary — X.md:4
xenon-strobe-special-effect	Xenon strobe (special effect)	REVIEW	low	1	no	1		0.00	Low-frequency unresolved label requiring editorial judgment.	pages/Dictionary — X.md:5
xerography-2d-animation-reproduction	Xerography (2D animation reproduction)	REVIEW	low	1	no	1		0.00	Low-frequency unresolved label requiring editorial judgment.	pages/Dictionary — X.md:13
xeroxed-storyboard-pre-digital-workflow	Xeroxed storyboard (pre-digital workflow)	REVIEW	low	1	no	1		0.00	Low-frequency unresolved label requiring editorial judgment.	pages/Dictionary — X.md:14
xlr-adapter-sound-gear	XLR adapter (sound gear)	REVIEW	low	1	no	1		0.00	Low-frequency unresolved label requiring editorial judgment.	pages/Dictionary — X.md:7
xlr-cable	XLR cable	REVIEW	low	1	no	1		0.00	Low-frequency unresolved label requiring editorial judgment.	pages/Phantom power (microphones).md:12
xlr-cable-audio-connection	XLR cable (audio connection)	REVIEW	low	1	no	1		0.00	Low-frequency unresolved label requiring editorial judgment.	pages/Dictionary — X.md:6
y-axis-camera-animation-movement	Y-axis (camera/animation movement)	REVIEW	low	1	no	1		0.00	Low-frequency unresolved label requiring editorial judgment.	pages/Dictionary — Y.md:1
y-axis-lock-rig-control	Y-axis lock (rig control)	REVIEW	low	1	no	1		0.00	Low-frequency unresolved label requiring editorial judgment.	pages/Dictionary — Y.md:24
y-axis-rotation-camera-movement	Y-axis rotation (camera movement)	REVIEW	low	1	no	1		0.00	Low-frequency unresolved label requiring editorial judgment.	pages/Dictionary — Y.md:25
y-axis-translation-movement-in-3d-2d	Y-axis translation (movement in 3D/2D)	REVIEW	low	1	no	1		0.00	Low-frequency unresolved label requiring editorial judgment.	pages/Dictionary — Y.md:50
y-balance-color-correction-axis	Y-balance (color correction axis)	REVIEW	low	1	no	1		0.00	Low-frequency unresolved label requiring editorial judgment.	pages/Dictionary — Y.md:4
y-balance-correction-grading-term	Y-balance correction (grading term)	REVIEW	low	1	no	1		0.00	Low-frequency unresolved label requiring editorial judgment.	pages/Dictionary — Y.md:44
y-cable-sound-connection	Y-cable (sound connection)	REVIEW	low	1	no	1		0.00	Low-frequency unresolved label requiring editorial judgment.	pages/Dictionary — Y.md:3
y-channel-luminance-in-yuv	Y-channel (luminance in YUV)	REVIEW	low	1	no	1		0.00	Low-frequency unresolved label requiring editorial judgment.	pages/Dictionary — Y.md:5
y-connector-power-or-cable-split	Y-connector (power or cable split)	REVIEW	low	1	no	1		0.00	Low-frequency unresolved label requiring editorial judgment.	pages/Dictionary — Y.md:34
y-curve-exposure-response	Y-curve (exposure response)	REVIEW	low	1	no	1		0.00	Low-frequency unresolved label requiring editorial judgment.	pages/Dictionary — Y.md:48
y-cut-editing-scene-interruption	Y-cut (editing, scene interruption)	REVIEW	low	1	no	1		0.00	Low-frequency unresolved label requiring editorial judgment.	pages/Dictionary — Y.md:33
y-shaped-rig-puppet-support	Y-shaped rig (puppet support)	REVIEW	low	1	no	1		0.00	Low-frequency unresolved label requiring editorial judgment.	pages/Dictionary — Y.md:49
y-splitter-audio-video-cable	Y-splitter (audio/video cable)	REVIEW	low	1	no	1		0.00	Low-frequency unresolved label requiring editorial judgment.	pages/Dictionary — Y.md:2
yard-grid-scale-planning-for-large-sets	Yard grid (scale planning for large sets)	REVIEW	low	1	no	1		0.00	Low-frequency unresolved label requiring editorial judgment.	pages/Dictionary — Y.md:45
yard-sale-aesthetic-set-dressing	Yard sale aesthetic (set dressing)	REVIEW	low	1	no	1		0.00	Low-frequency unresolved label requiring editorial judgment.	pages/Dictionary — Y.md:43
yardage-fabric-for-costumes-sets	Yardage (fabric for costumes/sets)	REVIEW	low	1	no	1		0.00	Low-frequency unresolved label requiring editorial judgment.	pages/Dictionary — Y.md:22
yardstick-scale-measurement-tool	Yardstick (scale/measurement tool)	REVIEW	low	1	no	1		0.00	Low-frequency unresolved label requiring editorial judgment.	pages/Dictionary — Y.md:28
yarn-puppet-hair-prop-material	Yarn (puppet hair/prop material)	REVIEW	low	1	no	1		0.00	Low-frequency unresolved label requiring editorial judgment.	pages/Dictionary — Y.md:20
yarn-armature-wrap-stop-motion-technique	Yarn armature wrap (stop-motion technique)	REVIEW	low	1	no	1		0.00	Low-frequency unresolved label requiring editorial judgment.	pages/Dictionary — Y.md:21
yarn-puppet-craft-animation	Yarn puppet (craft animation)	REVIEW	low	1	no	1		0.00	Low-frequency unresolved label requiring editorial judgment.	pages/Dictionary — Y.md:26
yarn-stop-motion-test	Yarn stop-motion test	REVIEW	low	1	no	1		0.00	Low-frequency unresolved label requiring editorial judgment.	pages/Dictionary — Y.md:47
yarn-test-lighting-focus-reference	Yarn test (lighting/focus reference)	REVIEW	low	1	no	1		0.00	Low-frequency unresolved label requiring editorial judgment.	pages/Dictionary — Y.md:23
yarnboard-storyboard-pinned-with-yarn	Yarnboard (storyboard pinned with yarn)	REVIEW	low	1	no	1		0.00	Low-frequency unresolved label requiring editorial judgment.	pages/Dictionary — Y.md:27
yaw-camera-rotation	Yaw (camera rotation)	REVIEW	low	1	no	1		0.00	Low-frequency unresolved label requiring editorial judgment.	pages/Dictionary — Y.md:30
yaw-axis-gimbal	Yaw axis (gimbal)	REVIEW	low	1	no	1		0.00	Low-frequency unresolved label requiring editorial judgment.	pages/Dictionary — Y.md:31
yaw-lock-stabilization	Yaw lock (stabilization)	REVIEW	low	1	no	1		0.00	Low-frequency unresolved label requiring editorial judgment.	pages/Dictionary — Y.md:32
ycbcr-digital-video-color-encoding	YCbCr (digital video color encoding)	REVIEW	low	1	no	1		0.00	Low-frequency unresolved label requiring editorial judgment.	pages/Dictionary — Y.md:7
year-slate-archival-labeling	Year slate (archival labeling)	REVIEW	low	1	no	1		0.00	Low-frequency unresolved label requiring editorial judgment.	pages/Dictionary — Y.md:35
year-end-reel-portfolio-summary	Year-end reel (portfolio summary)	REVIEW	low	1	no	1		0.00	Low-frequency unresolved label requiring editorial judgment.	pages/Dictionary — Y.md:36
yelling-track-adr-voice-performance	Yelling track (ADR/voice performance)	REVIEW	low	1	no	1		0.00	Low-frequency unresolved label requiring editorial judgment.	pages/Dictionary — Y.md:37
yellow-card-prop-costume-color-note	Yellow card (prop/costume color note)	REVIEW	low	1	no	1		0.00	Low-frequency unresolved label requiring editorial judgment.	pages/Dictionary — Y.md:11
yellow-filter-b-w-photography	Yellow filter (B&W photography)	REVIEW	low	1	no	1		0.00	Low-frequency unresolved label requiring editorial judgment.	pages/Dictionary — Y.md:9
yellow-light-warm-color-temperature	Yellow light (warm color temperature)	REVIEW	low	1	no	1		0.00	Low-frequency unresolved label requiring editorial judgment.	pages/Dictionary — Y.md:12
yellow-screen-legacy-compositing	Yellow screen (legacy compositing)	REVIEW	low	1	no	1		0.00	Low-frequency unresolved label requiring editorial judgment.	pages/Dictionary — Y.md:10
yellowing-aging-of-film-stock-props	Yellowing (aging of film stock/props)	REVIEW	low	1	no	1		0.00	Low-frequency unresolved label requiring editorial judgment.	pages/Dictionary — Y.md:38
yield-production-scheduling-term	Yield (production scheduling term)	REVIEW	low	1	no	1		0.00	Low-frequency unresolved label requiring editorial judgment.	pages/Dictionary — Y.md:13
yield-curve-post-schedule-production-efficiency	Yield curve (post schedule/production efficiency)	REVIEW	low	1	no	1		0.00	Low-frequency unresolved label requiring editorial judgment.	pages/Dictionary — Y.md:29
yield-sign-prop-set-dressing	Yield sign prop (set dressing)	REVIEW	low	1	no	1		0.00	Low-frequency unresolved label requiring editorial judgment.	pages/Dictionary — Y.md:46
yiq-analog-video-encoding	YIQ (analog video encoding)	REVIEW	low	1	no	1		0.00	Low-frequency unresolved label requiring editorial judgment.	pages/Dictionary — Y.md:8
yoke-lighting-mount	Yoke (lighting mount)	REVIEW	low	1	no	1		0.00	Low-frequency unresolved label requiring editorial judgment.	pages/Dictionary — Y.md:14
yoke-mount-lamp-hardware	Yoke mount (lamp hardware)	REVIEW	low	1	no	1		0.00	Low-frequency unresolved label requiring editorial judgment.	pages/Dictionary — Y.md:39
yolk-effect-center-weighted-light	Yolk effect (center-weighted light)	REVIEW	low	1	no	1		0.00	Low-frequency unresolved label requiring editorial judgment.	pages/Dictionary — Y.md:15
young-audience-target-demographic	Young audience (target demographic)	REVIEW	low	1	no	1		0.00	Low-frequency unresolved label requiring editorial judgment.	pages/Dictionary — Y.md:40
young-s-modulus-armature-wire-property	Young’s modulus (armature wire property)	REVIEW	low	1	no	1		0.00	Low-frequency unresolved label requiring editorial judgment.	pages/Dictionary — Y.md:16
youth-culture-media-theme	Youth culture (media theme)	REVIEW	low	1	no	1		0.00	Low-frequency unresolved label requiring editorial judgment.	pages/Dictionary — Y.md:41
youtube-distribution-platform	YouTube (distribution platform)	REVIEW	low	1	no	1		0.00	Low-frequency unresolved label requiring editorial judgment.	pages/Dictionary — Y.md:17
youtube-algorithm-audience-reach	YouTube algorithm (audience reach)	REVIEW	low	1	no	1		0.00	Low-frequency unresolved label requiring editorial judgment.	pages/Dictionary — Y.md:19
youtube-shorts-vertical-content	YouTube Shorts (vertical content)	REVIEW	low	1	no	1		0.00	Low-frequency unresolved label requiring editorial judgment.	pages/Dictionary — Y.md:18
ytterbium-lamp-special-lighting	Ytterbium lamp (special lighting)	REVIEW	low	1	no	1		0.00	Low-frequency unresolved label requiring editorial judgment.	pages/Dictionary — Y.md:42
yuv-color-space	YUV color space	REVIEW	low	1	no	1		0.00	Low-frequency unresolved label requiring editorial judgment.	pages/Dictionary — Y.md:6
z-axis-camera-animation-movement	Z-axis (camera/animation movement)	REVIEW	low	1	no	1		0.00	Low-frequency unresolved label requiring editorial judgment.	pages/Dictionary — Z.md:1
z-axis-lock-rig-control	Z-axis lock (rig control)	REVIEW	low	1	no	1		0.00	Low-frequency unresolved label requiring editorial judgment.	pages/Dictionary — Z.md:2
z-axis-rig-stop-motion-camera-move	Z-axis rig (stop-motion camera move)	REVIEW	low	1	no	1		0.00	Low-frequency unresolved label requiring editorial judgment.	pages/Dictionary — Z.md:46
z-axis-rotation-3d-rotation	Z-axis rotation (3D rotation)	REVIEW	low	1	no	1		0.00	Low-frequency unresolved label requiring editorial judgment.	pages/Dictionary — Z.md:45
z-axis-translation-3d-movement	Z-axis translation (3D movement)	REVIEW	low	1	no	1		0.00	Low-frequency unresolved label requiring editorial judgment.	pages/Dictionary — Z.md:44
z-buffer-3d-rendering	Z-buffer (3D rendering)	REVIEW	low	1	no	1		0.00	Low-frequency unresolved label requiring editorial judgment.	pages/Dictionary — Z.md:3
z-cam-witness-camera-secondary-view	Z-cam (witness camera/secondary view)	REVIEW	low	1	no	1		0.00	Low-frequency unresolved label requiring editorial judgment.	pages/Dictionary — Z.md:14
z-depth-render-pass	Z-depth (render pass)	REVIEW	low	1	no	1		0.00	Low-frequency unresolved label requiring editorial judgment.	pages/Dictionary — Z.md:4
z-fighting-3d-artifact	Z-fighting (3D artifact)	REVIEW	low	1	no	1		0.00	Low-frequency unresolved label requiring editorial judgment.	pages/Dictionary — Z.md:5
z-key-keyboard-shortcut	Z-key (keyboard shortcut)	REVIEW	low	1	no	1		0.00	Low-frequency unresolved label requiring editorial judgment.	pages/Dictionary — Z.md:6
z-lens-experimental-optical-element	Z-lens (experimental optical element)	REVIEW	low	1	no	1		0.00	Low-frequency unresolved label requiring editorial judgment.	pages/Dictionary — Z.md:7
z-level-layer-depth-in-2d-3d	Z-level (layer depth in 2D/3D)	REVIEW	low	1	no	1		0.00	Low-frequency unresolved label requiring editorial judgment.	pages/Dictionary — Z.md:50
z-plane-compositing-depth	Z-plane (compositing depth)	REVIEW	low	1	no	1		0.00	Low-frequency unresolved label requiring editorial judgment.	pages/Dictionary — Z.md:8
z-roll-camera-rotation	Z-roll (camera rotation)	REVIEW	low	1	no	1		0.00	Low-frequency unresolved label requiring editorial judgment.	pages/Dictionary — Z.md:9
z-scale-miniature-measurement	Z-scale (miniature measurement)	REVIEW	low	1	no	1		0.00	Low-frequency unresolved label requiring editorial judgment.	pages/Dictionary — Z.md:10
z-space-after-effects-3d-workspace	Z-space (After Effects 3D workspace)	REVIEW	low	1	no	1		0.00	Low-frequency unresolved label requiring editorial judgment.	pages/Dictionary — Z.md:11
z-stack-focus-stacking-photography	Z-stack (focus stacking photography)	REVIEW	low	1	no	1		0.00	Low-frequency unresolved label requiring editorial judgment.	pages/Dictionary — Z.md:12
z-stop-lens-marking	Z-stop (lens marking)	REVIEW	low	1	no	1		0.00	Low-frequency unresolved label requiring editorial judgment.	pages/Dictionary — Z.md:13
zebra-stripes-exposure-monitoring	Zebra stripes (exposure monitoring)	REVIEW	low	1	no	1		0.00	Low-frequency unresolved label requiring editorial judgment.	pages/Dictionary — Z.md:15
zebrascope-exposure-monitor	Zebrascope (exposure monitor)	REVIEW	low	1	no	1		0.00	Low-frequency unresolved label requiring editorial judgment.	pages/Dictionary — Z.md:47
zenith-shot-camera-overhead	Zenith shot (camera overhead)	REVIEW	low	1	no	1		0.00	Low-frequency unresolved label requiring editorial judgment.	pages/Dictionary — Z.md:16
zeno-s-paradox-motion-theory-metaphor	Zeno’s paradox (motion theory metaphor)	REVIEW	low	1	no	1		0.00	Low-frequency unresolved label requiring editorial judgment.	pages/Dictionary — Z.md:48
zero-parallax-stereo-3d-camera-alignment	Zero parallax (stereo/3D camera alignment)	REVIEW	low	1	no	1		0.00	Low-frequency unresolved label requiring editorial judgment.	pages/Dictionary — Z.md:18
zero-point-calibration	Zero point (calibration)	REVIEW	low	1	no	1		0.00	Low-frequency unresolved label requiring editorial judgment.	pages/Dictionary — Z.md:17
zero-stop-mechanical-lens-limit	Zero stop (mechanical lens limit)	REVIEW	low	1	no	1		0.00	Low-frequency unresolved label requiring editorial judgment.	pages/Dictionary — Z.md:19
zeroing-out-rig-setup-reset	Zeroing out (rig setup reset)	REVIEW	low	1	no	1		0.00	Low-frequency unresolved label requiring editorial judgment.	pages/Dictionary — Z.md:20
zinc-oxide-screen-practical-fx	Zinc oxide screen (practical FX)	REVIEW	low	1	no	1		0.00	Low-frequency unresolved label requiring editorial judgment.	pages/Dictionary — Z.md:21
zip-pan-fast-camera-pan	Zip pan (fast camera pan)	REVIEW	low	1	no	1		0.00	Low-frequency unresolved label requiring editorial judgment.	pages/Dictionary — Z.md:22
zip-tone-screen-shading-effect	Zip tone (screen shading effect)	REVIEW	low	1	no	1		0.00	Low-frequency unresolved label requiring editorial judgment.	pages/Dictionary — Z.md:23
zip-zap-cut-jarring-edit	Zip zap cut (jarring edit)	REVIEW	low	1	no	1		0.00	Low-frequency unresolved label requiring editorial judgment.	pages/Dictionary — Z.md:24
zipline-rig-camera-move-system	Zipline rig (camera move system)	REVIEW	low	1	no	1		0.00	Low-frequency unresolved label requiring editorial judgment.	pages/Dictionary — Z.md:25
zone-system-exposure-method	Zone system (exposure method)	REVIEW	low	1	no	1		0.00	Low-frequency unresolved label requiring editorial judgment.	pages/Dictionary — Z.md:41
zoom-blur-vfx	Zoom blur (VFX)	REVIEW	low	1	no	1		0.00	Low-frequency unresolved label requiring editorial judgment.	pages/Dictionary — Z.md:27
zoom-creep-lens-drift	Zoom creep (lens drift)	REVIEW	low	1	no	1		0.00	Low-frequency unresolved label requiring editorial judgment.	pages/Dictionary — Z.md:39
zoom-in	Zoom in	REVIEW	low	1	no	1		0.00	Low-frequency unresolved label requiring editorial judgment.	pages/Dictionary — Z.md:36
zoom-motor-remote-lens-control	Zoom motor (remote lens control)	REVIEW	low	1	no	1		0.00	Low-frequency unresolved label requiring editorial judgment.	pages/Dictionary — Z.md:38
zoom-out	Zoom out	REVIEW	low	1	no	1		0.00	Low-frequency unresolved label requiring editorial judgment.	pages/Dictionary — Z.md:37
zoom-pull-dolly-zoom-vertigo-effect	Zoom pull (dolly zoom/Vertigo effect)	REVIEW	low	1	no	1		0.00	Low-frequency unresolved label requiring editorial judgment.	pages/Dictionary — Z.md:30
zoom-range	Zoom range	REVIEW	low	1	no	1		0.00	Low-frequency unresolved label requiring editorial judgment.	pages/Dictionary — Z.md:33
zoom-ratio	Zoom ratio	REVIEW	low	1	no	1		0.00	Low-frequency unresolved label requiring editorial judgment.	pages/Dictionary — Z.md:31
zoom-ring	Zoom ring	REVIEW	low	1	no	1		0.00	Low-frequency unresolved label requiring editorial judgment.	pages/Dictionary — Z.md:32
zoom-shot	Zoom shot	REVIEW	low	1	no	1		0.00	Low-frequency unresolved label requiring editorial judgment.	pages/Dictionary — Z.md:29
zoom-stop	Zoom stop	REVIEW	low	1	no	1		0.00	Low-frequency unresolved label requiring editorial judgment.	pages/Dictionary — Z.md:34
zoom-tracking-live-composite	Zoom tracking (live composite)	REVIEW	low	1	no	1		0.00	Low-frequency unresolved label requiring editorial judgment.	pages/Dictionary — Z.md:35
zoom-transition-editing-effect	Zoom transition (editing effect)	REVIEW	low	1	no	1		0.00	Low-frequency unresolved label requiring editorial judgment.	pages/Dictionary — Z.md:40
zoomorphic-design-creature-style	Zoomorphic design (creature style)	REVIEW	low	1	no	1		0.00	Low-frequency unresolved label requiring editorial judgment.	pages/Dictionary — Z.md:49
zoptic-front-projection-system	Zoptic (front projection system)	REVIEW	low	1	no	1		0.00	Low-frequency unresolved label requiring editorial judgment.	pages/Dictionary — Z.md:42
zorki-camera-historical-model	Zorki camera (historical model)	REVIEW	low	1	no	1		0.00	Low-frequency unresolved label requiring editorial judgment.	pages/Dictionary — Z.md:43
